Temperatura (°C),Cisnienie p (MPa),Gestosc ρ (kg/m³),Cieplo wlasciwe cp (kJ/(kg·K)),Przewodzenie ciepla λ·10^2 (W/(m·K)),Dyfuzyjnosc cieplna a·10^8 (m²/s),Lepkosc dynamiczna μ·10^6 (N·s/m²),Lepkosc kinematyczna ν·10^6 (m²/s),Rozszerzalnosc β·10^4 (1/K),Napiecie powierzchniowe σ·10^4 (N/m),Liczba Prandtla Pr (-)
0.01,0.00061,999.9,4.212,55.1,13.1,1788,1.789,-0.63,756.4,13.67
0.02,0.0006106206206,999.8997998,4.211978979,55.1023023,13.1006006,1787.517518,1.788516517,-0.6286686687,756.3851852,13.66584585
0.03,0.0006112412412,999.8995996,4.211957958,55.1046046,13.1012012,1787.035035,1.788033033,-0.6273373373,756.3703704,13.66169169
0.04,0.0006118618619,999.8993994,4.211936937,55.10690691,13.1018018,1786.552553,1.78754955,-0.626006006,756.3555556,13.65753754
0.05,0.0006124824825,999.8991992,4.211915916,55.10920921,13.1024024,1786.07007,1.787066066,-0.6246746747,756.3407407,13.65338338
0.06,0.0006131031031,999.898999,4.211894895,55.11151151,13.103003,1785.587588,1.786582583,-0.6233433433,756.3259259,13.64922923
0.07,0.0006137237237,999.8987988,4.211873874,55.11381381,13.1036036,1785.105105,1.786099099,-0.622012012,756.3111111,13.64507508
0.08,0.0006143443443,999.8985986,4.211852853,55.11611612,13.1042042,1784.622623,1.785615616,-0.6206806807,756.2962963,13.64092092
0.09,0.000614964965,999.8983984,4.211831832,55.11841842,13.1048048,1784.14014,1.785132132,-0.6193493493,756.2814815,13.63676677
0.1,0.0006155855856,999.8981982,4.211810811,55.12072072,13.10540541,1783.657658,1.784648649,-0.618018018,756.2666667,13.63261261
0.11,0.0006162062062,999.897998,4.21178979,55.12302302,13.10600601,1783.175175,1.784165165,-0.6166866867,756.2518519,13.62845846
0.12,0.0006168268268,999.8977978,4.211768769,55.12532533,13.10660661,1782.692693,1.783681682,-0.6153553554,756.237037,13.6243043
0.13,0.0006174474474,999.8975976,4.211747748,55.12762763,13.10720721,1782.21021,1.783198198,-0.614024024,756.2222222,13.62015015
0.14,0.0006180680681,999.8973974,4.211726727,55.12992993,13.10780781,1781.727728,1.782714715,-0.6126926927,756.2074074,13.615996
0.15,0.0006186886887,999.8971972,4.211705706,55.13223223,13.10840841,1781.245245,1.782231231,-0.6113613614,756.1925926,13.61184184
0.16,0.0006193093093,999.896997,4.211684685,55.13453453,13.10900901,1780.762763,1.781747748,-0.61003003,756.1777778,13.60768769
0.17,0.0006199299299,999.8967968,4.211663664,55.13683684,13.10960961,1780.28028,1.781264264,-0.6086986987,756.162963,13.60353353
0.18,0.0006205505506,999.8965966,4.211642643,55.13913914,13.11021021,1779.797798,1.780780781,-0.6073673674,756.1481481,13.59937938
0.19,0.0006211711712,999.8963964,4.211621622,55.14144144,13.11081081,1779.315315,1.780297297,-0.606036036,756.1333333,13.59522523
0.2,0.0006217917918,999.8961962,4.211600601,55.14374374,13.11141141,1778.832833,1.779813814,-0.6047047047,756.1185185,13.59107107
0.21,0.0006224124124,999.895996,4.21157958,55.14604605,13.11201201,1778.35035,1.77933033,-0.6033733734,756.1037037,13.58691692
0.22,0.000623033033,999.8957958,4.211558559,55.14834835,13.11261261,1777.867868,1.778846847,-0.602042042,756.0888889,13.58276276
0.23,0.0006236536537,999.8955956,4.211537538,55.15065065,13.11321321,1777.385385,1.778363363,-0.6007107107,756.0740741,13.57860861
0.24,0.0006242742743,999.8953954,4.211516517,55.15295295,13.11381381,1776.902903,1.77787988,-0.5993793794,756.0592593,13.57445445
0.25,0.0006248948949,999.8951952,4.211495495,55.15525526,13.11441441,1776.42042,1.777396396,-0.598048048,756.0444444,13.5703003
0.26,0.0006255155155,999.894995,4.211474474,55.15755756,13.11501502,1775.937938,1.776912913,-0.5967167167,756.0296296,13.56614615
0.27,0.0006261361361,999.8947948,4.211453453,55.15985986,13.11561562,1775.455455,1.776429429,-0.5953853854,756.0148148,13.56199199
0.28,0.0006267567568,999.8945946,4.211432432,55.16216216,13.11621622,1774.972973,1.775945946,-0.5940540541,756,13.55783784
0.29,0.0006273773774,999.8943944,4.211411411,55.16446446,13.11681682,1774.49049,1.775462462,-0.5927227227,755.9851852,13.55368368
0.3,0.000627997998,999.8941942,4.21139039,55.16676677,13.11741742,1774.008008,1.774978979,-0.5913913914,755.9703704,13.54952953
0.31,0.0006286186186,999.893994,4.211369369,55.16906907,13.11801802,1773.525526,1.774495495,-0.5900600601,755.9555556,13.54537538
0.32,0.0006292392392,999.8937938,4.211348348,55.17137137,13.11861862,1773.043043,1.774012012,-0.5887287287,755.9407407,13.54122122
0.33,0.0006298598599,999.8935936,4.211327327,55.17367367,13.11921922,1772.560561,1.773528529,-0.5873973974,755.9259259,13.53706707
0.34,0.0006304804805,999.8933934,4.211306306,55.17597598,13.11981982,1772.078078,1.773045045,-0.5860660661,755.9111111,13.53291291
0.35,0.0006311011011,999.8931932,4.211285285,55.17827828,13.12042042,1771.595596,1.772561562,-0.5847347347,755.8962963,13.52875876
0.36,0.0006317217217,999.892993,4.211264264,55.18058058,13.12102102,1771.113113,1.772078078,-0.5834034034,755.8814815,13.5246046
0.37,0.0006323423423,999.8927928,4.211243243,55.18288288,13.12162162,1770.630631,1.771594595,-0.5820720721,755.8666667,13.52045045
0.38,0.000632962963,999.8925926,4.211222222,55.18518519,13.12222222,1770.148148,1.771111111,-0.5807407407,755.8518519,13.5162963
0.39,0.0006335835836,999.8923924,4.211201201,55.18748749,13.12282282,1769.665666,1.770627628,-0.5794094094,755.837037,13.51214214
0.4,0.0006342042042,999.8921922,4.21118018,55.18978979,13.12342342,1769.183183,1.770144144,-0.5780780781,755.8222222,13.50798799
0.41,0.0006348248248,999.891992,4.211159159,55.19209209,13.12402402,1768.700701,1.769660661,-0.5767467467,755.8074074,13.50383383
0.42,0.0006354454454,999.8917918,4.211138138,55.19439439,13.12462462,1768.218218,1.769177177,-0.5754154154,755.7925926,13.49967968
0.43,0.0006360660661,999.8915916,4.211117117,55.1966967,13.12522523,1767.735736,1.768693694,-0.5740840841,755.7777778,13.49552553
0.44,0.0006366866867,999.8913914,4.211096096,55.198999,13.12582583,1767.253253,1.76821021,-0.5727527528,755.762963,13.49137137
0.45,0.0006373073073,999.8911912,4.211075075,55.2013013,13.12642643,1766.770771,1.767726727,-0.5714214214,755.7481481,13.48721722
0.46,0.0006379279279,999.890991,4.211054054,55.2036036,13.12702703,1766.288288,1.767243243,-0.5700900901,755.7333333,13.48306306
0.47,0.0006385485485,999.8907908,4.211033033,55.20590591,13.12762763,1765.805806,1.76675976,-0.5687587588,755.7185185,13.47890891
0.48,0.0006391691692,999.8905906,4.211012012,55.20820821,13.12822823,1765.323323,1.766276276,-0.5674274274,755.7037037,13.47475475
0.49,0.0006397897898,999.8903904,4.210990991,55.21051051,13.12882883,1764.840841,1.765792793,-0.5660960961,755.6888889,13.4706006
0.5,0.0006404104104,999.8901902,4.21096997,55.21281281,13.12942943,1764.358358,1.765309309,-0.5647647648,755.6740741,13.46644645
0.51,0.000641031031,999.88999,4.210948949,55.21511512,13.13003003,1763.875876,1.764825826,-0.5634334334,755.6592593,13.46229229
0.52,0.0006416516517,999.8897898,4.210927928,55.21741742,13.13063063,1763.393393,1.764342342,-0.5621021021,755.6444444,13.45813814
0.53,0.0006422722723,999.8895896,4.210906907,55.21971972,13.13123123,1762.910911,1.763858859,-0.5607707708,755.6296296,13.45398398
0.54,0.0006428928929,999.8893894,4.210885886,55.22202202,13.13183183,1762.428428,1.763375375,-0.5594394394,755.6148148,13.44982983
0.55,0.0006435135135,999.8891892,4.210864865,55.22432432,13.13243243,1761.945946,1.762891892,-0.5581081081,755.6,13.44567568
0.56,0.0006441341341,999.888989,4.210843844,55.22662663,13.13303303,1761.463463,1.762408408,-0.5567767768,755.5851852,13.44152152
0.57,0.0006447547548,999.8887888,4.210822823,55.22892893,13.13363363,1760.980981,1.761924925,-0.5554454454,755.5703704,13.43736737
0.58,0.0006453753754,999.8885886,4.210801802,55.23123123,13.13423423,1760.498498,1.761441441,-0.5541141141,755.5555556,13.43321321
0.59,0.000645995996,999.8883884,4.210780781,55.23353353,13.13483483,1760.016016,1.760957958,-0.5527827828,755.5407407,13.42905906
0.6,0.0006466166166,999.8881882,4.21075976,55.23583584,13.13543544,1759.533534,1.760474474,-0.5514514515,755.5259259,13.4249049
0.61,0.0006472372372,999.887988,4.210738739,55.23813814,13.13603604,1759.051051,1.759990991,-0.5501201201,755.5111111,13.42075075
0.62,0.0006478578579,999.8877878,4.210717718,55.24044044,13.13663664,1758.568569,1.759507508,-0.5487887888,755.4962963,13.4165966
0.63,0.0006484784785,999.8875876,4.210696697,55.24274274,13.13723724,1758.086086,1.759024024,-0.5474574575,755.4814815,13.41244244
0.64,0.0006490990991,999.8873874,4.210675676,55.24504505,13.13783784,1757.603604,1.758540541,-0.5461261261,755.4666667,13.40828829
0.65,0.0006497197197,999.8871872,4.210654655,55.24734735,13.13843844,1757.121121,1.758057057,-0.5447947948,755.4518519,13.40413413
0.66,0.0006503403403,999.886987,4.210633634,55.24964965,13.13903904,1756.638639,1.757573574,-0.5434634635,755.437037,13.39997998
0.67,0.000650960961,999.8867868,4.210612613,55.25195195,13.13963964,1756.156156,1.75709009,-0.5421321321,755.4222222,13.39582583
0.68,0.0006515815816,999.8865866,4.210591592,55.25425425,13.14024024,1755.673674,1.756606607,-0.5408008008,755.4074074,13.39167167
0.69,0.0006522022022,999.8863864,4.210570571,55.25655656,13.14084084,1755.191191,1.756123123,-0.5394694695,755.3925926,13.38751752
0.7,0.0006528228228,999.8861862,4.21054955,55.25885886,13.14144144,1754.708709,1.75563964,-0.5381381381,755.3777778,13.38336336
0.71,0.0006534434434,999.885986,4.210528529,55.26116116,13.14204204,1754.226226,1.755156156,-0.5368068068,755.362963,13.37920921
0.72,0.0006540640641,999.8857858,4.210507508,55.26346346,13.14264264,1753.743744,1.754672673,-0.5354754755,755.3481481,13.37505506
0.73,0.0006546846847,999.8855856,4.210486486,55.26576577,13.14324324,1753.261261,1.754189189,-0.5341441441,755.3333333,13.3709009
0.74,0.0006553053053,999.8853854,4.210465465,55.26806807,13.14384384,1752.778779,1.753705706,-0.5328128128,755.3185185,13.36674675
0.75,0.0006559259259,999.8851852,4.210444444,55.27037037,13.14444444,1752.296296,1.753222222,-0.5314814815,755.3037037,13.36259259
0.76,0.0006565465465,999.884985,4.210423423,55.27267267,13.14504505,1751.813814,1.752738739,-0.5301501502,755.2888889,13.35843844
0.77,0.0006571671672,999.8847848,4.210402402,55.27497497,13.14564565,1751.331331,1.752255255,-0.5288188188,755.2740741,13.35428428
0.78,0.0006577877878,999.8845846,4.210381381,55.27727728,13.14624625,1750.848849,1.751771772,-0.5274874875,755.2592593,13.35013013
0.79,0.0006584084084,999.8843844,4.21036036,55.27957958,13.14684685,1750.366366,1.751288288,-0.5261561562,755.2444444,13.34597598
0.8,0.000659029029,999.8841842,4.210339339,55.28188188,13.14744745,1749.883884,1.750804805,-0.5248248248,755.2296296,13.34182182
0.81,0.0006596496496,999.883984,4.210318318,55.28418418,13.14804805,1749.401401,1.750321321,-0.5234934935,755.2148148,13.33766767
0.82,0.0006602702703,999.8837838,4.210297297,55.28648649,13.14864865,1748.918919,1.749837838,-0.5221621622,755.2,13.33351351
0.83,0.0006608908909,999.8835836,4.210276276,55.28878879,13.14924925,1748.436436,1.749354354,-0.5208308308,755.1851852,13.32935936
0.84,0.0006615115115,999.8833834,4.210255255,55.29109109,13.14984985,1747.953954,1.748870871,-0.5194994995,755.1703704,13.32520521
0.85,0.0006621321321,999.8831832,4.210234234,55.29339339,13.15045045,1747.471471,1.748387387,-0.5181681682,755.1555556,13.32105105
0.86,0.0006627527528,999.882983,4.210213213,55.2956957,13.15105105,1746.988989,1.747903904,-0.5168368368,755.1407407,13.3168969
0.87,0.0006633733734,999.8827828,4.210192192,55.297998,13.15165165,1746.506507,1.74742042,-0.5155055055,755.1259259,13.31274274
0.88,0.000663993994,999.8825826,4.210171171,55.3003003,13.15225225,1746.024024,1.746936937,-0.5141741742,755.1111111,13.30858859
0.89,0.0006646146146,999.8823824,4.21015015,55.3026026,13.15285285,1745.541542,1.746453453,-0.5128428428,755.0962963,13.30443443
0.9,0.0006652352352,999.8821822,4.210129129,55.3049049,13.15345345,1745.059059,1.74596997,-0.5115115115,755.0814815,13.30028028
0.91,0.0006658558559,999.881982,4.210108108,55.30720721,13.15405405,1744.576577,1.745486486,-0.5101801802,755.0666667,13.29612613
0.92,0.0006664764765,999.8817818,4.210087087,55.30950951,13.15465465,1744.094094,1.745003003,-0.5088488488,755.0518519,13.29197197
0.93,0.0006670970971,999.8815816,4.210066066,55.31181181,13.15525526,1743.611612,1.74451952,-0.5075175175,755.037037,13.28781782
0.94,0.0006677177177,999.8813814,4.210045045,55.31411411,13.15585586,1743.129129,1.744036036,-0.5061861862,755.0222222,13.28366366
0.95,0.0006683383383,999.8811812,4.210024024,55.31641642,13.15645646,1742.646647,1.743552553,-0.5048548549,755.0074074,13.27950951
0.96,0.000668958959,999.880981,4.210003003,55.31871872,13.15705706,1742.164164,1.743069069,-0.5035235235,754.9925926,13.27535536
0.97,0.0006695795796,999.8807808,4.209981982,55.32102102,13.15765766,1741.681682,1.742585586,-0.5021921922,754.9777778,13.2712012
0.98,0.0006702002002,999.8805806,4.209960961,55.32332332,13.15825826,1741.199199,1.742102102,-0.5008608609,754.962963,13.26704705
0.99,0.0006708208208,999.8803804,4.20993994,55.32562563,13.15885886,1740.716717,1.741618619,-0.4995295295,754.9481481,13.26289289
1,0.0006714414414,999.8801802,4.209918919,55.32792793,13.15945946,1740.234234,1.741135135,-0.4981981982,754.9333333,13.25873874
1.01,0.0006720620621,999.87998,4.209897898,55.33023023,13.16006006,1739.751752,1.740651652,-0.4968668669,754.9185185,13.25458458
1.02,0.0006726826827,999.8797798,4.209876877,55.33253253,13.16066066,1739.269269,1.740168168,-0.4955355355,754.9037037,13.25043043
1.03,0.0006733033033,999.8795796,4.209855856,55.33483483,13.16126126,1738.786787,1.739684685,-0.4942042042,754.8888889,13.24627628
1.04,0.0006739239239,999.8793794,4.209834835,55.33713714,13.16186186,1738.304304,1.739201201,-0.4928728729,754.8740741,13.24212212
1.05,0.0006745445445,999.8791792,4.209813814,55.33943944,13.16246246,1737.821822,1.738717718,-0.4915415415,754.8592593,13.23796797
1.06,0.0006751651652,999.878979,4.209792793,55.34174174,13.16306306,1737.339339,1.738234234,-0.4902102102,754.8444444,13.23381381
1.07,0.0006757857858,999.8787788,4.209771772,55.34404404,13.16366366,1736.856857,1.737750751,-0.4888788789,754.8296296,13.22965966
1.08,0.0006764064064,999.8785786,4.209750751,55.34634635,13.16426426,1736.374374,1.737267267,-0.4875475475,754.8148148,13.22550551
1.09,0.000677027027,999.8783784,4.20972973,55.34864865,13.16486486,1735.891892,1.736783784,-0.4862162162,754.8,13.22135135
1.1,0.0006776476476,999.8781782,4.209708709,55.35095095,13.16546547,1735.409409,1.7363003,-0.4848848849,754.7851852,13.2171972
1.11,0.0006782682683,999.877978,4.209687688,55.35325325,13.16606607,1734.926927,1.735816817,-0.4835535536,754.7703704,13.21304304
1.12,0.0006788888889,999.8777778,4.209666667,55.35555556,13.16666667,1734.444444,1.735333333,-0.4822222222,754.7555556,13.20888889
1.13,0.0006795095095,999.8775776,4.209645646,55.35785786,13.16726727,1733.961962,1.73484985,-0.4808908909,754.7407407,13.20473473
1.14,0.0006801301301,999.8773774,4.209624625,55.36016016,13.16786787,1733.479479,1.734366366,-0.4795595596,754.7259259,13.20058058
1.15,0.0006807507508,999.8771772,4.209603604,55.36246246,13.16846847,1732.996997,1.733882883,-0.4782282282,754.7111111,13.19642643
1.16,0.0006813713714,999.876977,4.209582583,55.36476476,13.16906907,1732.514515,1.733399399,-0.4768968969,754.6962963,13.19227227
1.17,0.000681991992,999.8767768,4.209561562,55.36706707,13.16966967,1732.032032,1.732915916,-0.4755655656,754.6814815,13.18811812
1.18,0.0006826126126,999.8765766,4.209540541,55.36936937,13.17027027,1731.54955,1.732432432,-0.4742342342,754.6666667,13.18396396
1.19,0.0006832332332,999.8763764,4.20951952,55.37167167,13.17087087,1731.067067,1.731948949,-0.4729029029,754.6518519,13.17980981
1.2,0.0006838538539,999.8761762,4.209498498,55.37397397,13.17147147,1730.584585,1.731465465,-0.4715715716,754.637037,13.17565566
1.21,0.0006844744745,999.875976,4.209477477,55.37627628,13.17207207,1730.102102,1.730981982,-0.4702402402,754.6222222,13.1715015
1.22,0.0006850950951,999.8757758,4.209456456,55.37857858,13.17267267,1729.61962,1.730498498,-0.4689089089,754.6074074,13.16734735
1.23,0.0006857157157,999.8755756,4.209435435,55.38088088,13.17327327,1729.137137,1.730015015,-0.4675775776,754.5925926,13.16319319
1.24,0.0006863363363,999.8753754,4.209414414,55.38318318,13.17387387,1728.654655,1.729531532,-0.4662462462,754.5777778,13.15903904
1.25,0.000686956957,999.8751752,4.209393393,55.38548549,13.17447447,1728.172172,1.729048048,-0.4649149149,754.562963,13.15488488
1.26,0.0006875775776,999.874975,4.209372372,55.38778779,13.17507508,1727.68969,1.728564565,-0.4635835836,754.5481481,13.15073073
1.27,0.0006881981982,999.8747748,4.209351351,55.39009009,13.17567568,1727.207207,1.728081081,-0.4622522523,754.5333333,13.14657658
1.28,0.0006888188188,999.8745746,4.20933033,55.39239239,13.17627628,1726.724725,1.727597598,-0.4609209209,754.5185185,13.14242242
1.29,0.0006894394394,999.8743744,4.209309309,55.39469469,13.17687688,1726.242242,1.727114114,-0.4595895896,754.5037037,13.13826827
1.3,0.0006900600601,999.8741742,4.209288288,55.396997,13.17747748,1725.75976,1.726630631,-0.4582582583,754.4888889,13.13411411
1.31,0.0006906806807,999.873974,4.209267267,55.3992993,13.17807808,1725.277277,1.726147147,-0.4569269269,754.4740741,13.12995996
1.32,0.0006913013013,999.8737738,4.209246246,55.4016016,13.17867868,1724.794795,1.725663664,-0.4555955956,754.4592593,13.12580581
1.33,0.0006919219219,999.8735736,4.209225225,55.4039039,13.17927928,1724.312312,1.72518018,-0.4542642643,754.4444444,13.12165165
1.34,0.0006925425425,999.8733734,4.209204204,55.40620621,13.17987988,1723.82983,1.724696697,-0.4529329329,754.4296296,13.1174975
1.35,0.0006931631632,999.8731732,4.209183183,55.40850851,13.18048048,1723.347347,1.724213213,-0.4516016016,754.4148148,13.11334334
1.36,0.0006937837838,999.872973,4.209162162,55.41081081,13.18108108,1722.864865,1.72372973,-0.4502702703,754.4,13.10918919
1.37,0.0006944044044,999.8727728,4.209141141,55.41311311,13.18168168,1722.382382,1.723246246,-0.4489389389,754.3851852,13.10503504
1.38,0.000695025025,999.8725726,4.20912012,55.41541542,13.18228228,1721.8999,1.722762763,-0.4476076076,754.3703704,13.10088088
1.39,0.0006956456456,999.8723724,4.209099099,55.41771772,13.18288288,1721.417417,1.722279279,-0.4462762763,754.3555556,13.09672673
1.4,0.0006962662663,999.8721722,4.209078078,55.42002002,13.18348348,1720.934935,1.721795796,-0.4449449449,754.3407407,13.09257257
1.41,0.0006968868869,999.871972,4.209057057,55.42232232,13.18408408,1720.452452,1.721312312,-0.4436136136,754.3259259,13.08841842
1.42,0.0006975075075,999.8717718,4.209036036,55.42462462,13.18468468,1719.96997,1.720828829,-0.4422822823,754.3111111,13.08426426
1.43,0.0006981281281,999.8715716,4.209015015,55.42692693,13.18528529,1719.487487,1.720345345,-0.440950951,754.2962963,13.08011011
1.44,0.0006987487487,999.8713714,4.208993994,55.42922923,13.18588589,1719.005005,1.719861862,-0.4396196196,754.2814815,13.07595596
1.45,0.0006993693694,999.8711712,4.208972973,55.43153153,13.18648649,1718.522523,1.719378378,-0.4382882883,754.2666667,13.0718018
1.46,0.00069998999,999.870971,4.208951952,55.43383383,13.18708709,1718.04004,1.718894895,-0.436956957,754.2518519,13.06764765
1.47,0.0007006106106,999.8707708,4.208930931,55.43613614,13.18768769,1717.557558,1.718411411,-0.4356256256,754.237037,13.06349349
1.48,0.0007012312312,999.8705706,4.20890991,55.43843844,13.18828829,1717.075075,1.717927928,-0.4342942943,754.2222222,13.05933934
1.49,0.0007018518519,999.8703704,4.208888889,55.44074074,13.18888889,1716.592593,1.717444444,-0.432962963,754.2074074,13.05518519
1.5,0.0007024724725,999.8701702,4.208867868,55.44304304,13.18948949,1716.11011,1.716960961,-0.4316316316,754.1925926,13.05103103
1.51,0.0007030930931,999.86997,4.208846847,55.44534535,13.19009009,1715.627628,1.716477477,-0.4303003003,754.1777778,13.04687688
1.52,0.0007037137137,999.8697698,4.208825826,55.44764765,13.19069069,1715.145145,1.715993994,-0.428968969,754.162963,13.04272272
1.53,0.0007043343343,999.8695696,4.208804805,55.44994995,13.19129129,1714.662663,1.715510511,-0.4276376376,754.1481481,13.03856857
1.54,0.000704954955,999.8693694,4.208783784,55.45225225,13.19189189,1714.18018,1.715027027,-0.4263063063,754.1333333,13.03441441
1.55,0.0007055755756,999.8691692,4.208762763,55.45455455,13.19249249,1713.697698,1.714543544,-0.424974975,754.1185185,13.03026026
1.56,0.0007061961962,999.868969,4.208741742,55.45685686,13.19309309,1713.215215,1.71406006,-0.4236436436,754.1037037,13.02610611
1.57,0.0007068168168,999.8687688,4.208720721,55.45915916,13.19369369,1712.732733,1.713576577,-0.4223123123,754.0888889,13.02195195
1.58,0.0007074374374,999.8685686,4.2086997,55.46146146,13.19429429,1712.25025,1.713093093,-0.420980981,754.0740741,13.0177978
1.59,0.0007080580581,999.8683684,4.208678679,55.46376376,13.19489489,1711.767768,1.71260961,-0.4196496496,754.0592593,13.01364364
1.6,0.0007086786787,999.8681682,4.208657658,55.46606607,13.1954955,1711.285285,1.712126126,-0.4183183183,754.0444444,13.00948949
1.61,0.0007092992993,999.867968,4.208636637,55.46836837,13.1960961,1710.802803,1.711642643,-0.416986987,754.0296296,13.00533534
1.62,0.0007099199199,999.8677678,4.208615616,55.47067067,13.1966967,1710.32032,1.711159159,-0.4156556557,754.0148148,13.00118118
1.63,0.0007105405405,999.8675676,4.208594595,55.47297297,13.1972973,1709.837838,1.710675676,-0.4143243243,754,12.99702703
1.64,0.0007111611612,999.8673674,4.208573574,55.47527528,13.1978979,1709.355355,1.710192192,-0.412992993,753.9851852,12.99287287
1.65,0.0007117817818,999.8671672,4.208552553,55.47757758,13.1984985,1708.872873,1.709708709,-0.4116616617,753.9703704,12.98871872
1.66,0.0007124024024,999.866967,4.208531532,55.47987988,13.1990991,1708.39039,1.709225225,-0.4103303303,753.9555556,12.98456456
1.67,0.000713023023,999.8667668,4.208510511,55.48218218,13.1996997,1707.907908,1.708741742,-0.408998999,753.9407407,12.98041041
1.68,0.0007136436436,999.8665666,4.208489489,55.48448448,13.2003003,1707.425425,1.708258258,-0.4076676677,753.9259259,12.97625626
1.69,0.0007142642643,999.8663664,4.208468468,55.48678679,13.2009009,1706.942943,1.707774775,-0.4063363363,753.9111111,12.9721021
1.7,0.0007148848849,999.8661662,4.208447447,55.48908909,13.2015015,1706.46046,1.707291291,-0.405005005,753.8962963,12.96794795
1.71,0.0007155055055,999.865966,4.208426426,55.49139139,13.2021021,1705.977978,1.706807808,-0.4036736737,753.8814815,12.96379379
1.72,0.0007161261261,999.8657658,4.208405405,55.49369369,13.2027027,1705.495495,1.706324324,-0.4023423423,753.8666667,12.95963964
1.73,0.0007167467467,999.8655656,4.208384384,55.495996,13.2033033,1705.013013,1.705840841,-0.401011011,753.8518519,12.95548549
1.74,0.0007173673674,999.8653654,4.208363363,55.4982983,13.2039039,1704.530531,1.705357357,-0.3996796797,753.837037,12.95133133
1.75,0.000717987988,999.8651652,4.208342342,55.5006006,13.2045045,1704.048048,1.704873874,-0.3983483483,753.8222222,12.94717718
1.76,0.0007186086086,999.864965,4.208321321,55.5029029,13.20510511,1703.565566,1.70439039,-0.397017017,753.8074074,12.94302302
1.77,0.0007192292292,999.8647648,4.2083003,55.50520521,13.20570571,1703.083083,1.703906907,-0.3956856857,753.7925926,12.93886887
1.78,0.0007198498498,999.8645646,4.208279279,55.50750751,13.20630631,1702.600601,1.703423423,-0.3943543544,753.7777778,12.93471471
1.79,0.0007204704705,999.8643644,4.208258258,55.50980981,13.20690691,1702.118118,1.70293994,-0.393023023,753.762963,12.93056056
1.8,0.0007210910911,999.8641642,4.208237237,55.51211211,13.20750751,1701.635636,1.702456456,-0.3916916917,753.7481481,12.92640641
1.81,0.0007217117117,999.863964,4.208216216,55.51441441,13.20810811,1701.153153,1.701972973,-0.3903603604,753.7333333,12.92225225
1.82,0.0007223323323,999.8637638,4.208195195,55.51671672,13.20870871,1700.670671,1.701489489,-0.389029029,753.7185185,12.9180981
1.83,0.000722952953,999.8635636,4.208174174,55.51901902,13.20930931,1700.188188,1.701006006,-0.3876976977,753.7037037,12.91394394
1.84,0.0007235735736,999.8633634,4.208153153,55.52132132,13.20990991,1699.705706,1.700522523,-0.3863663664,753.6888889,12.90978979
1.85,0.0007241941942,999.8631632,4.208132132,55.52362362,13.21051051,1699.223223,1.700039039,-0.385035035,753.6740741,12.90563564
1.86,0.0007248148148,999.862963,4.208111111,55.52592593,13.21111111,1698.740741,1.699555556,-0.3837037037,753.6592593,12.90148148
1.87,0.0007254354354,999.8627628,4.20809009,55.52822823,13.21171171,1698.258258,1.699072072,-0.3823723724,753.6444444,12.89732733
1.88,0.0007260560561,999.8625626,4.208069069,55.53053053,13.21231231,1697.775776,1.698588589,-0.381041041,753.6296296,12.89317317
1.89,0.0007266766767,999.8623624,4.208048048,55.53283283,13.21291291,1697.293293,1.698105105,-0.3797097097,753.6148148,12.88901902
1.9,0.0007272972973,999.8621622,4.208027027,55.53513514,13.21351351,1696.810811,1.697621622,-0.3783783784,753.6,12.88486486
1.91,0.0007279179179,999.861962,4.208006006,55.53743744,13.21411411,1696.328328,1.697138138,-0.377047047,753.5851852,12.88071071
1.92,0.0007285385385,999.8617618,4.207984985,55.53973974,13.21471471,1695.845846,1.696654655,-0.3757157157,753.5703704,12.87655656
1.93,0.0007291591592,999.8615616,4.207963964,55.54204204,13.21531532,1695.363363,1.696171171,-0.3743843844,753.5555556,12.8724024
1.94,0.0007297797798,999.8613614,4.207942943,55.54434434,13.21591592,1694.880881,1.695687688,-0.3730530531,753.5407407,12.86824825
1.95,0.0007304004004,999.8611612,4.207921922,55.54664665,13.21651652,1694.398398,1.695204204,-0.3717217217,753.5259259,12.86409409
1.96,0.000731021021,999.860961,4.207900901,55.54894895,13.21711712,1693.915916,1.694720721,-0.3703903904,753.5111111,12.85993994
1.97,0.0007316416416,999.8607608,4.20787988,55.55125125,13.21771772,1693.433433,1.694237237,-0.3690590591,753.4962963,12.85578579
1.98,0.0007322622623,999.8605606,4.207858859,55.55355355,13.21831832,1692.950951,1.693753754,-0.3677277277,753.4814815,12.85163163
1.99,0.0007328828829,999.8603604,4.207837838,55.55585586,13.21891892,1692.468468,1.69327027,-0.3663963964,753.4666667,12.84747748
2,0.0007335035035,999.8601602,4.207816817,55.55815816,13.21951952,1691.985986,1.692786787,-0.3650650651,753.4518519,12.84332332
2.01,0.0007341241241,999.85996,4.207795796,55.56046046,13.22012012,1691.503504,1.692303303,-0.3637337337,753.437037,12.83916917
2.02,0.0007347447447,999.8597598,4.207774775,55.56276276,13.22072072,1691.021021,1.69181982,-0.3624024024,753.4222222,12.83501502
2.03,0.0007353653654,999.8595596,4.207753754,55.56506507,13.22132132,1690.538539,1.691336336,-0.3610710711,753.4074074,12.83086086
2.04,0.000735985986,999.8593594,4.207732733,55.56736737,13.22192192,1690.056056,1.690852853,-0.3597397397,753.3925926,12.82670671
2.05,0.0007366066066,999.8591592,4.207711712,55.56966967,13.22252252,1689.573574,1.690369369,-0.3584084084,753.3777778,12.82255255
2.06,0.0007372272272,999.858959,4.207690691,55.57197197,13.22312312,1689.091091,1.689885886,-0.3570770771,753.362963,12.8183984
2.07,0.0007378478478,999.8587588,4.20766967,55.57427427,13.22372372,1688.608609,1.689402402,-0.3557457457,753.3481481,12.81424424
2.08,0.0007384684685,999.8585586,4.207648649,55.57657658,13.22432432,1688.126126,1.688918919,-0.3544144144,753.3333333,12.81009009
2.09,0.0007390890891,999.8583584,4.207627628,55.57887888,13.22492492,1687.643644,1.688435435,-0.3530830831,753.3185185,12.80593594
2.1,0.0007397097097,999.8581582,4.207606607,55.58118118,13.22552553,1687.161161,1.687951952,-0.3517517518,753.3037037,12.80178178
2.11,0.0007403303303,999.857958,4.207585586,55.58348348,13.22612613,1686.678679,1.687468468,-0.3504204204,753.2888889,12.79762763
2.12,0.000740950951,999.8577578,4.207564565,55.58578579,13.22672673,1686.196196,1.686984985,-0.3490890891,753.2740741,12.79347347
2.13,0.0007415715716,999.8575576,4.207543544,55.58808809,13.22732733,1685.713714,1.686501502,-0.3477577578,753.2592593,12.78931932
2.14,0.0007421921922,999.8573574,4.207522523,55.59039039,13.22792793,1685.231231,1.686018018,-0.3464264264,753.2444444,12.78516517
2.15,0.0007428128128,999.8571572,4.207501502,55.59269269,13.22852853,1684.748749,1.685534535,-0.3450950951,753.2296296,12.78101101
2.16,0.0007434334334,999.856957,4.20748048,55.59499499,13.22912913,1684.266266,1.685051051,-0.3437637638,753.2148148,12.77685686
2.17,0.0007440540541,999.8567568,4.207459459,55.5972973,13.22972973,1683.783784,1.684567568,-0.3424324324,753.2,12.7727027
2.18,0.0007446746747,999.8565566,4.207438438,55.5995996,13.23033033,1683.301301,1.684084084,-0.3411011011,753.1851852,12.76854855
2.19,0.0007452952953,999.8563564,4.207417417,55.6019019,13.23093093,1682.818819,1.683600601,-0.3397697698,753.1703704,12.76439439
2.2,0.0007459159159,999.8561562,4.207396396,55.6042042,13.23153153,1682.336336,1.683117117,-0.3384384384,753.1555556,12.76024024
2.21,0.0007465365365,999.855956,4.207375375,55.60650651,13.23213213,1681.853854,1.682633634,-0.3371071071,753.1407407,12.75608609
2.22,0.0007471571572,999.8557558,4.207354354,55.60880881,13.23273273,1681.371371,1.68215015,-0.3357757758,753.1259259,12.75193193
2.23,0.0007477777778,999.8555556,4.207333333,55.61111111,13.23333333,1680.888889,1.681666667,-0.3344444444,753.1111111,12.74777778
2.24,0.0007483983984,999.8553554,4.207312312,55.61341341,13.23393393,1680.406406,1.681183183,-0.3331131131,753.0962963,12.74362362
2.25,0.000749019019,999.8551552,4.207291291,55.61571572,13.23453453,1679.923924,1.6806997,-0.3317817818,753.0814815,12.73946947
2.26,0.0007496396396,999.854955,4.20727027,55.61801802,13.23513514,1679.441441,1.680216216,-0.3304504505,753.0666667,12.73531532
2.27,0.0007502602603,999.8547548,4.207249249,55.62032032,13.23573574,1678.958959,1.679732733,-0.3291191191,753.0518519,12.73116116
2.28,0.0007508808809,999.8545546,4.207228228,55.62262262,13.23633634,1678.476476,1.679249249,-0.3277877878,753.037037,12.72700701
2.29,0.0007515015015,999.8543544,4.207207207,55.62492492,13.23693694,1677.993994,1.678765766,-0.3264564565,753.0222222,12.72285285
2.3,0.0007521221221,999.8541542,4.207186186,55.62722723,13.23753754,1677.511512,1.678282282,-0.3251251251,753.0074074,12.7186987
2.31,0.0007527427427,999.853954,4.207165165,55.62952953,13.23813814,1677.029029,1.677798799,-0.3237937938,752.9925926,12.71454454
2.32,0.0007533633634,999.8537538,4.207144144,55.63183183,13.23873874,1676.546547,1.677315315,-0.3224624625,752.9777778,12.71039039
2.33,0.000753983984,999.8535536,4.207123123,55.63413413,13.23933934,1676.064064,1.676831832,-0.3211311311,752.962963,12.70623624
2.34,0.0007546046046,999.8533534,4.207102102,55.63643644,13.23993994,1675.581582,1.676348348,-0.3197997998,752.9481481,12.70208208
2.35,0.0007552252252,999.8531532,4.207081081,55.63873874,13.24054054,1675.099099,1.675864865,-0.3184684685,752.9333333,12.69792793
2.36,0.0007558458458,999.852953,4.20706006,55.64104104,13.24114114,1674.616617,1.675381381,-0.3171371371,752.9185185,12.69377377
2.37,0.0007564664665,999.8527528,4.207039039,55.64334334,13.24174174,1674.134134,1.674897898,-0.3158058058,752.9037037,12.68961962
2.38,0.0007570870871,999.8525526,4.207018018,55.64564565,13.24234234,1673.651652,1.674414414,-0.3144744745,752.8888889,12.68546547
2.39,0.0007577077077,999.8523524,4.206996997,55.64794795,13.24294294,1673.169169,1.673930931,-0.3131431431,752.8740741,12.68131131
2.4,0.0007583283283,999.8521522,4.206975976,55.65025025,13.24354354,1672.686687,1.673447447,-0.3118118118,752.8592593,12.67715716
2.41,0.0007589489489,999.851952,4.206954955,55.65255255,13.24414414,1672.204204,1.672963964,-0.3104804805,752.8444444,12.673003
2.42,0.0007595695696,999.8517518,4.206933934,55.65485485,13.24474474,1671.721722,1.67248048,-0.3091491491,752.8296296,12.66884885
2.43,0.0007601901902,999.8515516,4.206912913,55.65715716,13.24534535,1671.239239,1.671996997,-0.3078178178,752.8148148,12.66469469
2.44,0.0007608108108,999.8513514,4.206891892,55.65945946,13.24594595,1670.756757,1.671513514,-0.3064864865,752.8,12.66054054
2.45,0.0007614314314,999.8511512,4.206870871,55.66176176,13.24654655,1670.274274,1.67103003,-0.3051551552,752.7851852,12.65638639
2.46,0.0007620520521,999.850951,4.20684985,55.66406406,13.24714715,1669.791792,1.670546547,-0.3038238238,752.7703704,12.65223223
2.47,0.0007626726727,999.8507508,4.206828829,55.66636637,13.24774775,1669.309309,1.670063063,-0.3024924925,752.7555556,12.64807808
2.48,0.0007632932933,999.8505506,4.206807808,55.66866867,13.24834835,1668.826827,1.66957958,-0.3011611612,752.7407407,12.64392392
2.49,0.0007639139139,999.8503504,4.206786787,55.67097097,13.24894895,1668.344344,1.669096096,-0.2998298298,752.7259259,12.63976977
2.5,0.0007645345345,999.8501502,4.206765766,55.67327327,13.24954955,1667.861862,1.668612613,-0.2984984985,752.7111111,12.63561562
2.51,0.0007651551552,999.8499499,4.206744745,55.67557558,13.25015015,1667.379379,1.668129129,-0.2971671672,752.6962963,12.63146146
2.52,0.0007657757758,999.8497497,4.206723724,55.67787788,13.25075075,1666.896897,1.667645646,-0.2958358358,752.6814815,12.62730731
2.53,0.0007663963964,999.8495495,4.206702703,55.68018018,13.25135135,1666.414414,1.667162162,-0.2945045045,752.6666667,12.62315315
2.54,0.000767017017,999.8493493,4.206681682,55.68248248,13.25195195,1665.931932,1.666678679,-0.2931731732,752.6518519,12.618999
2.55,0.0007676376376,999.8491491,4.206660661,55.68478478,13.25255255,1665.449449,1.666195195,-0.2918418418,752.637037,12.61484484
2.56,0.0007682582583,999.8489489,4.20663964,55.68708709,13.25315315,1664.966967,1.665711712,-0.2905105105,752.6222222,12.61069069
2.57,0.0007688788789,999.8487487,4.206618619,55.68938939,13.25375375,1664.484484,1.665228228,-0.2891791792,752.6074074,12.60653654
2.58,0.0007694994995,999.8485485,4.206597598,55.69169169,13.25435435,1664.002002,1.664744745,-0.2878478478,752.5925926,12.60238238
2.59,0.0007701201201,999.8483483,4.206576577,55.69399399,13.25495495,1663.51952,1.664261261,-0.2865165165,752.5777778,12.59822823
2.6,0.0007707407407,999.8481481,4.206555556,55.6962963,13.25555556,1663.037037,1.663777778,-0.2851851852,752.562963,12.59407407
2.61,0.0007713613614,999.8479479,4.206534535,55.6985986,13.25615616,1662.554555,1.663294294,-0.2838538539,752.5481481,12.58991992
2.62,0.000771981982,999.8477477,4.206513514,55.7009009,13.25675676,1662.072072,1.662810811,-0.2825225225,752.5333333,12.58576577
2.63,0.0007726026026,999.8475475,4.206492492,55.7032032,13.25735736,1661.58959,1.662327327,-0.2811911912,752.5185185,12.58161161
2.64,0.0007732232232,999.8473473,4.206471471,55.70550551,13.25795796,1661.107107,1.661843844,-0.2798598599,752.5037037,12.57745746
2.65,0.0007738438438,999.8471471,4.20645045,55.70780781,13.25855856,1660.624625,1.66136036,-0.2785285285,752.4888889,12.5733033
2.66,0.0007744644645,999.8469469,4.206429429,55.71011011,13.25915916,1660.142142,1.660876877,-0.2771971972,752.4740741,12.56914915
2.67,0.0007750850851,999.8467467,4.206408408,55.71241241,13.25975976,1659.65966,1.660393393,-0.2758658659,752.4592593,12.56499499
2.68,0.0007757057057,999.8465465,4.206387387,55.71471471,13.26036036,1659.177177,1.65990991,-0.2745345345,752.4444444,12.56084084
2.69,0.0007763263263,999.8463463,4.206366366,55.71701702,13.26096096,1658.694695,1.659426426,-0.2732032032,752.4296296,12.55668669
2.7,0.0007769469469,999.8461461,4.206345345,55.71931932,13.26156156,1658.212212,1.658942943,-0.2718718719,752.4148148,12.55253253
2.71,0.0007775675676,999.8459459,4.206324324,55.72162162,13.26216216,1657.72973,1.658459459,-0.2705405405,752.4,12.54837838
2.72,0.0007781881882,999.8457457,4.206303303,55.72392392,13.26276276,1657.247247,1.657975976,-0.2692092092,752.3851852,12.54422422
2.73,0.0007788088088,999.8455455,4.206282282,55.72622623,13.26336336,1656.764765,1.657492492,-0.2678778779,752.3703704,12.54007007
2.74,0.0007794294294,999.8453453,4.206261261,55.72852853,13.26396396,1656.282282,1.657009009,-0.2665465465,752.3555556,12.53591592
2.75,0.0007800500501,999.8451451,4.20624024,55.73083083,13.26456456,1655.7998,1.656525526,-0.2652152152,752.3407407,12.53176176
2.76,0.0007806706707,999.8449449,4.206219219,55.73313313,13.26516517,1655.317317,1.656042042,-0.2638838839,752.3259259,12.52760761
2.77,0.0007812912913,999.8447447,4.206198198,55.73543544,13.26576577,1654.834835,1.655558559,-0.2625525526,752.3111111,12.52345345
2.78,0.0007819119119,999.8445445,4.206177177,55.73773774,13.26636637,1654.352352,1.655075075,-0.2612212212,752.2962963,12.5192993
2.79,0.0007825325325,999.8443443,4.206156156,55.74004004,13.26696697,1653.86987,1.654591592,-0.2598898899,752.2814815,12.51514515
2.8,0.0007831531532,999.8441441,4.206135135,55.74234234,13.26756757,1653.387387,1.654108108,-0.2585585586,752.2666667,12.51099099
2.81,0.0007837737738,999.8439439,4.206114114,55.74464464,13.26816817,1652.904905,1.653624625,-0.2572272272,752.2518519,12.50683684
2.82,0.0007843943944,999.8437437,4.206093093,55.74694695,13.26876877,1652.422422,1.653141141,-0.2558958959,752.237037,12.50268268
2.83,0.000785015015,999.8435435,4.206072072,55.74924925,13.26936937,1651.93994,1.652657658,-0.2545645646,752.2222222,12.49852853
2.84,0.0007856356356,999.8433433,4.206051051,55.75155155,13.26996997,1651.457457,1.652174174,-0.2532332332,752.2074074,12.49437437
2.85,0.0007862562563,999.8431431,4.20603003,55.75385385,13.27057057,1650.974975,1.651690691,-0.2519019019,752.1925926,12.49022022
2.86,0.0007868768769,999.8429429,4.206009009,55.75615616,13.27117117,1650.492492,1.651207207,-0.2505705706,752.1777778,12.48606607
2.87,0.0007874974975,999.8427427,4.205987988,55.75845846,13.27177177,1650.01001,1.650723724,-0.2492392392,752.162963,12.48191191
2.88,0.0007881181181,999.8425425,4.205966967,55.76076076,13.27237237,1649.527528,1.65024024,-0.2479079079,752.1481481,12.47775776
2.89,0.0007887387387,999.8423423,4.205945946,55.76306306,13.27297297,1649.045045,1.649756757,-0.2465765766,752.1333333,12.4736036
2.9,0.0007893593594,999.8421421,4.205924925,55.76536537,13.27357357,1648.562563,1.649273273,-0.2452452452,752.1185185,12.46944945
2.91,0.00078997998,999.8419419,4.205903904,55.76766767,13.27417417,1648.08008,1.64878979,-0.2439139139,752.1037037,12.4652953
2.92,0.0007906006006,999.8417417,4.205882883,55.76996997,13.27477477,1647.597598,1.648306306,-0.2425825826,752.0888889,12.46114114
2.93,0.0007912212212,999.8415415,4.205861862,55.77227227,13.27537538,1647.115115,1.647822823,-0.2412512513,752.0740741,12.45698699
2.94,0.0007918418418,999.8413413,4.205840841,55.77457457,13.27597598,1646.632633,1.647339339,-0.2399199199,752.0592593,12.45283283
2.95,0.0007924624625,999.8411411,4.20581982,55.77687688,13.27657658,1646.15015,1.646855856,-0.2385885886,752.0444444,12.44867868
2.96,0.0007930830831,999.8409409,4.205798799,55.77917918,13.27717718,1645.667668,1.646372372,-0.2372572573,752.0296296,12.44452452
2.97,0.0007937037037,999.8407407,4.205777778,55.78148148,13.27777778,1645.185185,1.645888889,-0.2359259259,752.0148148,12.44037037
2.98,0.0007943243243,999.8405405,4.205756757,55.78378378,13.27837838,1644.702703,1.645405405,-0.2345945946,752,12.43621622
2.99,0.0007949449449,999.8403403,4.205735736,55.78608609,13.27897898,1644.22022,1.644921922,-0.2332632633,751.9851852,12.43206206
3,0.0007955655656,999.8401401,4.205714715,55.78838839,13.27957958,1643.737738,1.644438438,-0.2319319319,751.9703704,12.42790791
3.01,0.0007961861862,999.8399399,4.205693694,55.79069069,13.28018018,1643.255255,1.643954955,-0.2306006006,751.9555556,12.42375375
3.02,0.0007968068068,999.8397397,4.205672673,55.79299299,13.28078078,1642.772773,1.643471471,-0.2292692693,751.9407407,12.4195996
3.03,0.0007974274274,999.8395395,4.205651652,55.7952953,13.28138138,1642.29029,1.642987988,-0.2279379379,751.9259259,12.41544545
3.04,0.000798048048,999.8393393,4.205630631,55.7975976,13.28198198,1641.807808,1.642504505,-0.2266066066,751.9111111,12.41129129
3.05,0.0007986686687,999.8391391,4.20560961,55.7998999,13.28258258,1641.325325,1.642021021,-0.2252752753,751.8962963,12.40713714
3.06,0.0007992892893,999.8389389,4.205588589,55.8022022,13.28318318,1640.842843,1.641537538,-0.2239439439,751.8814815,12.40298298
3.07,0.0007999099099,999.8387387,4.205567568,55.8045045,13.28378378,1640.36036,1.641054054,-0.2226126126,751.8666667,12.39882883
3.08,0.0008005305305,999.8385385,4.205546547,55.80680681,13.28438438,1639.877878,1.640570571,-0.2212812813,751.8518519,12.39467467
3.09,0.0008011511512,999.8383383,4.205525526,55.80910911,13.28498498,1639.395395,1.640087087,-0.2199499499,751.837037,12.39052052
3.1,0.0008017717718,999.8381381,4.205504505,55.81141141,13.28558559,1638.912913,1.639603604,-0.2186186186,751.8222222,12.38636637
3.11,0.0008023923924,999.8379379,4.205483483,55.81371371,13.28618619,1638.43043,1.63912012,-0.2172872873,751.8074074,12.38221221
3.12,0.000803013013,999.8377377,4.205462462,55.81601602,13.28678679,1637.947948,1.638636637,-0.215955956,751.7925926,12.37805806
3.13,0.0008036336336,999.8375375,4.205441441,55.81831832,13.28738739,1637.465465,1.638153153,-0.2146246246,751.7777778,12.3739039
3.14,0.0008042542543,999.8373373,4.20542042,55.82062062,13.28798799,1636.982983,1.63766967,-0.2132932933,751.762963,12.36974975
3.15,0.0008048748749,999.8371371,4.205399399,55.82292292,13.28858859,1636.500501,1.637186186,-0.211961962,751.7481481,12.3655956
3.16,0.0008054954955,999.8369369,4.205378378,55.82522523,13.28918919,1636.018018,1.636702703,-0.2106306306,751.7333333,12.36144144
3.17,0.0008061161161,999.8367367,4.205357357,55.82752753,13.28978979,1635.535536,1.636219219,-0.2092992993,751.7185185,12.35728729
3.18,0.0008067367367,999.8365365,4.205336336,55.82982983,13.29039039,1635.053053,1.635735736,-0.207967968,751.7037037,12.35313313
3.19,0.0008073573574,999.8363363,4.205315315,55.83213213,13.29099099,1634.570571,1.635252252,-0.2066366366,751.6888889,12.34897898
3.2,0.000807977978,999.8361361,4.205294294,55.83443443,13.29159159,1634.088088,1.634768769,-0.2053053053,751.6740741,12.34482482
3.21,0.0008085985986,999.8359359,4.205273273,55.83673674,13.29219219,1633.605606,1.634285285,-0.203973974,751.6592593,12.34067067
3.22,0.0008092192192,999.8357357,4.205252252,55.83903904,13.29279279,1633.123123,1.633801802,-0.2026426426,751.6444444,12.33651652
3.23,0.0008098398398,999.8355355,4.205231231,55.84134134,13.29339339,1632.640641,1.633318318,-0.2013113113,751.6296296,12.33236236
3.24,0.0008104604605,999.8353353,4.20521021,55.84364364,13.29399399,1632.158158,1.632834835,-0.19997998,751.6148148,12.32820821
3.25,0.0008110810811,999.8351351,4.205189189,55.84594595,13.29459459,1631.675676,1.632351351,-0.1986486486,751.6,12.32405405
3.26,0.0008117017017,999.8349349,4.205168168,55.84824825,13.2951952,1631.193193,1.631867868,-0.1973173173,751.5851852,12.3198999
3.27,0.0008123223223,999.8347347,4.205147147,55.85055055,13.2957958,1630.710711,1.631384384,-0.195985986,751.5703704,12.31574575
3.28,0.0008129429429,999.8345345,4.205126126,55.85285285,13.2963964,1630.228228,1.630900901,-0.1946546547,751.5555556,12.31159159
3.29,0.0008135635636,999.8343343,4.205105105,55.85515516,13.296997,1629.745746,1.630417417,-0.1933233233,751.5407407,12.30743744
3.3,0.0008141841842,999.8341341,4.205084084,55.85745746,13.2975976,1629.263263,1.629933934,-0.191991992,751.5259259,12.30328328
3.31,0.0008148048048,999.8339339,4.205063063,55.85975976,13.2981982,1628.780781,1.62945045,-0.1906606607,751.5111111,12.29912913
3.32,0.0008154254254,999.8337337,4.205042042,55.86206206,13.2987988,1628.298298,1.628966967,-0.1893293293,751.4962963,12.29497497
3.33,0.000816046046,999.8335335,4.205021021,55.86436436,13.2993994,1627.815816,1.628483483,-0.187997998,751.4814815,12.29082082
3.34,0.0008166666667,999.8333333,4.205,55.86666667,13.3,1627.333333,1.628,-0.1866666667,751.4666667,12.28666667
3.35,0.0008172872873,999.8331331,4.204978979,55.86896897,13.3006006,1626.850851,1.627516517,-0.1853353353,751.4518519,12.28251251
3.36,0.0008179079079,999.8329329,4.204957958,55.87127127,13.3012012,1626.368368,1.627033033,-0.184004004,751.437037,12.27835836
3.37,0.0008185285285,999.8327327,4.204936937,55.87357357,13.3018018,1625.885886,1.62654955,-0.1826726727,751.4222222,12.2742042
3.38,0.0008191491491,999.8325325,4.204915916,55.87587588,13.3024024,1625.403403,1.626066066,-0.1813413413,751.4074074,12.27005005
3.39,0.0008197697698,999.8323323,4.204894895,55.87817818,13.303003,1624.920921,1.625582583,-0.18001001,751.3925926,12.2658959
3.4,0.0008203903904,999.8321321,4.204873874,55.88048048,13.3036036,1624.438438,1.625099099,-0.1786786787,751.3777778,12.26174174
3.41,0.000821011011,999.8319319,4.204852853,55.88278278,13.3042042,1623.955956,1.624615616,-0.1773473473,751.362963,12.25758759
3.42,0.0008216316316,999.8317317,4.204831832,55.88508509,13.3048048,1623.473473,1.624132132,-0.176016016,751.3481481,12.25343343
3.43,0.0008222522523,999.8315315,4.204810811,55.88738739,13.30540541,1622.990991,1.623648649,-0.1746846847,751.3333333,12.24927928
3.44,0.0008228728729,999.8313313,4.20478979,55.88968969,13.30600601,1622.508509,1.623165165,-0.1733533534,751.3185185,12.24512513
3.45,0.0008234934935,999.8311311,4.204768769,55.89199199,13.30660661,1622.026026,1.622681682,-0.172022022,751.3037037,12.24097097
3.46,0.0008241141141,999.8309309,4.204747748,55.89429429,13.30720721,1621.543544,1.622198198,-0.1706906907,751.2888889,12.23681682
3.47,0.0008247347347,999.8307307,4.204726727,55.8965966,13.30780781,1621.061061,1.621714715,-0.1693593594,751.2740741,12.23266266
3.48,0.0008253553554,999.8305305,4.204705706,55.8988989,13.30840841,1620.578579,1.621231231,-0.168028028,751.2592593,12.22850851
3.49,0.000825975976,999.8303303,4.204684685,55.9012012,13.30900901,1620.096096,1.620747748,-0.1666966967,751.2444444,12.22435435
3.5,0.0008265965966,999.8301301,4.204663664,55.9035035,13.30960961,1619.613614,1.620264264,-0.1653653654,751.2296296,12.2202002
3.51,0.0008272172172,999.8299299,4.204642643,55.90580581,13.31021021,1619.131131,1.619780781,-0.164034034,751.2148148,12.21604605
3.52,0.0008278378378,999.8297297,4.204621622,55.90810811,13.31081081,1618.648649,1.619297297,-0.1627027027,751.2,12.21189189
3.53,0.0008284584585,999.8295295,4.204600601,55.91041041,13.31141141,1618.166166,1.618813814,-0.1613713714,751.1851852,12.20773774
3.54,0.0008290790791,999.8293293,4.20457958,55.91271271,13.31201201,1617.683684,1.61833033,-0.16004004,751.1703704,12.20358358
3.55,0.0008296996997,999.8291291,4.204558559,55.91501502,13.31261261,1617.201201,1.617846847,-0.1587087087,751.1555556,12.19942943
3.56,0.0008303203203,999.8289289,4.204537538,55.91731732,13.31321321,1616.718719,1.617363363,-0.1573773774,751.1407407,12.19527528
3.57,0.0008309409409,999.8287287,4.204516517,55.91961962,13.31381381,1616.236236,1.61687988,-0.156046046,751.1259259,12.19112112
3.58,0.0008315615616,999.8285285,4.204495495,55.92192192,13.31441441,1615.753754,1.616396396,-0.1547147147,751.1111111,12.18696697
3.59,0.0008321821822,999.8283283,4.204474474,55.92422422,13.31501502,1615.271271,1.615912913,-0.1533833834,751.0962963,12.18281281
3.6,0.0008328028028,999.8281281,4.204453453,55.92652653,13.31561562,1614.788789,1.615429429,-0.1520520521,751.0814815,12.17865866
3.61,0.0008334234234,999.8279279,4.204432432,55.92882883,13.31621622,1614.306306,1.614945946,-0.1507207207,751.0666667,12.1745045
3.62,0.000834044044,999.8277277,4.204411411,55.93113113,13.31681682,1613.823824,1.614462462,-0.1493893894,751.0518519,12.17035035
3.63,0.0008346646647,999.8275275,4.20439039,55.93343343,13.31741742,1613.341341,1.613978979,-0.1480580581,751.037037,12.1661962
3.64,0.0008352852853,999.8273273,4.204369369,55.93573574,13.31801802,1612.858859,1.613495495,-0.1467267267,751.0222222,12.16204204
3.65,0.0008359059059,999.8271271,4.204348348,55.93803804,13.31861862,1612.376376,1.613012012,-0.1453953954,751.0074074,12.15788789
3.66,0.0008365265265,999.8269269,4.204327327,55.94034034,13.31921922,1611.893894,1.612528529,-0.1440640641,750.9925926,12.15373373
3.67,0.0008371471471,999.8267267,4.204306306,55.94264264,13.31981982,1611.411411,1.612045045,-0.1427327327,750.9777778,12.14957958
3.68,0.0008377677678,999.8265265,4.204285285,55.94494494,13.32042042,1610.928929,1.611561562,-0.1414014014,750.962963,12.14542543
3.69,0.0008383883884,999.8263263,4.204264264,55.94724725,13.32102102,1610.446446,1.611078078,-0.1400700701,750.9481481,12.14127127
3.7,0.000839009009,999.8261261,4.204243243,55.94954955,13.32162162,1609.963964,1.610594595,-0.1387387387,750.9333333,12.13711712
3.71,0.0008396296296,999.8259259,4.204222222,55.95185185,13.32222222,1609.481481,1.610111111,-0.1374074074,750.9185185,12.13296296
3.72,0.0008402502503,999.8257257,4.204201201,55.95415415,13.32282282,1608.998999,1.609627628,-0.1360760761,750.9037037,12.12880881
3.73,0.0008408708709,999.8255255,4.20418018,55.95645646,13.32342342,1608.516517,1.609144144,-0.1347447447,750.8888889,12.12465465
3.74,0.0008414914915,999.8253253,4.204159159,55.95875876,13.32402402,1608.034034,1.608660661,-0.1334134134,750.8740741,12.1205005
3.75,0.0008421121121,999.8251251,4.204138138,55.96106106,13.32462462,1607.551552,1.608177177,-0.1320820821,750.8592593,12.11634635
3.76,0.0008427327327,999.8249249,4.204117117,55.96336336,13.32522523,1607.069069,1.607693694,-0.1307507508,750.8444444,12.11219219
3.77,0.0008433533534,999.8247247,4.204096096,55.96566567,13.32582583,1606.586587,1.60721021,-0.1294194194,750.8296296,12.10803804
3.78,0.000843973974,999.8245245,4.204075075,55.96796797,13.32642643,1606.104104,1.606726727,-0.1280880881,750.8148148,12.10388388
3.79,0.0008445945946,999.8243243,4.204054054,55.97027027,13.32702703,1605.621622,1.606243243,-0.1267567568,750.8,12.09972973
3.8,0.0008452152152,999.8241241,4.204033033,55.97257257,13.32762763,1605.139139,1.60575976,-0.1254254254,750.7851852,12.09557558
3.81,0.0008458358358,999.8239239,4.204012012,55.97487487,13.32822823,1604.656657,1.605276276,-0.1240940941,750.7703704,12.09142142
3.82,0.0008464564565,999.8237237,4.203990991,55.97717718,13.32882883,1604.174174,1.604792793,-0.1227627628,750.7555556,12.08726727
3.83,0.0008470770771,999.8235235,4.20396997,55.97947948,13.32942943,1603.691692,1.604309309,-0.1214314314,750.7407407,12.08311311
3.84,0.0008476976977,999.8233233,4.203948949,55.98178178,13.33003003,1603.209209,1.603825826,-0.1201001001,750.7259259,12.07895896
3.85,0.0008483183183,999.8231231,4.203927928,55.98408408,13.33063063,1602.726727,1.603342342,-0.1187687688,750.7111111,12.0748048
3.86,0.0008489389389,999.8229229,4.203906907,55.98638639,13.33123123,1602.244244,1.602858859,-0.1174374374,750.6962963,12.07065065
3.87,0.0008495595596,999.8227227,4.203885886,55.98868869,13.33183183,1601.761762,1.602375375,-0.1161061061,750.6814815,12.0664965
3.88,0.0008501801802,999.8225225,4.203864865,55.99099099,13.33243243,1601.279279,1.601891892,-0.1147747748,750.6666667,12.06234234
3.89,0.0008508008008,999.8223223,4.203843844,55.99329329,13.33303303,1600.796797,1.601408408,-0.1134434434,750.6518519,12.05818819
3.9,0.0008514214214,999.8221221,4.203822823,55.9955956,13.33363363,1600.314314,1.600924925,-0.1121121121,750.637037,12.05403403
3.91,0.000852042042,999.8219219,4.203801802,55.9978979,13.33423423,1599.831832,1.600441441,-0.1107807808,750.6222222,12.04987988
3.92,0.0008526626627,999.8217217,4.203780781,56.0002002,13.33483483,1599.349349,1.599957958,-0.1094494494,750.6074074,12.04572573
3.93,0.0008532832833,999.8215215,4.20375976,56.0025025,13.33543544,1598.866867,1.599474474,-0.1081181181,750.5925926,12.04157157
3.94,0.0008539039039,999.8213213,4.203738739,56.0048048,13.33603604,1598.384384,1.598990991,-0.1067867868,750.5777778,12.03741742
3.95,0.0008545245245,999.8211211,4.203717718,56.00710711,13.33663664,1597.901902,1.598507508,-0.1054554555,750.562963,12.03326326
3.96,0.0008551451451,999.8209209,4.203696697,56.00940941,13.33723724,1597.419419,1.598024024,-0.1041241241,750.5481481,12.02910911
3.97,0.0008557657658,999.8207207,4.203675676,56.01171171,13.33783784,1596.936937,1.597540541,-0.1027927928,750.5333333,12.02495495
3.98,0.0008563863864,999.8205205,4.203654655,56.01401401,13.33843844,1596.454454,1.597057057,-0.1014614615,750.5185185,12.0208008
3.99,0.000857007007,999.8203203,4.203633634,56.01631632,13.33903904,1595.971972,1.596573574,-0.1001301301,750.5037037,12.01664665
4,0.0008576276276,999.8201201,4.203612613,56.01861862,13.33963964,1595.489489,1.59609009,-0.0987987988,750.4888889,12.01249249
4.01,0.0008582482482,999.8199199,4.203591592,56.02092092,13.34024024,1595.007007,1.595606607,-0.09746746747,750.4740741,12.00833834
4.02,0.0008588688689,999.8197197,4.203570571,56.02322322,13.34084084,1594.524525,1.595123123,-0.09613613614,750.4592593,12.00418418
4.03,0.0008594894895,999.8195195,4.20354955,56.02552553,13.34144144,1594.042042,1.59463964,-0.0948048048,750.4444444,12.00003003
4.04,0.0008601101101,999.8193193,4.203528529,56.02782783,13.34204204,1593.55956,1.594156156,-0.09347347347,750.4296296,11.99587588
4.05,0.0008607307307,999.8191191,4.203507508,56.03013013,13.34264264,1593.077077,1.593672673,-0.09214214214,750.4148148,11.99172172
4.06,0.0008613513514,999.8189189,4.203486486,56.03243243,13.34324324,1592.594595,1.593189189,-0.09081081081,750.4,11.98756757
4.07,0.000861971972,999.8187187,4.203465465,56.03473473,13.34384384,1592.112112,1.592705706,-0.08947947948,750.3851852,11.98341341
4.08,0.0008625925926,999.8185185,4.203444444,56.03703704,13.34444444,1591.62963,1.592222222,-0.08814814815,750.3703704,11.97925926
4.09,0.0008632132132,999.8183183,4.203423423,56.03933934,13.34504505,1591.147147,1.591738739,-0.08681681682,750.3555556,11.97510511
4.1,0.0008638338338,999.8181181,4.203402402,56.04164164,13.34564565,1590.664665,1.591255255,-0.08548548549,750.3407407,11.97095095
4.11,0.0008644544545,999.8179179,4.203381381,56.04394394,13.34624625,1590.182182,1.590771772,-0.08415415415,750.3259259,11.9667968
4.12,0.0008650750751,999.8177177,4.20336036,56.04624625,13.34684685,1589.6997,1.590288288,-0.08282282282,750.3111111,11.96264264
4.13,0.0008656956957,999.8175175,4.203339339,56.04854855,13.34744745,1589.217217,1.589804805,-0.08149149149,750.2962963,11.95848849
4.14,0.0008663163163,999.8173173,4.203318318,56.05085085,13.34804805,1588.734735,1.589321321,-0.08016016016,750.2814815,11.95433433
4.15,0.0008669369369,999.8171171,4.203297297,56.05315315,13.34864865,1588.252252,1.588837838,-0.07882882883,750.2666667,11.95018018
4.16,0.0008675575576,999.8169169,4.203276276,56.05545546,13.34924925,1587.76977,1.588354354,-0.0774974975,750.2518519,11.94602603
4.17,0.0008681781782,999.8167167,4.203255255,56.05775776,13.34984985,1587.287287,1.587870871,-0.07616616617,750.237037,11.94187187
4.18,0.0008687987988,999.8165165,4.203234234,56.06006006,13.35045045,1586.804805,1.587387387,-0.07483483483,750.2222222,11.93771772
4.19,0.0008694194194,999.8163163,4.203213213,56.06236236,13.35105105,1586.322322,1.586903904,-0.0735035035,750.2074074,11.93356356
4.2,0.00087004004,999.8161161,4.203192192,56.06466466,13.35165165,1585.83984,1.58642042,-0.07217217217,750.1925926,11.92940941
4.21,0.0008706606607,999.8159159,4.203171171,56.06696697,13.35225225,1585.357357,1.585936937,-0.07084084084,750.1777778,11.92525526
4.22,0.0008712812813,999.8157157,4.20315015,56.06926927,13.35285285,1584.874875,1.585453453,-0.06950950951,750.162963,11.9211011
4.23,0.0008719019019,999.8155155,4.203129129,56.07157157,13.35345345,1584.392392,1.58496997,-0.06817817818,750.1481481,11.91694695
4.24,0.0008725225225,999.8153153,4.203108108,56.07387387,13.35405405,1583.90991,1.584486486,-0.06684684685,750.1333333,11.91279279
4.25,0.0008731431431,999.8151151,4.203087087,56.07617618,13.35465465,1583.427427,1.584003003,-0.06551551552,750.1185185,11.90863864
4.26,0.0008737637638,999.8149149,4.203066066,56.07847848,13.35525526,1582.944945,1.58351952,-0.06418418418,750.1037037,11.90448448
4.27,0.0008743843844,999.8147147,4.203045045,56.08078078,13.35585586,1582.462462,1.583036036,-0.06285285285,750.0888889,11.90033033
4.28,0.000875005005,999.8145145,4.203024024,56.08308308,13.35645646,1581.97998,1.582552553,-0.06152152152,750.0740741,11.89617618
4.29,0.0008756256256,999.8143143,4.203003003,56.08538539,13.35705706,1581.497497,1.582069069,-0.06019019019,750.0592593,11.89202202
4.3,0.0008762462462,999.8141141,4.202981982,56.08768769,13.35765766,1581.015015,1.581585586,-0.05885885886,750.0444444,11.88786787
4.31,0.0008768668669,999.8139139,4.202960961,56.08998999,13.35825826,1580.532533,1.581102102,-0.05752752753,750.0296296,11.88371371
4.32,0.0008774874875,999.8137137,4.20293994,56.09229229,13.35885886,1580.05005,1.580618619,-0.0561961962,750.0148148,11.87955956
4.33,0.0008781081081,999.8135135,4.202918919,56.09459459,13.35945946,1579.567568,1.580135135,-0.05486486486,750,11.87540541
4.34,0.0008787287287,999.8133133,4.202897898,56.0968969,13.36006006,1579.085085,1.579651652,-0.05353353353,749.9851852,11.87125125
4.35,0.0008793493493,999.8131131,4.202876877,56.0991992,13.36066066,1578.602603,1.579168168,-0.0522022022,749.9703704,11.8670971
4.36,0.00087996997,999.8129129,4.202855856,56.1015015,13.36126126,1578.12012,1.578684685,-0.05087087087,749.9555556,11.86294294
4.37,0.0008805905906,999.8127127,4.202834835,56.1038038,13.36186186,1577.637638,1.578201201,-0.04953953954,749.9407407,11.85878879
4.38,0.0008812112112,999.8125125,4.202813814,56.10610611,13.36246246,1577.155155,1.577717718,-0.04820820821,749.9259259,11.85463463
4.39,0.0008818318318,999.8123123,4.202792793,56.10840841,13.36306306,1576.672673,1.577234234,-0.04687687688,749.9111111,11.85048048
4.4,0.0008824524525,999.8121121,4.202771772,56.11071071,13.36366366,1576.19019,1.576750751,-0.04554554555,749.8962963,11.84632633
4.41,0.0008830730731,999.8119119,4.202750751,56.11301301,13.36426426,1575.707708,1.576267267,-0.04421421421,749.8814815,11.84217217
4.42,0.0008836936937,999.8117117,4.20272973,56.11531532,13.36486486,1575.225225,1.575783784,-0.04288288288,749.8666667,11.83801802
4.43,0.0008843143143,999.8115115,4.202708709,56.11761762,13.36546547,1574.742743,1.5753003,-0.04155155155,749.8518519,11.83386386
4.44,0.0008849349349,999.8113113,4.202687688,56.11991992,13.36606607,1574.26026,1.574816817,-0.04022022022,749.837037,11.82970971
4.45,0.0008855555556,999.8111111,4.202666667,56.12222222,13.36666667,1573.777778,1.574333333,-0.03888888889,749.8222222,11.82555556
4.46,0.0008861761762,999.8109109,4.202645646,56.12452452,13.36726727,1573.295295,1.57384985,-0.03755755756,749.8074074,11.8214014
4.47,0.0008867967968,999.8107107,4.202624625,56.12682683,13.36786787,1572.812813,1.573366366,-0.03622622623,749.7925926,11.81724725
4.48,0.0008874174174,999.8105105,4.202603604,56.12912913,13.36846847,1572.33033,1.572882883,-0.03489489489,749.7777778,11.81309309
4.49,0.000888038038,999.8103103,4.202582583,56.13143143,13.36906907,1571.847848,1.572399399,-0.03356356356,749.762963,11.80893894
4.5,0.0008886586587,999.8101101,4.202561562,56.13373373,13.36966967,1571.365365,1.571915916,-0.03223223223,749.7481481,11.80478478
4.51,0.0008892792793,999.8099099,4.202540541,56.13603604,13.37027027,1570.882883,1.571432432,-0.0309009009,749.7333333,11.80063063
4.52,0.0008898998999,999.8097097,4.20251952,56.13833834,13.37087087,1570.4004,1.570948949,-0.02956956957,749.7185185,11.79647648
4.53,0.0008905205205,999.8095095,4.202498498,56.14064064,13.37147147,1569.917918,1.570465465,-0.02823823824,749.7037037,11.79232232
4.54,0.0008911411411,999.8093093,4.202477477,56.14294294,13.37207207,1569.435435,1.569981982,-0.02690690691,749.6888889,11.78816817
4.55,0.0008917617618,999.8091091,4.202456456,56.14524525,13.37267267,1568.952953,1.569498498,-0.02557557558,749.6740741,11.78401401
4.56,0.0008923823824,999.8089089,4.202435435,56.14754755,13.37327327,1568.47047,1.569015015,-0.02424424424,749.6592593,11.77985986
4.57,0.000893003003,999.8087087,4.202414414,56.14984985,13.37387387,1567.987988,1.568531532,-0.02291291291,749.6444444,11.77570571
4.58,0.0008936236236,999.8085085,4.202393393,56.15215215,13.37447447,1567.505506,1.568048048,-0.02158158158,749.6296296,11.77155155
4.59,0.0008942442442,999.8083083,4.202372372,56.15445445,13.37507508,1567.023023,1.567564565,-0.02025025025,749.6148148,11.7673974
4.6,0.0008948648649,999.8081081,4.202351351,56.15675676,13.37567568,1566.540541,1.567081081,-0.01891891892,749.6,11.76324324
4.61,0.0008954854855,999.8079079,4.20233033,56.15905906,13.37627628,1566.058058,1.566597598,-0.01758758759,749.5851852,11.75908909
4.62,0.0008961061061,999.8077077,4.202309309,56.16136136,13.37687688,1565.575576,1.566114114,-0.01625625626,749.5703704,11.75493493
4.63,0.0008967267267,999.8075075,4.202288288,56.16366366,13.37747748,1565.093093,1.565630631,-0.01492492492,749.5555556,11.75078078
4.64,0.0008973473473,999.8073073,4.202267267,56.16596597,13.37807808,1564.610611,1.565147147,-0.01359359359,749.5407407,11.74662663
4.65,0.000897967968,999.8071071,4.202246246,56.16826827,13.37867868,1564.128128,1.564663664,-0.01226226226,749.5259259,11.74247247
4.66,0.0008985885886,999.8069069,4.202225225,56.17057057,13.37927928,1563.645646,1.56418018,-0.01093093093,749.5111111,11.73831832
4.67,0.0008992092092,999.8067067,4.202204204,56.17287287,13.37987988,1563.163163,1.563696697,-0.0095995996,749.4962963,11.73416416
4.68,0.0008998298298,999.8065065,4.202183183,56.17517518,13.38048048,1562.680681,1.563213213,-0.008268268268,749.4814815,11.73001001
4.69,0.0009004504505,999.8063063,4.202162162,56.17747748,13.38108108,1562.198198,1.56272973,-0.006936936937,749.4666667,11.72585586
4.7,0.0009010710711,999.8061061,4.202141141,56.17977978,13.38168168,1561.715716,1.562246246,-0.005605605606,749.4518519,11.7217017
4.71,0.0009016916917,999.8059059,4.20212012,56.18208208,13.38228228,1561.233233,1.561762763,-0.004274274274,749.437037,11.71754755
4.72,0.0009023123123,999.8057057,4.202099099,56.18438438,13.38288288,1560.750751,1.561279279,-0.002942942943,749.4222222,11.71339339
4.73,0.0009029329329,999.8055055,4.202078078,56.18668669,13.38348348,1560.268268,1.560795796,-0.001611611612,749.4074074,11.70923924
4.74,0.0009035535536,999.8053053,4.202057057,56.18898899,13.38408408,1559.785786,1.560312312,-0.0002802802803,749.3925926,11.70508509
4.75,0.0009041741742,999.8051051,4.202036036,56.19129129,13.38468468,1559.303303,1.559828829,0.001051051051,749.3777778,11.70093093
4.76,0.0009047947948,999.8049049,4.202015015,56.19359359,13.38528529,1558.820821,1.559345345,0.002382382382,749.362963,11.69677678
4.77,0.0009054154154,999.8047047,4.201993994,56.1958959,13.38588589,1558.338338,1.558861862,0.003713713714,749.3481481,11.69262262
4.78,0.000906036036,999.8045045,4.201972973,56.1981982,13.38648649,1557.855856,1.558378378,0.005045045045,749.3333333,11.68846847
4.79,0.0009066566567,999.8043043,4.201951952,56.2005005,13.38708709,1557.373373,1.557894895,0.006376376376,749.3185185,11.68431431
4.8,0.0009072772773,999.8041041,4.201930931,56.2028028,13.38768769,1556.890891,1.557411411,0.007707707708,749.3037037,11.68016016
4.81,0.0009078978979,999.8039039,4.20190991,56.20510511,13.38828829,1556.408408,1.556927928,0.009039039039,749.2888889,11.67600601
4.82,0.0009085185185,999.8037037,4.201888889,56.20740741,13.38888889,1555.925926,1.556444444,0.01037037037,749.2740741,11.67185185
4.83,0.0009091391391,999.8035035,4.201867868,56.20970971,13.38948949,1555.443443,1.555960961,0.0117017017,749.2592593,11.6676977
4.84,0.0009097597598,999.8033033,4.201846847,56.21201201,13.39009009,1554.960961,1.555477477,0.01303303303,749.2444444,11.66354354
4.85,0.0009103803804,999.8031031,4.201825826,56.21431431,13.39069069,1554.478478,1.554993994,0.01436436436,749.2296296,11.65938939
4.86,0.000911001001,999.8029029,4.201804805,56.21661662,13.39129129,1553.995996,1.554510511,0.0156956957,749.2148148,11.65523524
4.87,0.0009116216216,999.8027027,4.201783784,56.21891892,13.39189189,1553.513514,1.554027027,0.01702702703,749.2,11.65108108
4.88,0.0009122422422,999.8025025,4.201762763,56.22122122,13.39249249,1553.031031,1.553543544,0.01835835836,749.1851852,11.64692693
4.89,0.0009128628629,999.8023023,4.201741742,56.22352352,13.39309309,1552.548549,1.55306006,0.01968968969,749.1703704,11.64277277
4.9,0.0009134834835,999.8021021,4.201720721,56.22582583,13.39369369,1552.066066,1.552576577,0.02102102102,749.1555556,11.63861862
4.91,0.0009141041041,999.8019019,4.2016997,56.22812813,13.39429429,1551.583584,1.552093093,0.02235235235,749.1407407,11.63446446
4.92,0.0009147247247,999.8017017,4.201678679,56.23043043,13.39489489,1551.101101,1.55160961,0.02368368368,749.1259259,11.63031031
4.93,0.0009153453453,999.8015015,4.201657658,56.23273273,13.3954955,1550.618619,1.551126126,0.02501501502,749.1111111,11.62615616
4.94,0.000915965966,999.8013013,4.201636637,56.23503504,13.3960961,1550.136136,1.550642643,0.02634634635,749.0962963,11.622002
4.95,0.0009165865866,999.8011011,4.201615616,56.23733734,13.3966967,1549.653654,1.550159159,0.02767767768,749.0814815,11.61784785
4.96,0.0009172072072,999.8009009,4.201594595,56.23963964,13.3972973,1549.171171,1.549675676,0.02900900901,749.0666667,11.61369369
4.97,0.0009178278278,999.8007007,4.201573574,56.24194194,13.3978979,1548.688689,1.549192192,0.03034034034,749.0518519,11.60953954
4.98,0.0009184484484,999.8005005,4.201552553,56.24424424,13.3984985,1548.206206,1.548708709,0.03167167167,749.037037,11.60538539
4.99,0.0009190690691,999.8003003,4.201531532,56.24654655,13.3990991,1547.723724,1.548225225,0.033003003,749.0222222,11.60123123
5,0.0009196896897,999.8001001,4.201510511,56.24884885,13.3996997,1547.241241,1.547741742,0.03433433433,749.0074074,11.59707708
5.01,0.0009203103103,999.7998999,4.201489489,56.25115115,13.4003003,1546.758759,1.547258258,0.03566566567,748.9925926,11.59292292
5.02,0.0009209309309,999.7996997,4.201468468,56.25345345,13.4009009,1546.276276,1.546774775,0.036996997,748.9777778,11.58876877
5.03,0.0009215515516,999.7994995,4.201447447,56.25575576,13.4015015,1545.793794,1.546291291,0.03832832833,748.962963,11.58461461
5.04,0.0009221721722,999.7992993,4.201426426,56.25805806,13.4021021,1545.311311,1.545807808,0.03965965966,748.9481481,11.58046046
5.05,0.0009227927928,999.7990991,4.201405405,56.26036036,13.4027027,1544.828829,1.545324324,0.04099099099,748.9333333,11.57630631
5.06,0.0009234134134,999.7988989,4.201384384,56.26266266,13.4033033,1544.346346,1.544840841,0.04232232232,748.9185185,11.57215215
5.07,0.000924034034,999.7986987,4.201363363,56.26496496,13.4039039,1543.863864,1.544357357,0.04365365365,748.9037037,11.567998
5.08,0.0009246546547,999.7984985,4.201342342,56.26726727,13.4045045,1543.381381,1.543873874,0.04498498498,748.8888889,11.56384384
5.09,0.0009252752753,999.7982983,4.201321321,56.26956957,13.40510511,1542.898899,1.54339039,0.04631631632,748.8740741,11.55968969
5.1,0.0009258958959,999.7980981,4.2013003,56.27187187,13.40570571,1542.416416,1.542906907,0.04764764765,748.8592593,11.55553554
5.11,0.0009265165165,999.7978979,4.201279279,56.27417417,13.40630631,1541.933934,1.542423423,0.04897897898,748.8444444,11.55138138
5.12,0.0009271371371,999.7976977,4.201258258,56.27647648,13.40690691,1541.451451,1.54193994,0.05031031031,748.8296296,11.54722723
5.13,0.0009277577578,999.7974975,4.201237237,56.27877878,13.40750751,1540.968969,1.541456456,0.05164164164,748.8148148,11.54307307
5.14,0.0009283783784,999.7972973,4.201216216,56.28108108,13.40810811,1540.486486,1.540972973,0.05297297297,748.8,11.53891892
5.15,0.000928998999,999.7970971,4.201195195,56.28338338,13.40870871,1540.004004,1.540489489,0.0543043043,748.7851852,11.53476476
5.16,0.0009296196196,999.7968969,4.201174174,56.28568569,13.40930931,1539.521522,1.540006006,0.05563563564,748.7703704,11.53061061
5.17,0.0009302402402,999.7966967,4.201153153,56.28798799,13.40990991,1539.039039,1.539522523,0.05696696697,748.7555556,11.52645646
5.18,0.0009308608609,999.7964965,4.201132132,56.29029029,13.41051051,1538.556557,1.539039039,0.0582982983,748.7407407,11.5223023
5.19,0.0009314814815,999.7962963,4.201111111,56.29259259,13.41111111,1538.074074,1.538555556,0.05962962963,748.7259259,11.51814815
5.2,0.0009321021021,999.7960961,4.20109009,56.29489489,13.41171171,1537.591592,1.538072072,0.06096096096,748.7111111,11.51399399
5.21,0.0009327227227,999.7958959,4.201069069,56.2971972,13.41231231,1537.109109,1.537588589,0.06229229229,748.6962963,11.50983984
5.22,0.0009333433433,999.7956957,4.201048048,56.2994995,13.41291291,1536.626627,1.537105105,0.06362362362,748.6814815,11.50568569
5.23,0.000933963964,999.7954955,4.201027027,56.3018018,13.41351351,1536.144144,1.536621622,0.06495495495,748.6666667,11.50153153
5.24,0.0009345845846,999.7952953,4.201006006,56.3041041,13.41411411,1535.661662,1.536138138,0.06628628629,748.6518519,11.49737738
5.25,0.0009352052052,999.7950951,4.200984985,56.30640641,13.41471471,1535.179179,1.535654655,0.06761761762,748.637037,11.49322322
5.26,0.0009358258258,999.7948949,4.200963964,56.30870871,13.41531532,1534.696697,1.535171171,0.06894894895,748.6222222,11.48906907
5.27,0.0009364464464,999.7946947,4.200942943,56.31101101,13.41591592,1534.214214,1.534687688,0.07028028028,748.6074074,11.48491491
5.28,0.0009370670671,999.7944945,4.200921922,56.31331331,13.41651652,1533.731732,1.534204204,0.07161161161,748.5925926,11.48076076
5.29,0.0009376876877,999.7942943,4.200900901,56.31561562,13.41711712,1533.249249,1.533720721,0.07294294294,748.5777778,11.47660661
5.3,0.0009383083083,999.7940941,4.20087988,56.31791792,13.41771772,1532.766767,1.533237237,0.07427427427,748.562963,11.47245245
5.31,0.0009389289289,999.7938939,4.200858859,56.32022022,13.41831832,1532.284284,1.532753754,0.07560560561,748.5481481,11.4682983
5.32,0.0009395495495,999.7936937,4.200837838,56.32252252,13.41891892,1531.801802,1.53227027,0.07693693694,748.5333333,11.46414414
5.33,0.0009401701702,999.7934935,4.200816817,56.32482482,13.41951952,1531.319319,1.531786787,0.07826826827,748.5185185,11.45998999
5.34,0.0009407907908,999.7932933,4.200795796,56.32712713,13.42012012,1530.836837,1.531303303,0.0795995996,748.5037037,11.45583584
5.35,0.0009414114114,999.7930931,4.200774775,56.32942943,13.42072072,1530.354354,1.53081982,0.08093093093,748.4888889,11.45168168
5.36,0.000942032032,999.7928929,4.200753754,56.33173173,13.42132132,1529.871872,1.530336336,0.08226226226,748.4740741,11.44752753
5.37,0.0009426526527,999.7926927,4.200732733,56.33403403,13.42192192,1529.389389,1.529852853,0.08359359359,748.4592593,11.44337337
5.38,0.0009432732733,999.7924925,4.200711712,56.33633634,13.42252252,1528.906907,1.529369369,0.08492492492,748.4444444,11.43921922
5.39,0.0009438938939,999.7922923,4.200690691,56.33863864,13.42312312,1528.424424,1.528885886,0.08625625626,748.4296296,11.43506507
5.4,0.0009445145145,999.7920921,4.20066967,56.34094094,13.42372372,1527.941942,1.528402402,0.08758758759,748.4148148,11.43091091
5.41,0.0009451351351,999.7918919,4.200648649,56.34324324,13.42432432,1527.459459,1.527918919,0.08891891892,748.4,11.42675676
5.42,0.0009457557558,999.7916917,4.200627628,56.34554555,13.42492492,1526.976977,1.527435435,0.09025025025,748.3851852,11.4226026
5.43,0.0009463763764,999.7914915,4.200606607,56.34784785,13.42552553,1526.494494,1.526951952,0.09158158158,748.3703704,11.41844845
5.44,0.000946996997,999.7912913,4.200585586,56.35015015,13.42612613,1526.012012,1.526468468,0.09291291291,748.3555556,11.41429429
5.45,0.0009476176176,999.7910911,4.200564565,56.35245245,13.42672673,1525.52953,1.525984985,0.09424424424,748.3407407,11.41014014
5.46,0.0009482382382,999.7908909,4.200543544,56.35475475,13.42732733,1525.047047,1.525501502,0.09557557558,748.3259259,11.40598599
5.47,0.0009488588589,999.7906907,4.200522523,56.35705706,13.42792793,1524.564565,1.525018018,0.09690690691,748.3111111,11.40183183
5.48,0.0009494794795,999.7904905,4.200501502,56.35935936,13.42852853,1524.082082,1.524534535,0.09823823824,748.2962963,11.39767768
5.49,0.0009501001001,999.7902903,4.20048048,56.36166166,13.42912913,1523.5996,1.524051051,0.09956956957,748.2814815,11.39352352
5.5,0.0009507207207,999.7900901,4.200459459,56.36396396,13.42972973,1523.117117,1.523567568,0.1009009009,748.2666667,11.38936937
5.51,0.0009513413413,999.7898899,4.200438438,56.36626627,13.43033033,1522.634635,1.523084084,0.1022322322,748.2518519,11.38521522
5.52,0.000951961962,999.7896897,4.200417417,56.36856857,13.43093093,1522.152152,1.522600601,0.1035635636,748.237037,11.38106106
5.53,0.0009525825826,999.7894895,4.200396396,56.37087087,13.43153153,1521.66967,1.522117117,0.1048948949,748.2222222,11.37690691
5.54,0.0009532032032,999.7892893,4.200375375,56.37317317,13.43213213,1521.187187,1.521633634,0.1062262262,748.2074074,11.37275275
5.55,0.0009538238238,999.7890891,4.200354354,56.37547548,13.43273273,1520.704705,1.52115015,0.1075575576,748.1925926,11.3685986
5.56,0.0009544444444,999.7888889,4.200333333,56.37777778,13.43333333,1520.222222,1.520666667,0.1088888889,748.1777778,11.36444444
5.57,0.0009550650651,999.7886887,4.200312312,56.38008008,13.43393393,1519.73974,1.520183183,0.1102202202,748.162963,11.36029029
5.58,0.0009556856857,999.7884885,4.200291291,56.38238238,13.43453453,1519.257257,1.5196997,0.1115515516,748.1481481,11.35613614
5.59,0.0009563063063,999.7882883,4.20027027,56.38468468,13.43513514,1518.774775,1.519216216,0.1128828829,748.1333333,11.35198198
5.6,0.0009569269269,999.7880881,4.200249249,56.38698699,13.43573574,1518.292292,1.518732733,0.1142142142,748.1185185,11.34782783
5.61,0.0009575475475,999.7878879,4.200228228,56.38928929,13.43633634,1517.80981,1.518249249,0.1155455455,748.1037037,11.34367367
5.62,0.0009581681682,999.7876877,4.200207207,56.39159159,13.43693694,1517.327327,1.517765766,0.1168768769,748.0888889,11.33951952
5.63,0.0009587887888,999.7874875,4.200186186,56.39389389,13.43753754,1516.844845,1.517282282,0.1182082082,748.0740741,11.33536537
5.64,0.0009594094094,999.7872873,4.200165165,56.3961962,13.43813814,1516.362362,1.516798799,0.1195395395,748.0592593,11.33121121
5.65,0.00096003003,999.7870871,4.200144144,56.3984985,13.43873874,1515.87988,1.516315315,0.1208708709,748.0444444,11.32705706
5.66,0.0009606506507,999.7868869,4.200123123,56.4008008,13.43933934,1515.397397,1.515831832,0.1222022022,748.0296296,11.3229029
5.67,0.0009612712713,999.7866867,4.200102102,56.4031031,13.43993994,1514.914915,1.515348348,0.1235335335,748.0148148,11.31874875
5.68,0.0009618918919,999.7864865,4.200081081,56.40540541,13.44054054,1514.432432,1.514864865,0.1248648649,748,11.31459459
5.69,0.0009625125125,999.7862863,4.20006006,56.40770771,13.44114114,1513.94995,1.514381381,0.1261961962,747.9851852,11.31044044
5.7,0.0009631331331,999.7860861,4.200039039,56.41001001,13.44174174,1513.467467,1.513897898,0.1275275275,747.9703704,11.30628629
5.71,0.0009637537538,999.7858859,4.200018018,56.41231231,13.44234234,1512.984985,1.513414414,0.1288588589,747.9555556,11.30213213
5.72,0.0009643743744,999.7856857,4.199996997,56.41461461,13.44294294,1512.502503,1.512930931,0.1301901902,747.9407407,11.29797798
5.73,0.000964994995,999.7854855,4.199975976,56.41691692,13.44354354,1512.02002,1.512447447,0.1315215215,747.9259259,11.29382382
5.74,0.0009656156156,999.7852853,4.199954955,56.41921922,13.44414414,1511.537538,1.511963964,0.1328528529,747.9111111,11.28966967
5.75,0.0009662362362,999.7850851,4.199933934,56.42152152,13.44474474,1511.055055,1.51148048,0.1341841842,747.8962963,11.28551552
5.76,0.0009668568569,999.7848849,4.199912913,56.42382382,13.44534535,1510.572573,1.510996997,0.1355155155,747.8814815,11.28136136
5.77,0.0009674774775,999.7846847,4.199891892,56.42612613,13.44594595,1510.09009,1.510513514,0.1368468468,747.8666667,11.27720721
5.78,0.0009680980981,999.7844845,4.199870871,56.42842843,13.44654655,1509.607608,1.51003003,0.1381781782,747.8518519,11.27305305
5.79,0.0009687187187,999.7842843,4.19984985,56.43073073,13.44714715,1509.125125,1.509546547,0.1395095095,747.837037,11.2688989
5.8,0.0009693393393,999.7840841,4.199828829,56.43303303,13.44774775,1508.642643,1.509063063,0.1408408408,747.8222222,11.26474474
5.81,0.00096995996,999.7838839,4.199807808,56.43533534,13.44834835,1508.16016,1.50857958,0.1421721722,747.8074074,11.26059059
5.82,0.0009705805806,999.7836837,4.199786787,56.43763764,13.44894895,1507.677678,1.508096096,0.1435035035,747.7925926,11.25643644
5.83,0.0009712012012,999.7834835,4.199765766,56.43993994,13.44954955,1507.195195,1.507612613,0.1448348348,747.7777778,11.25228228
5.84,0.0009718218218,999.7832833,4.199744745,56.44224224,13.45015015,1506.712713,1.507129129,0.1461661662,747.762963,11.24812813
5.85,0.0009724424424,999.7830831,4.199723724,56.44454454,13.45075075,1506.23023,1.506645646,0.1474974975,747.7481481,11.24397397
5.86,0.0009730630631,999.7828829,4.199702703,56.44684685,13.45135135,1505.747748,1.506162162,0.1488288288,747.7333333,11.23981982
5.87,0.0009736836837,999.7826827,4.199681682,56.44914915,13.45195195,1505.265265,1.505678679,0.1501601602,747.7185185,11.23566567
5.88,0.0009743043043,999.7824825,4.199660661,56.45145145,13.45255255,1504.782783,1.505195195,0.1514914915,747.7037037,11.23151151
5.89,0.0009749249249,999.7822823,4.19963964,56.45375375,13.45315315,1504.3003,1.504711712,0.1528228228,747.6888889,11.22735736
5.9,0.0009755455455,999.7820821,4.199618619,56.45605606,13.45375375,1503.817818,1.504228228,0.1541541542,747.6740741,11.2232032
5.91,0.0009761661662,999.7818819,4.199597598,56.45835836,13.45435435,1503.335335,1.503744745,0.1554854855,747.6592593,11.21904905
5.92,0.0009767867868,999.7816817,4.199576577,56.46066066,13.45495495,1502.852853,1.503261261,0.1568168168,747.6444444,11.21489489
5.93,0.0009774074074,999.7814815,4.199555556,56.46296296,13.45555556,1502.37037,1.502777778,0.1581481481,747.6296296,11.21074074
5.94,0.000978028028,999.7812813,4.199534535,56.46526527,13.45615616,1501.887888,1.502294294,0.1594794795,747.6148148,11.20658659
5.95,0.0009786486486,999.7810811,4.199513514,56.46756757,13.45675676,1501.405405,1.501810811,0.1608108108,747.6,11.20243243
5.96,0.0009792692693,999.7808809,4.199492492,56.46986987,13.45735736,1500.922923,1.501327327,0.1621421421,747.5851852,11.19827828
5.97,0.0009798898899,999.7806807,4.199471471,56.47217217,13.45795796,1500.44044,1.500843844,0.1634734735,747.5703704,11.19412412
5.98,0.0009805105105,999.7804805,4.19945045,56.47447447,13.45855856,1499.957958,1.50036036,0.1648048048,747.5555556,11.18996997
5.99,0.0009811311311,999.7802803,4.199429429,56.47677678,13.45915916,1499.475475,1.499876877,0.1661361361,747.5407407,11.18581582
6,0.0009817517518,999.7800801,4.199408408,56.47907908,13.45975976,1498.992993,1.499393393,0.1674674675,747.5259259,11.18166166
6.01,0.0009823723724,999.7798799,4.199387387,56.48138138,13.46036036,1498.510511,1.49890991,0.1687987988,747.5111111,11.17750751
6.02,0.000982992993,999.7796797,4.199366366,56.48368368,13.46096096,1498.028028,1.498426426,0.1701301301,747.4962963,11.17335335
6.03,0.0009836136136,999.7794795,4.199345345,56.48598599,13.46156156,1497.545546,1.497942943,0.1714614615,747.4814815,11.1691992
6.04,0.0009842342342,999.7792793,4.199324324,56.48828829,13.46216216,1497.063063,1.497459459,0.1727927928,747.4666667,11.16504505
6.05,0.0009848548549,999.7790791,4.199303303,56.49059059,13.46276276,1496.580581,1.496975976,0.1741241241,747.4518519,11.16089089
6.06,0.0009854754755,999.7788789,4.199282282,56.49289289,13.46336336,1496.098098,1.496492492,0.1754554555,747.437037,11.15673674
6.07,0.0009860960961,999.7786787,4.199261261,56.4951952,13.46396396,1495.615616,1.496009009,0.1767867868,747.4222222,11.15258258
6.08,0.0009867167167,999.7784785,4.19924024,56.4974975,13.46456456,1495.133133,1.495525526,0.1781181181,747.4074074,11.14842843
6.09,0.0009873373373,999.7782783,4.199219219,56.4997998,13.46516517,1494.650651,1.495042042,0.1794494494,747.3925926,11.14427427
6.1,0.000987957958,999.7780781,4.199198198,56.5021021,13.46576577,1494.168168,1.494558559,0.1807807808,747.3777778,11.14012012
6.11,0.0009885785786,999.7778779,4.199177177,56.5044044,13.46636637,1493.685686,1.494075075,0.1821121121,747.362963,11.13596597
6.12,0.0009891991992,999.7776777,4.199156156,56.50670671,13.46696697,1493.203203,1.493591592,0.1834434434,747.3481481,11.13181181
6.13,0.0009898198198,999.7774775,4.199135135,56.50900901,13.46756757,1492.720721,1.493108108,0.1847747748,747.3333333,11.12765766
6.14,0.0009904404404,999.7772773,4.199114114,56.51131131,13.46816817,1492.238238,1.492624625,0.1861061061,747.3185185,11.1235035
6.15,0.0009910610611,999.7770771,4.199093093,56.51361361,13.46876877,1491.755756,1.492141141,0.1874374374,747.3037037,11.11934935
6.16,0.0009916816817,999.7768769,4.199072072,56.51591592,13.46936937,1491.273273,1.491657658,0.1887687688,747.2888889,11.1151952
6.17,0.0009923023023,999.7766767,4.199051051,56.51821822,13.46996997,1490.790791,1.491174174,0.1901001001,747.2740741,11.11104104
6.18,0.0009929229229,999.7764765,4.19903003,56.52052052,13.47057057,1490.308308,1.490690691,0.1914314314,747.2592593,11.10688689
6.19,0.0009935435435,999.7762763,4.199009009,56.52282282,13.47117117,1489.825826,1.490207207,0.1927627628,747.2444444,11.10273273
6.2,0.0009941641642,999.7760761,4.198987988,56.52512513,13.47177177,1489.343343,1.489723724,0.1940940941,747.2296296,11.09857858
6.21,0.0009947847848,999.7758759,4.198966967,56.52742743,13.47237237,1488.860861,1.48924024,0.1954254254,747.2148148,11.09442442
6.22,0.0009954054054,999.7756757,4.198945946,56.52972973,13.47297297,1488.378378,1.488756757,0.1967567568,747.2,11.09027027
6.23,0.000996026026,999.7754755,4.198924925,56.53203203,13.47357357,1487.895896,1.488273273,0.1980880881,747.1851852,11.08611612
6.24,0.0009966466466,999.7752753,4.198903904,56.53433433,13.47417417,1487.413413,1.48778979,0.1994194194,747.1703704,11.08196196
6.25,0.0009972672673,999.7750751,4.198882883,56.53663664,13.47477477,1486.930931,1.487306306,0.2007507508,747.1555556,11.07780781
6.26,0.0009978878879,999.7748749,4.198861862,56.53893894,13.47537538,1486.448448,1.486822823,0.2020820821,747.1407407,11.07365365
6.27,0.0009985085085,999.7746747,4.198840841,56.54124124,13.47597598,1485.965966,1.486339339,0.2034134134,747.1259259,11.0694995
6.28,0.0009991291291,999.7744745,4.19881982,56.54354354,13.47657658,1485.483483,1.485855856,0.2047447447,747.1111111,11.06534535
6.29,0.0009997497497,999.7742743,4.198798799,56.54584585,13.47717718,1485.001001,1.485372372,0.2060760761,747.0962963,11.06119119
6.3,0.00100037037,999.7740741,4.198777778,56.54814815,13.47777778,1484.518519,1.484888889,0.2074074074,747.0814815,11.05703704
6.31,0.001000990991,999.7738739,4.198756757,56.55045045,13.47837838,1484.036036,1.484405405,0.2087387387,747.0666667,11.05288288
6.32,0.001001611612,999.7736737,4.198735736,56.55275275,13.47897898,1483.553554,1.483921922,0.2100700701,747.0518519,11.04872873
6.33,0.001002232232,999.7734735,4.198714715,56.55505506,13.47957958,1483.071071,1.483438438,0.2114014014,747.037037,11.04457457
6.34,0.001002852853,999.7732733,4.198693694,56.55735736,13.48018018,1482.588589,1.482954955,0.2127327327,747.0222222,11.04042042
6.35,0.001003473473,999.7730731,4.198672673,56.55965966,13.48078078,1482.106106,1.482471471,0.2140640641,747.0074074,11.03626627
6.36,0.001004094094,999.7728729,4.198651652,56.56196196,13.48138138,1481.623624,1.481987988,0.2153953954,746.9925926,11.03211211
6.37,0.001004714715,999.7726727,4.198630631,56.56426426,13.48198198,1481.141141,1.481504505,0.2167267267,746.9777778,11.02795796
6.38,0.001005335335,999.7724725,4.19860961,56.56656657,13.48258258,1480.658659,1.481021021,0.2180580581,746.962963,11.0238038
6.39,0.001005955956,999.7722723,4.198588589,56.56886887,13.48318318,1480.176176,1.480537538,0.2193893894,746.9481481,11.01964965
6.4,0.001006576577,999.7720721,4.198567568,56.57117117,13.48378378,1479.693694,1.480054054,0.2207207207,746.9333333,11.0154955
6.41,0.001007197197,999.7718719,4.198546547,56.57347347,13.48438438,1479.211211,1.479570571,0.2220520521,746.9185185,11.01134134
6.42,0.001007817818,999.7716717,4.198525526,56.57577578,13.48498498,1478.728729,1.479087087,0.2233833834,746.9037037,11.00718719
6.43,0.001008438438,999.7714715,4.198504505,56.57807808,13.48558559,1478.246246,1.478603604,0.2247147147,746.8888889,11.00303303
6.44,0.001009059059,999.7712713,4.198483483,56.58038038,13.48618619,1477.763764,1.47812012,0.226046046,746.8740741,10.99887888
6.45,0.00100967968,999.7710711,4.198462462,56.58268268,13.48678679,1477.281281,1.477636637,0.2273773774,746.8592593,10.99472472
6.46,0.0010103003,999.7708709,4.198441441,56.58498498,13.48738739,1476.798799,1.477153153,0.2287087087,746.8444444,10.99057057
6.47,0.001010920921,999.7706707,4.19842042,56.58728729,13.48798799,1476.316316,1.47666967,0.23004004,746.8296296,10.98641642
6.48,0.001011541542,999.7704705,4.198399399,56.58958959,13.48858859,1475.833834,1.476186186,0.2313713714,746.8148148,10.98226226
6.49,0.001012162162,999.7702703,4.198378378,56.59189189,13.48918919,1475.351351,1.475702703,0.2327027027,746.8,10.97810811
6.5,0.001012782783,999.7700701,4.198357357,56.59419419,13.48978979,1474.868869,1.475219219,0.234034034,746.7851852,10.97395395
6.51,0.001013403403,999.7698699,4.198336336,56.5964965,13.49039039,1474.386386,1.474735736,0.2353653654,746.7703704,10.9697998
6.52,0.001014024024,999.7696697,4.198315315,56.5987988,13.49099099,1473.903904,1.474252252,0.2366966967,746.7555556,10.96564565
6.53,0.001014644645,999.7694695,4.198294294,56.6011011,13.49159159,1473.421421,1.473768769,0.238028028,746.7407407,10.96149149
6.54,0.001015265265,999.7692693,4.198273273,56.6034034,13.49219219,1472.938939,1.473285285,0.2393593594,746.7259259,10.95733734
6.55,0.001015885886,999.7690691,4.198252252,56.60570571,13.49279279,1472.456456,1.472801802,0.2406906907,746.7111111,10.95318318
6.56,0.001016506507,999.7688689,4.198231231,56.60800801,13.49339339,1471.973974,1.472318318,0.242022022,746.6962963,10.94902903
6.57,0.001017127127,999.7686687,4.19821021,56.61031031,13.49399399,1471.491491,1.471834835,0.2433533534,746.6814815,10.94487487
6.58,0.001017747748,999.7684685,4.198189189,56.61261261,13.49459459,1471.009009,1.471351351,0.2446846847,746.6666667,10.94072072
6.59,0.001018368368,999.7682683,4.198168168,56.61491491,13.4951952,1470.526527,1.470867868,0.246016016,746.6518519,10.93656657
6.6,0.001018988989,999.7680681,4.198147147,56.61721722,13.4957958,1470.044044,1.470384384,0.2473473473,746.637037,10.93241241
6.61,0.00101960961,999.7678679,4.198126126,56.61951952,13.4963964,1469.561562,1.469900901,0.2486786787,746.6222222,10.92825826
6.62,0.00102023023,999.7676677,4.198105105,56.62182182,13.496997,1469.079079,1.469417417,0.25001001,746.6074074,10.9241041
6.63,0.001020850851,999.7674675,4.198084084,56.62412412,13.4975976,1468.596597,1.468933934,0.2513413413,746.5925926,10.91994995
6.64,0.001021471471,999.7672673,4.198063063,56.62642643,13.4981982,1468.114114,1.46845045,0.2526726727,746.5777778,10.9157958
6.65,0.001022092092,999.7670671,4.198042042,56.62872873,13.4987988,1467.631632,1.467966967,0.254004004,746.562963,10.91164164
6.66,0.001022712713,999.7668669,4.198021021,56.63103103,13.4993994,1467.149149,1.467483483,0.2553353353,746.5481481,10.90748749
6.67,0.001023333333,999.7666667,4.198,56.63333333,13.5,1466.666667,1.467,0.2566666667,746.5333333,10.90333333
6.68,0.001023953954,999.7664665,4.197978979,56.63563564,13.5006006,1466.184184,1.466516517,0.257997998,746.5185185,10.89917918
6.69,0.001024574575,999.7662663,4.197957958,56.63793794,13.5012012,1465.701702,1.466033033,0.2593293293,746.5037037,10.89502503
6.7,0.001025195195,999.7660661,4.197936937,56.64024024,13.5018018,1465.219219,1.46554955,0.2606606607,746.4888889,10.89087087
6.71,0.001025815816,999.7658659,4.197915916,56.64254254,13.5024024,1464.736737,1.465066066,0.261991992,746.4740741,10.88671672
6.72,0.001026436436,999.7656657,4.197894895,56.64484484,13.503003,1464.254254,1.464582583,0.2633233233,746.4592593,10.88256256
6.73,0.001027057057,999.7654655,4.197873874,56.64714715,13.5036036,1463.771772,1.464099099,0.2646546547,746.4444444,10.87840841
6.74,0.001027677678,999.7652653,4.197852853,56.64944945,13.5042042,1463.289289,1.463615616,0.265985986,746.4296296,10.87425425
6.75,0.001028298298,999.7650651,4.197831832,56.65175175,13.5048048,1462.806807,1.463132132,0.2673173173,746.4148148,10.8701001
6.76,0.001028918919,999.7648649,4.197810811,56.65405405,13.50540541,1462.324324,1.462648649,0.2686486486,746.4,10.86594595
6.77,0.00102953954,999.7646647,4.19778979,56.65635636,13.50600601,1461.841842,1.462165165,0.26997998,746.3851852,10.86179179
6.78,0.00103016016,999.7644645,4.197768769,56.65865866,13.50660661,1461.359359,1.461681682,0.2713113113,746.3703704,10.85763764
6.79,0.001030780781,999.7642643,4.197747748,56.66096096,13.50720721,1460.876877,1.461198198,0.2726426426,746.3555556,10.85348348
6.8,0.001031401401,999.7640641,4.197726727,56.66326326,13.50780781,1460.394394,1.460714715,0.273973974,746.3407407,10.84932933
6.81,0.001032022022,999.7638639,4.197705706,56.66556557,13.50840841,1459.911912,1.460231231,0.2753053053,746.3259259,10.84517518
6.82,0.001032642643,999.7636637,4.197684685,56.66786787,13.50900901,1459.429429,1.459747748,0.2766366366,746.3111111,10.84102102
6.83,0.001033263263,999.7634635,4.197663664,56.67017017,13.50960961,1458.946947,1.459264264,0.277967968,746.2962963,10.83686687
6.84,0.001033883884,999.7632633,4.197642643,56.67247247,13.51021021,1458.464464,1.458780781,0.2792992993,746.2814815,10.83271271
6.85,0.001034504505,999.7630631,4.197621622,56.67477477,13.51081081,1457.981982,1.458297297,0.2806306306,746.2666667,10.82855856
6.86,0.001035125125,999.7628629,4.197600601,56.67707708,13.51141141,1457.499499,1.457813814,0.281961962,746.2518519,10.8244044
6.87,0.001035745746,999.7626627,4.19757958,56.67937938,13.51201201,1457.017017,1.45733033,0.2832932933,746.237037,10.82025025
6.88,0.001036366366,999.7624625,4.197558559,56.68168168,13.51261261,1456.534535,1.456846847,0.2846246246,746.2222222,10.8160961
6.89,0.001036986987,999.7622623,4.197537538,56.68398398,13.51321321,1456.052052,1.456363363,0.285955956,746.2074074,10.81194194
6.9,0.001037607608,999.7620621,4.197516517,56.68628629,13.51381381,1455.56957,1.45587988,0.2872872873,746.1925926,10.80778779
6.91,0.001038228228,999.7618619,4.197495495,56.68858859,13.51441441,1455.087087,1.455396396,0.2886186186,746.1777778,10.80363363
6.92,0.001038848849,999.7616617,4.197474474,56.69089089,13.51501502,1454.604605,1.454912913,0.2899499499,746.162963,10.79947948
6.93,0.001039469469,999.7614615,4.197453453,56.69319319,13.51561562,1454.122122,1.454429429,0.2912812813,746.1481481,10.79532533
6.94,0.00104009009,999.7612613,4.197432432,56.6954955,13.51621622,1453.63964,1.453945946,0.2926126126,746.1333333,10.79117117
6.95,0.001040710711,999.7610611,4.197411411,56.6977978,13.51681682,1453.157157,1.453462462,0.2939439439,746.1185185,10.78701702
6.96,0.001041331331,999.7608609,4.19739039,56.7001001,13.51741742,1452.674675,1.452978979,0.2952752753,746.1037037,10.78286286
6.97,0.001041951952,999.7606607,4.197369369,56.7024024,13.51801802,1452.192192,1.452495495,0.2966066066,746.0888889,10.77870871
6.98,0.001042572573,999.7604605,4.197348348,56.7047047,13.51861862,1451.70971,1.452012012,0.2979379379,746.0740741,10.77455455
6.99,0.001043193193,999.7602603,4.197327327,56.70700701,13.51921922,1451.227227,1.451528529,0.2992692693,746.0592593,10.7704004
7,0.001043813814,999.7600601,4.197306306,56.70930931,13.51981982,1450.744745,1.451045045,0.3006006006,746.0444444,10.76624625
7.01,0.001044434434,999.7598599,4.197285285,56.71161161,13.52042042,1450.262262,1.450561562,0.3019319319,746.0296296,10.76209209
7.02,0.001045055055,999.7596597,4.197264264,56.71391391,13.52102102,1449.77978,1.450078078,0.3032632633,746.0148148,10.75793794
7.03,0.001045675676,999.7594595,4.197243243,56.71621622,13.52162162,1449.297297,1.449594595,0.3045945946,746,10.75378378
7.04,0.001046296296,999.7592593,4.197222222,56.71851852,13.52222222,1448.814815,1.449111111,0.3059259259,745.9851852,10.74962963
7.05,0.001046916917,999.7590591,4.197201201,56.72082082,13.52282282,1448.332332,1.448627628,0.3072572573,745.9703704,10.74547548
7.06,0.001047537538,999.7588589,4.19718018,56.72312312,13.52342342,1447.84985,1.448144144,0.3085885886,745.9555556,10.74132132
7.07,0.001048158158,999.7586587,4.197159159,56.72542543,13.52402402,1447.367367,1.447660661,0.3099199199,745.9407407,10.73716717
7.08,0.001048778779,999.7584585,4.197138138,56.72772773,13.52462462,1446.884885,1.447177177,0.3112512513,745.9259259,10.73301301
7.09,0.001049399399,999.7582583,4.197117117,56.73003003,13.52522523,1446.402402,1.446693694,0.3125825826,745.9111111,10.72885886
7.1,0.00105002002,999.7580581,4.197096096,56.73233233,13.52582583,1445.91992,1.44621021,0.3139139139,745.8962963,10.7247047
7.11,0.001050640641,999.7578579,4.197075075,56.73463463,13.52642643,1445.437437,1.445726727,0.3152452452,745.8814815,10.72055055
7.12,0.001051261261,999.7576577,4.197054054,56.73693694,13.52702703,1444.954955,1.445243243,0.3165765766,745.8666667,10.7163964
7.13,0.001051881882,999.7574575,4.197033033,56.73923924,13.52762763,1444.472472,1.44475976,0.3179079079,745.8518519,10.71224224
7.14,0.001052502503,999.7572573,4.197012012,56.74154154,13.52822823,1443.98999,1.444276276,0.3192392392,745.837037,10.70808809
7.15,0.001053123123,999.7570571,4.196990991,56.74384384,13.52882883,1443.507508,1.443792793,0.3205705706,745.8222222,10.70393393
7.16,0.001053743744,999.7568569,4.19696997,56.74614615,13.52942943,1443.025025,1.443309309,0.3219019019,745.8074074,10.69977978
7.17,0.001054364364,999.7566567,4.196948949,56.74844845,13.53003003,1442.542543,1.442825826,0.3232332332,745.7925926,10.69562563
7.18,0.001054984985,999.7564565,4.196927928,56.75075075,13.53063063,1442.06006,1.442342342,0.3245645646,745.7777778,10.69147147
7.19,0.001055605606,999.7562563,4.196906907,56.75305305,13.53123123,1441.577578,1.441858859,0.3258958959,745.762963,10.68731732
7.2,0.001056226226,999.7560561,4.196885886,56.75535536,13.53183183,1441.095095,1.441375375,0.3272272272,745.7481481,10.68316316
7.21,0.001056846847,999.7558559,4.196864865,56.75765766,13.53243243,1440.612613,1.440891892,0.3285585586,745.7333333,10.67900901
7.22,0.001057467467,999.7556557,4.196843844,56.75995996,13.53303303,1440.13013,1.440408408,0.3298898899,745.7185185,10.67485485
7.23,0.001058088088,999.7554555,4.196822823,56.76226226,13.53363363,1439.647648,1.439924925,0.3312212212,745.7037037,10.6707007
7.24,0.001058708709,999.7552553,4.196801802,56.76456456,13.53423423,1439.165165,1.439441441,0.3325525526,745.6888889,10.66654655
7.25,0.001059329329,999.7550551,4.196780781,56.76686687,13.53483483,1438.682683,1.438957958,0.3338838839,745.6740741,10.66239239
7.26,0.00105994995,999.7548549,4.19675976,56.76916917,13.53543544,1438.2002,1.438474474,0.3352152152,745.6592593,10.65823824
7.27,0.001060570571,999.7546547,4.196738739,56.77147147,13.53603604,1437.717718,1.437990991,0.3365465465,745.6444444,10.65408408
7.28,0.001061191191,999.7544545,4.196717718,56.77377377,13.53663664,1437.235235,1.437507508,0.3378778779,745.6296296,10.64992993
7.29,0.001061811812,999.7542543,4.196696697,56.77607608,13.53723724,1436.752753,1.437024024,0.3392092092,745.6148148,10.64577578
7.3,0.001062432432,999.7540541,4.196675676,56.77837838,13.53783784,1436.27027,1.436540541,0.3405405405,745.6,10.64162162
7.31,0.001063053053,999.7538539,4.196654655,56.78068068,13.53843844,1435.787788,1.436057057,0.3418718719,745.5851852,10.63746747
7.32,0.001063673674,999.7536537,4.196633634,56.78298298,13.53903904,1435.305305,1.435573574,0.3432032032,745.5703704,10.63331331
7.33,0.001064294294,999.7534535,4.196612613,56.78528529,13.53963964,1434.822823,1.43509009,0.3445345345,745.5555556,10.62915916
7.34,0.001064914915,999.7532533,4.196591592,56.78758759,13.54024024,1434.34034,1.434606607,0.3458658659,745.5407407,10.62500501
7.35,0.001065535536,999.7530531,4.196570571,56.78988989,13.54084084,1433.857858,1.434123123,0.3471971972,745.5259259,10.62085085
7.36,0.001066156156,999.7528529,4.19654955,56.79219219,13.54144144,1433.375375,1.43363964,0.3485285285,745.5111111,10.6166967
7.37,0.001066776777,999.7526527,4.196528529,56.79449449,13.54204204,1432.892893,1.433156156,0.3498598599,745.4962963,10.61254254
7.38,0.001067397397,999.7524525,4.196507508,56.7967968,13.54264264,1432.41041,1.432672673,0.3511911912,745.4814815,10.60838839
7.39,0.001068018018,999.7522523,4.196486486,56.7990991,13.54324324,1431.927928,1.432189189,0.3525225225,745.4666667,10.60423423
7.4,0.001068638639,999.7520521,4.196465465,56.8014014,13.54384384,1431.445445,1.431705706,0.3538538539,745.4518519,10.60008008
7.41,0.001069259259,999.7518519,4.196444444,56.8037037,13.54444444,1430.962963,1.431222222,0.3551851852,745.437037,10.59592593
7.42,0.00106987988,999.7516517,4.196423423,56.80600601,13.54504505,1430.48048,1.430738739,0.3565165165,745.4222222,10.59177177
7.43,0.001070500501,999.7514515,4.196402402,56.80830831,13.54564565,1429.997998,1.430255255,0.3578478478,745.4074074,10.58761762
7.44,0.001071121121,999.7512513,4.196381381,56.81061061,13.54624625,1429.515516,1.429771772,0.3591791792,745.3925926,10.58346346
7.45,0.001071741742,999.7510511,4.19636036,56.81291291,13.54684685,1429.033033,1.429288288,0.3605105105,745.3777778,10.57930931
7.46,0.001072362362,999.7508509,4.196339339,56.81521522,13.54744745,1428.550551,1.428804805,0.3618418418,745.362963,10.57515516
7.47,0.001072982983,999.7506507,4.196318318,56.81751752,13.54804805,1428.068068,1.428321321,0.3631731732,745.3481481,10.571001
7.48,0.001073603604,999.7504505,4.196297297,56.81981982,13.54864865,1427.585586,1.427837838,0.3645045045,745.3333333,10.56684685
7.49,0.001074224224,999.7502503,4.196276276,56.82212212,13.54924925,1427.103103,1.427354354,0.3658358358,745.3185185,10.56269269
7.5,0.001074844845,999.7500501,4.196255255,56.82442442,13.54984985,1426.620621,1.426870871,0.3671671672,745.3037037,10.55853854
7.51,0.001075465465,999.7498498,4.196234234,56.82672673,13.55045045,1426.138138,1.426387387,0.3684984985,745.2888889,10.55438438
7.52,0.001076086086,999.7496496,4.196213213,56.82902903,13.55105105,1425.655656,1.425903904,0.3698298298,745.2740741,10.55023023
7.53,0.001076706707,999.7494494,4.196192192,56.83133133,13.55165165,1425.173173,1.42542042,0.3711611612,745.2592593,10.54607608
7.54,0.001077327327,999.7492492,4.196171171,56.83363363,13.55225225,1424.690691,1.424936937,0.3724924925,745.2444444,10.54192192
7.55,0.001077947948,999.749049,4.19615015,56.83593594,13.55285285,1424.208208,1.424453453,0.3738238238,745.2296296,10.53776777
7.56,0.001078568569,999.7488488,4.196129129,56.83823824,13.55345345,1423.725726,1.42396997,0.3751551552,745.2148148,10.53361361
7.57,0.001079189189,999.7486486,4.196108108,56.84054054,13.55405405,1423.243243,1.423486486,0.3764864865,745.2,10.52945946
7.58,0.00107980981,999.7484484,4.196087087,56.84284284,13.55465465,1422.760761,1.423003003,0.3778178178,745.1851852,10.52530531
7.59,0.00108043043,999.7482482,4.196066066,56.84514515,13.55525526,1422.278278,1.42251952,0.3791491491,745.1703704,10.52115115
7.6,0.001081051051,999.748048,4.196045045,56.84744745,13.55585586,1421.795796,1.422036036,0.3804804805,745.1555556,10.516997
7.61,0.001081671672,999.7478478,4.196024024,56.84974975,13.55645646,1421.313313,1.421552553,0.3818118118,745.1407407,10.51284284
7.62,0.001082292292,999.7476476,4.196003003,56.85205205,13.55705706,1420.830831,1.421069069,0.3831431431,745.1259259,10.50868869
7.63,0.001082912913,999.7474474,4.195981982,56.85435435,13.55765766,1420.348348,1.420585586,0.3844744745,745.1111111,10.50453453
7.64,0.001083533534,999.7472472,4.195960961,56.85665666,13.55825826,1419.865866,1.420102102,0.3858058058,745.0962963,10.50038038
7.65,0.001084154154,999.747047,4.19593994,56.85895896,13.55885886,1419.383383,1.419618619,0.3871371371,745.0814815,10.49622623
7.66,0.001084774775,999.7468468,4.195918919,56.86126126,13.55945946,1418.900901,1.419135135,0.3884684685,745.0666667,10.49207207
7.67,0.001085395395,999.7466466,4.195897898,56.86356356,13.56006006,1418.418418,1.418651652,0.3897997998,745.0518519,10.48791792
7.68,0.001086016016,999.7464464,4.195876877,56.86586587,13.56066066,1417.935936,1.418168168,0.3911311311,745.037037,10.48376376
7.69,0.001086636637,999.7462462,4.195855856,56.86816817,13.56126126,1417.453453,1.417684685,0.3924624625,745.0222222,10.47960961
7.7,0.001087257257,999.746046,4.195834835,56.87047047,13.56186186,1416.970971,1.417201201,0.3937937938,745.0074074,10.47545546
7.71,0.001087877878,999.7458458,4.195813814,56.87277277,13.56246246,1416.488488,1.416717718,0.3951251251,744.9925926,10.4713013
7.72,0.001088498498,999.7456456,4.195792793,56.87507508,13.56306306,1416.006006,1.416234234,0.3964564565,744.9777778,10.46714715
7.73,0.001089119119,999.7454454,4.195771772,56.87737738,13.56366366,1415.523524,1.415750751,0.3977877878,744.962963,10.46299299
7.74,0.00108973974,999.7452452,4.195750751,56.87967968,13.56426426,1415.041041,1.415267267,0.3991191191,744.9481481,10.45883884
7.75,0.00109036036,999.745045,4.19572973,56.88198198,13.56486486,1414.558559,1.414783784,0.4004504505,744.9333333,10.45468468
7.76,0.001090980981,999.7448448,4.195708709,56.88428428,13.56546547,1414.076076,1.4143003,0.4017817818,744.9185185,10.45053053
7.77,0.001091601602,999.7446446,4.195687688,56.88658659,13.56606607,1413.593594,1.413816817,0.4031131131,744.9037037,10.44637638
7.78,0.001092222222,999.7444444,4.195666667,56.88888889,13.56666667,1413.111111,1.413333333,0.4044444444,744.8888889,10.44222222
7.79,0.001092842843,999.7442442,4.195645646,56.89119119,13.56726727,1412.628629,1.41284985,0.4057757758,744.8740741,10.43806807
7.8,0.001093463463,999.744044,4.195624625,56.89349349,13.56786787,1412.146146,1.412366366,0.4071071071,744.8592593,10.43391391
7.81,0.001094084084,999.7438438,4.195603604,56.8957958,13.56846847,1411.663664,1.411882883,0.4084384384,744.8444444,10.42975976
7.82,0.001094704705,999.7436436,4.195582583,56.8980981,13.56906907,1411.181181,1.411399399,0.4097697698,744.8296296,10.42560561
7.83,0.001095325325,999.7434434,4.195561562,56.9004004,13.56966967,1410.698699,1.410915916,0.4111011011,744.8148148,10.42145145
7.84,0.001095945946,999.7432432,4.195540541,56.9027027,13.57027027,1410.216216,1.410432432,0.4124324324,744.8,10.4172973
7.85,0.001096566567,999.743043,4.19551952,56.90500501,13.57087087,1409.733734,1.409948949,0.4137637638,744.7851852,10.41314314
7.86,0.001097187187,999.7428428,4.195498498,56.90730731,13.57147147,1409.251251,1.409465465,0.4150950951,744.7703704,10.40898899
7.87,0.001097807808,999.7426426,4.195477477,56.90960961,13.57207207,1408.768769,1.408981982,0.4164264264,744.7555556,10.40483483
7.88,0.001098428428,999.7424424,4.195456456,56.91191191,13.57267267,1408.286286,1.408498498,0.4177577578,744.7407407,10.40068068
7.89,0.001099049049,999.7422422,4.195435435,56.91421421,13.57327327,1407.803804,1.408015015,0.4190890891,744.7259259,10.39652653
7.9,0.00109966967,999.742042,4.195414414,56.91651652,13.57387387,1407.321321,1.407531532,0.4204204204,744.7111111,10.39237237
7.91,0.00110029029,999.7418418,4.195393393,56.91881882,13.57447447,1406.838839,1.407048048,0.4217517518,744.6962963,10.38821822
7.92,0.001100910911,999.7416416,4.195372372,56.92112112,13.57507508,1406.356356,1.406564565,0.4230830831,744.6814815,10.38406406
7.93,0.001101531532,999.7414414,4.195351351,56.92342342,13.57567568,1405.873874,1.406081081,0.4244144144,744.6666667,10.37990991
7.94,0.001102152152,999.7412412,4.19533033,56.92572573,13.57627628,1405.391391,1.405597598,0.4257457457,744.6518519,10.37575576
7.95,0.001102772773,999.741041,4.195309309,56.92802803,13.57687688,1404.908909,1.405114114,0.4270770771,744.637037,10.3716016
7.96,0.001103393393,999.7408408,4.195288288,56.93033033,13.57747748,1404.426426,1.404630631,0.4284084084,744.6222222,10.36744745
7.97,0.001104014014,999.7406406,4.195267267,56.93263263,13.57807808,1403.943944,1.404147147,0.4297397397,744.6074074,10.36329329
7.98,0.001104634635,999.7404404,4.195246246,56.93493493,13.57867868,1403.461461,1.403663664,0.4310710711,744.5925926,10.35913914
7.99,0.001105255255,999.7402402,4.195225225,56.93723724,13.57927928,1402.978979,1.40318018,0.4324024024,744.5777778,10.35498498
8,0.001105875876,999.74004,4.195204204,56.93953954,13.57987988,1402.496496,1.402696697,0.4337337337,744.562963,10.35083083
8.01,0.001106496496,999.7398398,4.195183183,56.94184184,13.58048048,1402.014014,1.402213213,0.4350650651,744.5481481,10.34667668
8.02,0.001107117117,999.7396396,4.195162162,56.94414414,13.58108108,1401.531532,1.40172973,0.4363963964,744.5333333,10.34252252
8.03,0.001107737738,999.7394394,4.195141141,56.94644645,13.58168168,1401.049049,1.401246246,0.4377277277,744.5185185,10.33836837
8.04,0.001108358358,999.7392392,4.19512012,56.94874875,13.58228228,1400.566567,1.400762763,0.4390590591,744.5037037,10.33421421
8.05,0.001108978979,999.739039,4.195099099,56.95105105,13.58288288,1400.084084,1.400279279,0.4403903904,744.4888889,10.33006006
8.06,0.0011095996,999.7388388,4.195078078,56.95335335,13.58348348,1399.601602,1.399795796,0.4417217217,744.4740741,10.32590591
8.07,0.00111022022,999.7386386,4.195057057,56.95565566,13.58408408,1399.119119,1.399312312,0.4430530531,744.4592593,10.32175175
8.08,0.001110840841,999.7384384,4.195036036,56.95795796,13.58468468,1398.636637,1.398828829,0.4443843844,744.4444444,10.3175976
8.09,0.001111461461,999.7382382,4.195015015,56.96026026,13.58528529,1398.154154,1.398345345,0.4457157157,744.4296296,10.31344344
8.1,0.001112082082,999.738038,4.194993994,56.96256256,13.58588589,1397.671672,1.397861862,0.447047047,744.4148148,10.30928929
8.11,0.001112702703,999.7378378,4.194972973,56.96486486,13.58648649,1397.189189,1.397378378,0.4483783784,744.4,10.30513514
8.12,0.001113323323,999.7376376,4.194951952,56.96716717,13.58708709,1396.706707,1.396894895,0.4497097097,744.3851852,10.30098098
8.13,0.001113943944,999.7374374,4.194930931,56.96946947,13.58768769,1396.224224,1.396411411,0.451041041,744.3703704,10.29682683
8.14,0.001114564565,999.7372372,4.19490991,56.97177177,13.58828829,1395.741742,1.395927928,0.4523723724,744.3555556,10.29267267
8.15,0.001115185185,999.737037,4.194888889,56.97407407,13.58888889,1395.259259,1.395444444,0.4537037037,744.3407407,10.28851852
8.16,0.001115805806,999.7368368,4.194867868,56.97637638,13.58948949,1394.776777,1.394960961,0.455035035,744.3259259,10.28436436
8.17,0.001116426426,999.7366366,4.194846847,56.97867868,13.59009009,1394.294294,1.394477477,0.4563663664,744.3111111,10.28021021
8.18,0.001117047047,999.7364364,4.194825826,56.98098098,13.59069069,1393.811812,1.393993994,0.4576976977,744.2962963,10.27605606
8.19,0.001117667668,999.7362362,4.194804805,56.98328328,13.59129129,1393.329329,1.393510511,0.459029029,744.2814815,10.2719019
8.2,0.001118288288,999.736036,4.194783784,56.98558559,13.59189189,1392.846847,1.393027027,0.4603603604,744.2666667,10.26774775
8.21,0.001118908909,999.7358358,4.194762763,56.98788789,13.59249249,1392.364364,1.392543544,0.4616916917,744.2518519,10.26359359
8.22,0.00111952953,999.7356356,4.194741742,56.99019019,13.59309309,1391.881882,1.39206006,0.463023023,744.237037,10.25943944
8.23,0.00112015015,999.7354354,4.194720721,56.99249249,13.59369369,1391.399399,1.391576577,0.4643543544,744.2222222,10.25528529
8.24,0.001120770771,999.7352352,4.1946997,56.99479479,13.59429429,1390.916917,1.391093093,0.4656856857,744.2074074,10.25113113
8.25,0.001121391391,999.735035,4.194678679,56.9970971,13.59489489,1390.434434,1.39060961,0.467017017,744.1925926,10.24697698
8.26,0.001122012012,999.7348348,4.194657658,56.9993994,13.5954955,1389.951952,1.390126126,0.4683483483,744.1777778,10.24282282
8.27,0.001122632633,999.7346346,4.194636637,57.0017017,13.5960961,1389.469469,1.389642643,0.4696796797,744.162963,10.23866867
8.28,0.001123253253,999.7344344,4.194615616,57.004004,13.5966967,1388.986987,1.389159159,0.471011011,744.1481481,10.23451451
8.29,0.001123873874,999.7342342,4.194594595,57.00630631,13.5972973,1388.504505,1.388675676,0.4723423423,744.1333333,10.23036036
8.3,0.001124494494,999.734034,4.194573574,57.00860861,13.5978979,1388.022022,1.388192192,0.4736736737,744.1185185,10.22620621
8.31,0.001125115115,999.7338338,4.194552553,57.01091091,13.5984985,1387.53954,1.387708709,0.475005005,744.1037037,10.22205205
8.32,0.001125735736,999.7336336,4.194531532,57.01321321,13.5990991,1387.057057,1.387225225,0.4763363363,744.0888889,10.2178979
8.33,0.001126356356,999.7334334,4.194510511,57.01551552,13.5996997,1386.574575,1.386741742,0.4776676677,744.0740741,10.21374374
8.34,0.001126976977,999.7332332,4.194489489,57.01781782,13.6003003,1386.092092,1.386258258,0.478998999,744.0592593,10.20958959
8.35,0.001127597598,999.733033,4.194468468,57.02012012,13.6009009,1385.60961,1.385774775,0.4803303303,744.0444444,10.20543544
8.36,0.001128218218,999.7328328,4.194447447,57.02242242,13.6015015,1385.127127,1.385291291,0.4816616617,744.0296296,10.20128128
8.37,0.001128838839,999.7326326,4.194426426,57.02472472,13.6021021,1384.644645,1.384807808,0.482992993,744.0148148,10.19712713
8.38,0.001129459459,999.7324324,4.194405405,57.02702703,13.6027027,1384.162162,1.384324324,0.4843243243,744,10.19297297
8.39,0.00113008008,999.7322322,4.194384384,57.02932933,13.6033033,1383.67968,1.383840841,0.4856556557,743.9851852,10.18881882
8.4,0.001130700701,999.732032,4.194363363,57.03163163,13.6039039,1383.197197,1.383357357,0.486986987,743.9703704,10.18466466
8.41,0.001131321321,999.7318318,4.194342342,57.03393393,13.6045045,1382.714715,1.382873874,0.4883183183,743.9555556,10.18051051
8.42,0.001131941942,999.7316316,4.194321321,57.03623624,13.60510511,1382.232232,1.38239039,0.4896496496,743.9407407,10.17635636
8.43,0.001132562563,999.7314314,4.1943003,57.03853854,13.60570571,1381.74975,1.381906907,0.490980981,743.9259259,10.1722022
8.44,0.001133183183,999.7312312,4.194279279,57.04084084,13.60630631,1381.267267,1.381423423,0.4923123123,743.9111111,10.16804805
8.45,0.001133803804,999.731031,4.194258258,57.04314314,13.60690691,1380.784785,1.38093994,0.4936436436,743.8962963,10.16389389
8.46,0.001134424424,999.7308308,4.194237237,57.04544545,13.60750751,1380.302302,1.380456456,0.494974975,743.8814815,10.15973974
8.47,0.001135045045,999.7306306,4.194216216,57.04774775,13.60810811,1379.81982,1.379972973,0.4963063063,743.8666667,10.15558559
8.48,0.001135665666,999.7304304,4.194195195,57.05005005,13.60870871,1379.337337,1.379489489,0.4976376376,743.8518519,10.15143143
8.49,0.001136286286,999.7302302,4.194174174,57.05235235,13.60930931,1378.854855,1.379006006,0.498968969,743.837037,10.14727728
8.5,0.001136906907,999.73003,4.194153153,57.05465465,13.60990991,1378.372372,1.378522523,0.5003003003,743.8222222,10.14312312
8.51,0.001137527528,999.7298298,4.194132132,57.05695696,13.61051051,1377.88989,1.378039039,0.5016316316,743.8074074,10.13896897
8.52,0.001138148148,999.7296296,4.194111111,57.05925926,13.61111111,1377.407407,1.377555556,0.502962963,743.7925926,10.13481481
8.53,0.001138768769,999.7294294,4.19409009,57.06156156,13.61171171,1376.924925,1.377072072,0.5042942943,743.7777778,10.13066066
8.54,0.001139389389,999.7292292,4.194069069,57.06386386,13.61231231,1376.442442,1.376588589,0.5056256256,743.762963,10.12650651
8.55,0.00114001001,999.729029,4.194048048,57.06616617,13.61291291,1375.95996,1.376105105,0.506956957,743.7481481,10.12235235
8.56,0.001140630631,999.7288288,4.194027027,57.06846847,13.61351351,1375.477477,1.375621622,0.5082882883,743.7333333,10.1181982
8.57,0.001141251251,999.7286286,4.194006006,57.07077077,13.61411411,1374.994995,1.375138138,0.5096196196,743.7185185,10.11404404
8.58,0.001141871872,999.7284284,4.193984985,57.07307307,13.61471471,1374.512513,1.374654655,0.510950951,743.7037037,10.10988989
8.59,0.001142492492,999.7282282,4.193963964,57.07537538,13.61531532,1374.03003,1.374171171,0.5122822823,743.6888889,10.10573574
8.6,0.001143113113,999.728028,4.193942943,57.07767768,13.61591592,1373.547548,1.373687688,0.5136136136,743.6740741,10.10158158
8.61,0.001143733734,999.7278278,4.193921922,57.07997998,13.61651652,1373.065065,1.373204204,0.5149449449,743.6592593,10.09742743
8.62,0.001144354354,999.7276276,4.193900901,57.08228228,13.61711712,1372.582583,1.372720721,0.5162762763,743.6444444,10.09327327
8.63,0.001144974975,999.7274274,4.19387988,57.08458458,13.61771772,1372.1001,1.372237237,0.5176076076,743.6296296,10.08911912
8.64,0.001145595596,999.7272272,4.193858859,57.08688689,13.61831832,1371.617618,1.371753754,0.5189389389,743.6148148,10.08496496
8.65,0.001146216216,999.727027,4.193837838,57.08918919,13.61891892,1371.135135,1.37127027,0.5202702703,743.6,10.08081081
8.66,0.001146836837,999.7268268,4.193816817,57.09149149,13.61951952,1370.652653,1.370786787,0.5216016016,743.5851852,10.07665666
8.67,0.001147457457,999.7266266,4.193795796,57.09379379,13.62012012,1370.17017,1.370303303,0.5229329329,743.5703704,10.0725025
8.68,0.001148078078,999.7264264,4.193774775,57.0960961,13.62072072,1369.687688,1.36981982,0.5242642643,743.5555556,10.06834835
8.69,0.001148698699,999.7262262,4.193753754,57.0983984,13.62132132,1369.205205,1.369336336,0.5255955956,743.5407407,10.06419419
8.7,0.001149319319,999.726026,4.193732733,57.1007007,13.62192192,1368.722723,1.368852853,0.5269269269,743.5259259,10.06004004
8.71,0.00114993994,999.7258258,4.193711712,57.103003,13.62252252,1368.24024,1.368369369,0.5282582583,743.5111111,10.05588589
8.72,0.001150560561,999.7256256,4.193690691,57.10530531,13.62312312,1367.757758,1.367885886,0.5295895896,743.4962963,10.05173173
8.73,0.001151181181,999.7254254,4.19366967,57.10760761,13.62372372,1367.275275,1.367402402,0.5309209209,743.4814815,10.04757758
8.74,0.001151801802,999.7252252,4.193648649,57.10990991,13.62432432,1366.792793,1.366918919,0.5322522523,743.4666667,10.04342342
8.75,0.001152422422,999.725025,4.193627628,57.11221221,13.62492492,1366.31031,1.366435435,0.5335835836,743.4518519,10.03926927
8.76,0.001153043043,999.7248248,4.193606607,57.11451451,13.62552553,1365.827828,1.365951952,0.5349149149,743.437037,10.03511512
8.77,0.001153663664,999.7246246,4.193585586,57.11681682,13.62612613,1365.345345,1.365468468,0.5362462462,743.4222222,10.03096096
8.78,0.001154284284,999.7244244,4.193564565,57.11911912,13.62672673,1364.862863,1.364984985,0.5375775776,743.4074074,10.02680681
8.79,0.001154904905,999.7242242,4.193543544,57.12142142,13.62732733,1364.38038,1.364501502,0.5389089089,743.3925926,10.02265265
8.8,0.001155525526,999.724024,4.193522523,57.12372372,13.62792793,1363.897898,1.364018018,0.5402402402,743.3777778,10.0184985
8.81,0.001156146146,999.7238238,4.193501502,57.12602603,13.62852853,1363.415415,1.363534535,0.5415715716,743.362963,10.01434434
8.82,0.001156766767,999.7236236,4.19348048,57.12832833,13.62912913,1362.932933,1.363051051,0.5429029029,743.3481481,10.01019019
8.83,0.001157387387,999.7234234,4.193459459,57.13063063,13.62972973,1362.45045,1.362567568,0.5442342342,743.3333333,10.00603604
8.84,0.001158008008,999.7232232,4.193438438,57.13293293,13.63033033,1361.967968,1.362084084,0.5455655656,743.3185185,10.00188188
8.85,0.001158628629,999.723023,4.193417417,57.13523524,13.63093093,1361.485485,1.361600601,0.5468968969,743.3037037,9.997727728
8.86,0.001159249249,999.7228228,4.193396396,57.13753754,13.63153153,1361.003003,1.361117117,0.5482282282,743.2888889,9.993573574
8.87,0.00115986987,999.7226226,4.193375375,57.13983984,13.63213213,1360.520521,1.360633634,0.5495595596,743.2740741,9.989419419
8.88,0.00116049049,999.7224224,4.193354354,57.14214214,13.63273273,1360.038038,1.36015015,0.5508908909,743.2592593,9.985265265
8.89,0.001161111111,999.7222222,4.193333333,57.14444444,13.63333333,1359.555556,1.359666667,0.5522222222,743.2444444,9.981111111
8.9,0.001161731732,999.722022,4.193312312,57.14674675,13.63393393,1359.073073,1.359183183,0.5535535536,743.2296296,9.976956957
8.91,0.001162352352,999.7218218,4.193291291,57.14904905,13.63453453,1358.590591,1.3586997,0.5548848849,743.2148148,9.972802803
8.92,0.001162972973,999.7216216,4.19327027,57.15135135,13.63513514,1358.108108,1.358216216,0.5562162162,743.2,9.968648649
8.93,0.001163593594,999.7214214,4.193249249,57.15365365,13.63573574,1357.625626,1.357732733,0.5575475475,743.1851852,9.964494494
8.94,0.001164214214,999.7212212,4.193228228,57.15595596,13.63633634,1357.143143,1.357249249,0.5588788789,743.1703704,9.96034034
8.95,0.001164834835,999.721021,4.193207207,57.15825826,13.63693694,1356.660661,1.356765766,0.5602102102,743.1555556,9.956186186
8.96,0.001165455455,999.7208208,4.193186186,57.16056056,13.63753754,1356.178178,1.356282282,0.5615415415,743.1407407,9.952032032
8.97,0.001166076076,999.7206206,4.193165165,57.16286286,13.63813814,1355.695696,1.355798799,0.5628728729,743.1259259,9.947877878
8.98,0.001166696697,999.7204204,4.193144144,57.16516517,13.63873874,1355.213213,1.355315315,0.5642042042,743.1111111,9.943723724
8.99,0.001167317317,999.7202202,4.193123123,57.16746747,13.63933934,1354.730731,1.354831832,0.5655355355,743.0962963,9.93956957
9,0.001167937938,999.72002,4.193102102,57.16976977,13.63993994,1354.248248,1.354348348,0.5668668669,743.0814815,9.935415415
9.01,0.001168558559,999.7198198,4.193081081,57.17207207,13.64054054,1353.765766,1.353864865,0.5681981982,743.0666667,9.931261261
9.02,0.001169179179,999.7196196,4.19306006,57.17437437,13.64114114,1353.283283,1.353381381,0.5695295295,743.0518519,9.927107107
9.03,0.0011697998,999.7194194,4.193039039,57.17667668,13.64174174,1352.800801,1.352897898,0.5708608609,743.037037,9.922952953
9.04,0.00117042042,999.7192192,4.193018018,57.17897898,13.64234234,1352.318318,1.352414414,0.5721921922,743.0222222,9.918798799
9.05,0.001171041041,999.719019,4.192996997,57.18128128,13.64294294,1351.835836,1.351930931,0.5735235235,743.0074074,9.914644645
9.06,0.001171661662,999.7188188,4.192975976,57.18358358,13.64354354,1351.353353,1.351447447,0.5748548549,742.9925926,9.91049049
9.07,0.001172282282,999.7186186,4.192954955,57.18588589,13.64414414,1350.870871,1.350963964,0.5761861862,742.9777778,9.906336336
9.08,0.001172902903,999.7184184,4.192933934,57.18818819,13.64474474,1350.388388,1.35048048,0.5775175175,742.962963,9.902182182
9.09,0.001173523524,999.7182182,4.192912913,57.19049049,13.64534535,1349.905906,1.349996997,0.5788488488,742.9481481,9.898028028
9.1,0.001174144144,999.718018,4.192891892,57.19279279,13.64594595,1349.423423,1.349513514,0.5801801802,742.9333333,9.893873874
9.11,0.001174764765,999.7178178,4.192870871,57.1950951,13.64654655,1348.940941,1.34903003,0.5815115115,742.9185185,9.88971972
9.12,0.001175385385,999.7176176,4.19284985,57.1973974,13.64714715,1348.458458,1.348546547,0.5828428428,742.9037037,9.885565566
9.13,0.001176006006,999.7174174,4.192828829,57.1996997,13.64774775,1347.975976,1.348063063,0.5841741742,742.8888889,9.881411411
9.14,0.001176626627,999.7172172,4.192807808,57.202002,13.64834835,1347.493493,1.34757958,0.5855055055,742.8740741,9.877257257
9.15,0.001177247247,999.717017,4.192786787,57.2043043,13.64894895,1347.011011,1.347096096,0.5868368368,742.8592593,9.873103103
9.16,0.001177867868,999.7168168,4.192765766,57.20660661,13.64954955,1346.528529,1.346612613,0.5881681682,742.8444444,9.868948949
9.17,0.001178488488,999.7166166,4.192744745,57.20890891,13.65015015,1346.046046,1.346129129,0.5894994995,742.8296296,9.864794795
9.18,0.001179109109,999.7164164,4.192723724,57.21121121,13.65075075,1345.563564,1.345645646,0.5908308308,742.8148148,9.860640641
9.19,0.00117972973,999.7162162,4.192702703,57.21351351,13.65135135,1345.081081,1.345162162,0.5921621622,742.8,9.856486486
9.2,0.00118035035,999.716016,4.192681682,57.21581582,13.65195195,1344.598599,1.344678679,0.5934934935,742.7851852,9.852332332
9.21,0.001180970971,999.7158158,4.192660661,57.21811812,13.65255255,1344.116116,1.344195195,0.5948248248,742.7703704,9.848178178
9.22,0.001181591592,999.7156156,4.19263964,57.22042042,13.65315315,1343.633634,1.343711712,0.5961561562,742.7555556,9.844024024
9.23,0.001182212212,999.7154154,4.192618619,57.22272272,13.65375375,1343.151151,1.343228228,0.5974874875,742.7407407,9.83986987
9.24,0.001182832833,999.7152152,4.192597598,57.22502503,13.65435435,1342.668669,1.342744745,0.5988188188,742.7259259,9.835715716
9.25,0.001183453453,999.715015,4.192576577,57.22732733,13.65495495,1342.186186,1.342261261,0.6001501502,742.7111111,9.831561562
9.26,0.001184074074,999.7148148,4.192555556,57.22962963,13.65555556,1341.703704,1.341777778,0.6014814815,742.6962963,9.827407407
9.27,0.001184694695,999.7146146,4.192534535,57.23193193,13.65615616,1341.221221,1.341294294,0.6028128128,742.6814815,9.823253253
9.28,0.001185315315,999.7144144,4.192513514,57.23423423,13.65675676,1340.738739,1.340810811,0.6041441441,742.6666667,9.819099099
9.29,0.001185935936,999.7142142,4.192492492,57.23653654,13.65735736,1340.256256,1.340327327,0.6054754755,742.6518519,9.814944945
9.3,0.001186556557,999.714014,4.192471471,57.23883884,13.65795796,1339.773774,1.339843844,0.6068068068,742.637037,9.810790791
9.31,0.001187177177,999.7138138,4.19245045,57.24114114,13.65855856,1339.291291,1.33936036,0.6081381381,742.6222222,9.806636637
9.32,0.001187797798,999.7136136,4.192429429,57.24344344,13.65915916,1338.808809,1.338876877,0.6094694695,742.6074074,9.802482482
9.33,0.001188418418,999.7134134,4.192408408,57.24574575,13.65975976,1338.326326,1.338393393,0.6108008008,742.5925926,9.798328328
9.34,0.001189039039,999.7132132,4.192387387,57.24804805,13.66036036,1337.843844,1.33790991,0.6121321321,742.5777778,9.794174174
9.35,0.00118965966,999.713013,4.192366366,57.25035035,13.66096096,1337.361361,1.337426426,0.6134634635,742.562963,9.79002002
9.36,0.00119028028,999.7128128,4.192345345,57.25265265,13.66156156,1336.878879,1.336942943,0.6147947948,742.5481481,9.785865866
9.37,0.001190900901,999.7126126,4.192324324,57.25495495,13.66216216,1336.396396,1.336459459,0.6161261261,742.5333333,9.781711712
9.38,0.001191521522,999.7124124,4.192303303,57.25725726,13.66276276,1335.913914,1.335975976,0.6174574575,742.5185185,9.777557558
9.39,0.001192142142,999.7122122,4.192282282,57.25955956,13.66336336,1335.431431,1.335492492,0.6187887888,742.5037037,9.773403403
9.4,0.001192762763,999.712012,4.192261261,57.26186186,13.66396396,1334.948949,1.335009009,0.6201201201,742.4888889,9.769249249
9.41,0.001193383383,999.7118118,4.19224024,57.26416416,13.66456456,1334.466466,1.334525526,0.6214514515,742.4740741,9.765095095
9.42,0.001194004004,999.7116116,4.192219219,57.26646647,13.66516517,1333.983984,1.334042042,0.6227827828,742.4592593,9.760940941
9.43,0.001194624625,999.7114114,4.192198198,57.26876877,13.66576577,1333.501502,1.333558559,0.6241141141,742.4444444,9.756786787
9.44,0.001195245245,999.7112112,4.192177177,57.27107107,13.66636637,1333.019019,1.333075075,0.6254454454,742.4296296,9.752632633
9.45,0.001195865866,999.711011,4.192156156,57.27337337,13.66696697,1332.536537,1.332591592,0.6267767768,742.4148148,9.748478478
9.46,0.001196486486,999.7108108,4.192135135,57.27567568,13.66756757,1332.054054,1.332108108,0.6281081081,742.4,9.744324324
9.47,0.001197107107,999.7106106,4.192114114,57.27797798,13.66816817,1331.571572,1.331624625,0.6294394394,742.3851852,9.74017017
9.48,0.001197727728,999.7104104,4.192093093,57.28028028,13.66876877,1331.089089,1.331141141,0.6307707708,742.3703704,9.736016016
9.49,0.001198348348,999.7102102,4.192072072,57.28258258,13.66936937,1330.606607,1.330657658,0.6321021021,742.3555556,9.731861862
9.5,0.001198968969,999.71001,4.192051051,57.28488488,13.66996997,1330.124124,1.330174174,0.6334334334,742.3407407,9.727707708
9.51,0.00119958959,999.7098098,4.19203003,57.28718719,13.67057057,1329.641642,1.329690691,0.6347647648,742.3259259,9.723553554
9.52,0.00120021021,999.7096096,4.192009009,57.28948949,13.67117117,1329.159159,1.329207207,0.6360960961,742.3111111,9.719399399
9.53,0.001200830831,999.7094094,4.191987988,57.29179179,13.67177177,1328.676677,1.328723724,0.6374274274,742.2962963,9.715245245
9.54,0.001201451451,999.7092092,4.191966967,57.29409409,13.67237237,1328.194194,1.32824024,0.6387587588,742.2814815,9.711091091
9.55,0.001202072072,999.709009,4.191945946,57.2963964,13.67297297,1327.711712,1.327756757,0.6400900901,742.2666667,9.706936937
9.56,0.001202692693,999.7088088,4.191924925,57.2986987,13.67357357,1327.229229,1.327273273,0.6414214214,742.2518519,9.702782783
9.57,0.001203313313,999.7086086,4.191903904,57.301001,13.67417417,1326.746747,1.32678979,0.6427527528,742.237037,9.698628629
9.58,0.001203933934,999.7084084,4.191882883,57.3033033,13.67477477,1326.264264,1.326306306,0.6440840841,742.2222222,9.694474474
9.59,0.001204554555,999.7082082,4.191861862,57.30560561,13.67537538,1325.781782,1.325822823,0.6454154154,742.2074074,9.69032032
9.6,0.001205175175,999.708008,4.191840841,57.30790791,13.67597598,1325.299299,1.325339339,0.6467467467,742.1925926,9.686166166
9.61,0.001205795796,999.7078078,4.19181982,57.31021021,13.67657658,1324.816817,1.324855856,0.6480780781,742.1777778,9.682012012
9.62,0.001206416416,999.7076076,4.191798799,57.31251251,13.67717718,1324.334334,1.324372372,0.6494094094,742.162963,9.677857858
9.63,0.001207037037,999.7074074,4.191777778,57.31481481,13.67777778,1323.851852,1.323888889,0.6507407407,742.1481481,9.673703704
9.64,0.001207657658,999.7072072,4.191756757,57.31711712,13.67837838,1323.369369,1.323405405,0.6520720721,742.1333333,9.66954955
9.65,0.001208278278,999.707007,4.191735736,57.31941942,13.67897898,1322.886887,1.322921922,0.6534034034,742.1185185,9.665395395
9.66,0.001208898899,999.7068068,4.191714715,57.32172172,13.67957958,1322.404404,1.322438438,0.6547347347,742.1037037,9.661241241
9.67,0.00120951952,999.7066066,4.191693694,57.32402402,13.68018018,1321.921922,1.321954955,0.6560660661,742.0888889,9.657087087
9.68,0.00121014014,999.7064064,4.191672673,57.32632633,13.68078078,1321.439439,1.321471471,0.6573973974,742.0740741,9.652932933
9.69,0.001210760761,999.7062062,4.191651652,57.32862863,13.68138138,1320.956957,1.320987988,0.6587287287,742.0592593,9.648778779
9.7,0.001211381381,999.706006,4.191630631,57.33093093,13.68198198,1320.474474,1.320504505,0.6600600601,742.0444444,9.644624625
9.71,0.001212002002,999.7058058,4.19160961,57.33323323,13.68258258,1319.991992,1.320021021,0.6613913914,742.0296296,9.64047047
9.72,0.001212622623,999.7056056,4.191588589,57.33553554,13.68318318,1319.50951,1.319537538,0.6627227227,742.0148148,9.636316316
9.73,0.001213243243,999.7054054,4.191567568,57.33783784,13.68378378,1319.027027,1.319054054,0.6640540541,742,9.632162162
9.74,0.001213863864,999.7052052,4.191546547,57.34014014,13.68438438,1318.544545,1.318570571,0.6653853854,741.9851852,9.628008008
9.75,0.001214484484,999.705005,4.191525526,57.34244244,13.68498498,1318.062062,1.318087087,0.6667167167,741.9703704,9.623853854
9.76,0.001215105105,999.7048048,4.191504505,57.34474474,13.68558559,1317.57958,1.317603604,0.668048048,741.9555556,9.6196997
9.77,0.001215725726,999.7046046,4.191483483,57.34704705,13.68618619,1317.097097,1.31712012,0.6693793794,741.9407407,9.615545546
9.78,0.001216346346,999.7044044,4.191462462,57.34934935,13.68678679,1316.614615,1.316636637,0.6707107107,741.9259259,9.611391391
9.79,0.001216966967,999.7042042,4.191441441,57.35165165,13.68738739,1316.132132,1.316153153,0.672042042,741.9111111,9.607237237
9.8,0.001217587588,999.704004,4.19142042,57.35395395,13.68798799,1315.64965,1.31566967,0.6733733734,741.8962963,9.603083083
9.81,0.001218208208,999.7038038,4.191399399,57.35625626,13.68858859,1315.167167,1.315186186,0.6747047047,741.8814815,9.598928929
9.82,0.001218828829,999.7036036,4.191378378,57.35855856,13.68918919,1314.684685,1.314702703,0.676036036,741.8666667,9.594774775
9.83,0.001219449449,999.7034034,4.191357357,57.36086086,13.68978979,1314.202202,1.314219219,0.6773673674,741.8518519,9.590620621
9.84,0.00122007007,999.7032032,4.191336336,57.36316316,13.69039039,1313.71972,1.313735736,0.6786986987,741.837037,9.586466466
9.85,0.001220690691,999.703003,4.191315315,57.36546547,13.69099099,1313.237237,1.313252252,0.68003003,741.8222222,9.582312312
9.86,0.001221311311,999.7028028,4.191294294,57.36776777,13.69159159,1312.754755,1.312768769,0.6813613614,741.8074074,9.578158158
9.87,0.001221931932,999.7026026,4.191273273,57.37007007,13.69219219,1312.272272,1.312285285,0.6826926927,741.7925926,9.574004004
9.88,0.001222552553,999.7024024,4.191252252,57.37237237,13.69279279,1311.78979,1.311801802,0.684024024,741.7777778,9.56984985
9.89,0.001223173173,999.7022022,4.191231231,57.37467467,13.69339339,1311.307307,1.311318318,0.6853553554,741.762963,9.565695696
9.9,0.001223793794,999.702002,4.19121021,57.37697698,13.69399399,1310.824825,1.310834835,0.6866866867,741.7481481,9.561541542
9.91,0.001224414414,999.7018018,4.191189189,57.37927928,13.69459459,1310.342342,1.310351351,0.688018018,741.7333333,9.557387387
9.92,0.001225035035,999.7016016,4.191168168,57.38158158,13.6951952,1309.85986,1.309867868,0.6893493493,741.7185185,9.553233233
9.93,0.001225655656,999.7014014,4.191147147,57.38388388,13.6957958,1309.377377,1.309384384,0.6906806807,741.7037037,9.549079079
9.94,0.001226276276,999.7012012,4.191126126,57.38618619,13.6963964,1308.894895,1.308900901,0.692012012,741.6888889,9.544924925
9.95,0.001226896897,999.701001,4.191105105,57.38848849,13.696997,1308.412412,1.308417417,0.6933433433,741.6740741,9.540770771
9.96,0.001227517518,999.7008008,4.191084084,57.39079079,13.6975976,1307.92993,1.307933934,0.6946746747,741.6592593,9.536616617
9.97,0.001228138138,999.7006006,4.191063063,57.39309309,13.6981982,1307.447447,1.30745045,0.696006006,741.6444444,9.532462462
9.98,0.001228758759,999.7004004,4.191042042,57.3953954,13.6987988,1306.964965,1.306966967,0.6973373373,741.6296296,9.528308308
9.99,0.001229379379,999.7002002,4.191021021,57.3976977,13.6993994,1306.482482,1.306483483,0.6986686687,741.6148148,9.524154154
10,0.00123,999.7,4.191,57.4,13.7,1306,1.306,0.7,741.6,9.52
10.01,0.00123111,999.6985,4.190992,57.4025,13.7006,1305.698,1.3057,0.70112,741.5853,9.5175
10.02,0.00123222,999.697,4.190984,57.405,13.7012,1305.396,1.3054,0.70224,741.5706,9.515
10.03,0.00123333,999.6955,4.190976,57.4075,13.7018,1305.094,1.3051,0.70336,741.5559,9.5125
10.04,0.00123444,999.694,4.190968,57.41,13.7024,1304.792,1.3048,0.70448,741.5412,9.51
10.05,0.00123555,999.6925,4.19096,57.4125,13.703,1304.49,1.3045,0.7056,741.5265,9.5075
10.06,0.00123666,999.691,4.190952,57.415,13.7036,1304.188,1.3042,0.70672,741.5118,9.505
10.07,0.00123777,999.6895,4.190944,57.4175,13.7042,1303.886,1.3039,0.70784,741.4971,9.5025
10.08,0.00123888,999.688,4.190936,57.42,13.7048,1303.584,1.3036,0.70896,741.4824,9.5
10.09,0.00123999,999.6865,4.190928,57.4225,13.7054,1303.282,1.3033,0.71008,741.4677,9.4975
10.1,0.0012411,999.685,4.19092,57.425,13.706,1302.98,1.303,0.7112,741.453,9.495
10.11,0.00124221,999.6835,4.190912,57.4275,13.7066,1302.678,1.3027,0.71232,741.4383,9.4925
10.12,0.00124332,999.682,4.190904,57.43,13.7072,1302.376,1.3024,0.71344,741.4236,9.49
10.13,0.00124443,999.6805,4.190896,57.4325,13.7078,1302.074,1.3021,0.71456,741.4089,9.4875
10.14,0.00124554,999.679,4.190888,57.435,13.7084,1301.772,1.3018,0.71568,741.3942,9.485
10.15,0.00124665,999.6775,4.19088,57.4375,13.709,1301.47,1.3015,0.7168,741.3795,9.4825
10.16,0.00124776,999.676,4.190872,57.44,13.7096,1301.168,1.3012,0.71792,741.3648,9.48
10.17,0.00124887,999.6745,4.190864,57.4425,13.7102,1300.866,1.3009,0.71904,741.3501,9.4775
10.18,0.00124998,999.673,4.190856,57.445,13.7108,1300.564,1.3006,0.72016,741.3354,9.475
10.19,0.00125109,999.6715,4.190848,57.4475,13.7114,1300.262,1.3003,0.72128,741.3207,9.4725
10.2,0.0012522,999.67,4.19084,57.45,13.712,1299.96,1.3,0.7224,741.306,9.47
10.21,0.00125331,999.6685,4.190832,57.4525,13.7126,1299.658,1.2997,0.72352,741.2913,9.4675
10.22,0.00125442,999.667,4.190824,57.455,13.7132,1299.356,1.2994,0.72464,741.2766,9.465
10.23,0.00125553,999.6655,4.190816,57.4575,13.7138,1299.054,1.2991,0.72576,741.2619,9.4625
10.24,0.00125664,999.664,4.190808,57.46,13.7144,1298.752,1.2988,0.72688,741.2472,9.46
10.25,0.00125775,999.6625,4.1908,57.4625,13.715,1298.45,1.2985,0.728,741.2325,9.4575
10.26,0.00125886,999.661,4.190792,57.465,13.7156,1298.148,1.2982,0.72912,741.2178,9.455
10.27,0.00125997,999.6595,4.190784,57.4675,13.7162,1297.846,1.2979,0.73024,741.2031,9.4525
10.28,0.00126108,999.658,4.190776,57.47,13.7168,1297.544,1.2976,0.73136,741.1884,9.45
10.29,0.00126219,999.6565,4.190768,57.4725,13.7174,1297.242,1.2973,0.73248,741.1737,9.4475
10.3,0.0012633,999.655,4.19076,57.475,13.718,1296.94,1.297,0.7336,741.159,9.445
10.31,0.00126441,999.6535,4.190752,57.4775,13.7186,1296.638,1.2967,0.73472,741.1443,9.4425
10.32,0.00126552,999.652,4.190744,57.48,13.7192,1296.336,1.2964,0.73584,741.1296,9.44
10.33,0.00126663,999.6505,4.190736,57.4825,13.7198,1296.034,1.2961,0.73696,741.1149,9.4375
10.34,0.00126774,999.649,4.190728,57.485,13.7204,1295.732,1.2958,0.73808,741.1002,9.435
10.35,0.00126885,999.6475,4.19072,57.4875,13.721,1295.43,1.2955,0.7392,741.0855,9.4325
10.36,0.00126996,999.646,4.190712,57.49,13.7216,1295.128,1.2952,0.74032,741.0708,9.43
10.37,0.00127107,999.6445,4.190704,57.4925,13.7222,1294.826,1.2949,0.74144,741.0561,9.4275
10.38,0.00127218,999.643,4.190696,57.495,13.7228,1294.524,1.2946,0.74256,741.0414,9.425
10.39,0.00127329,999.6415,4.190688,57.4975,13.7234,1294.222,1.2943,0.74368,741.0267,9.4225
10.4,0.0012744,999.64,4.19068,57.5,13.724,1293.92,1.294,0.7448,741.012,9.42
10.41,0.00127551,999.6385,4.190672,57.5025,13.7246,1293.618,1.2937,0.74592,740.9973,9.4175
10.42,0.00127662,999.637,4.190664,57.505,13.7252,1293.316,1.2934,0.74704,740.9826,9.415
10.43,0.00127773,999.6355,4.190656,57.5075,13.7258,1293.014,1.2931,0.74816,740.9679,9.4125
10.44,0.00127884,999.634,4.190648,57.51,13.7264,1292.712,1.2928,0.74928,740.9532,9.41
10.45,0.00127995,999.6325,4.19064,57.5125,13.727,1292.41,1.2925,0.7504,740.9385,9.4075
10.46,0.00128106,999.631,4.190632,57.515,13.7276,1292.108,1.2922,0.75152,740.9238,9.405
10.47,0.00128217,999.6295,4.190624,57.5175,13.7282,1291.806,1.2919,0.75264,740.9091,9.4025
10.48,0.00128328,999.628,4.190616,57.52,13.7288,1291.504,1.2916,0.75376,740.8944,9.4
10.49,0.00128439,999.6265,4.190608,57.5225,13.7294,1291.202,1.2913,0.75488,740.8797,9.3975
10.5,0.0012855,999.625,4.1906,57.525,13.73,1290.9,1.291,0.756,740.865,9.395
10.51,0.00128661,999.6235,4.190592,57.5275,13.7306,1290.598,1.2907,0.75712,740.8503,9.3925
10.52,0.00128772,999.622,4.190584,57.53,13.7312,1290.296,1.2904,0.75824,740.8356,9.39
10.53,0.00128883,999.6205,4.190576,57.5325,13.7318,1289.994,1.2901,0.75936,740.8209,9.3875
10.54,0.00128994,999.619,4.190568,57.535,13.7324,1289.692,1.2898,0.76048,740.8062,9.385
10.55,0.00129105,999.6175,4.19056,57.5375,13.733,1289.39,1.2895,0.7616,740.7915,9.3825
10.56,0.00129216,999.616,4.190552,57.54,13.7336,1289.088,1.2892,0.76272,740.7768,9.38
10.57,0.00129327,999.6145,4.190544,57.5425,13.7342,1288.786,1.2889,0.76384,740.7621,9.3775
10.58,0.00129438,999.613,4.190536,57.545,13.7348,1288.484,1.2886,0.76496,740.7474,9.375
10.59,0.00129549,999.6115,4.190528,57.5475,13.7354,1288.182,1.2883,0.76608,740.7327,9.3725
10.6,0.0012966,999.61,4.19052,57.55,13.736,1287.88,1.288,0.7672,740.718,9.37
10.61,0.00129771,999.6085,4.190512,57.5525,13.7366,1287.578,1.2877,0.76832,740.7033,9.3675
10.62,0.00129882,999.607,4.190504,57.555,13.7372,1287.276,1.2874,0.76944,740.6886,9.365
10.63,0.00129993,999.6055,4.190496,57.5575,13.7378,1286.974,1.2871,0.77056,740.6739,9.3625
10.64,0.00130104,999.604,4.190488,57.56,13.7384,1286.672,1.2868,0.77168,740.6592,9.36
10.65,0.00130215,999.6025,4.19048,57.5625,13.739,1286.37,1.2865,0.7728,740.6445,9.3575
10.66,0.00130326,999.601,4.190472,57.565,13.7396,1286.068,1.2862,0.77392,740.6298,9.355
10.67,0.00130437,999.5995,4.190464,57.5675,13.7402,1285.766,1.2859,0.77504,740.6151,9.3525
10.68,0.00130548,999.598,4.190456,57.57,13.7408,1285.464,1.2856,0.77616,740.6004,9.35
10.69,0.00130659,999.5965,4.190448,57.5725,13.7414,1285.162,1.2853,0.77728,740.5857,9.3475
10.7,0.0013077,999.595,4.19044,57.575,13.742,1284.86,1.285,0.7784,740.571,9.345
10.71,0.00130881,999.5935,4.190432,57.5775,13.7426,1284.558,1.2847,0.77952,740.5563,9.3425
10.72,0.00130992,999.592,4.190424,57.58,13.7432,1284.256,1.2844,0.78064,740.5416,9.34
10.73,0.00131103,999.5905,4.190416,57.5825,13.7438,1283.954,1.2841,0.78176,740.5269,9.3375
10.74,0.00131214,999.589,4.190408,57.585,13.7444,1283.652,1.2838,0.78288,740.5122,9.335
10.75,0.00131325,999.5875,4.1904,57.5875,13.745,1283.35,1.2835,0.784,740.4975,9.3325
10.76,0.00131436,999.586,4.190392,57.59,13.7456,1283.048,1.2832,0.78512,740.4828,9.33
10.77,0.00131547,999.5845,4.190384,57.5925,13.7462,1282.746,1.2829,0.78624,740.4681,9.3275
10.78,0.00131658,999.583,4.190376,57.595,13.7468,1282.444,1.2826,0.78736,740.4534,9.325
10.79,0.00131769,999.5815,4.190368,57.5975,13.7474,1282.142,1.2823,0.78848,740.4387,9.3225
10.8,0.0013188,999.58,4.19036,57.6,13.748,1281.84,1.282,0.7896,740.424,9.32
10.81,0.00131991,999.5785,4.190352,57.6025,13.7486,1281.538,1.2817,0.79072,740.4093,9.3175
10.82,0.00132102,999.577,4.190344,57.605,13.7492,1281.236,1.2814,0.79184,740.3946,9.315
10.83,0.00132213,999.5755,4.190336,57.6075,13.7498,1280.934,1.2811,0.79296,740.3799,9.3125
10.84,0.00132324,999.574,4.190328,57.61,13.7504,1280.632,1.2808,0.79408,740.3652,9.31
10.85,0.00132435,999.5725,4.19032,57.6125,13.751,1280.33,1.2805,0.7952,740.3505,9.3075
10.86,0.00132546,999.571,4.190312,57.615,13.7516,1280.028,1.2802,0.79632,740.3358,9.305
10.87,0.00132657,999.5695,4.190304,57.6175,13.7522,1279.726,1.2799,0.79744,740.3211,9.3025
10.88,0.00132768,999.568,4.190296,57.62,13.7528,1279.424,1.2796,0.79856,740.3064,9.3
10.89,0.00132879,999.5665,4.190288,57.6225,13.7534,1279.122,1.2793,0.79968,740.2917,9.2975
10.9,0.0013299,999.565,4.19028,57.625,13.754,1278.82,1.279,0.8008,740.277,9.295
10.91,0.00133101,999.5635,4.190272,57.6275,13.7546,1278.518,1.2787,0.80192,740.2623,9.2925
10.92,0.00133212,999.562,4.190264,57.63,13.7552,1278.216,1.2784,0.80304,740.2476,9.29
10.93,0.00133323,999.5605,4.190256,57.6325,13.7558,1277.914,1.2781,0.80416,740.2329,9.2875
10.94,0.00133434,999.559,4.190248,57.635,13.7564,1277.612,1.2778,0.80528,740.2182,9.285
10.95,0.00133545,999.5575,4.19024,57.6375,13.757,1277.31,1.2775,0.8064,740.2035,9.2825
10.96,0.00133656,999.556,4.190232,57.64,13.7576,1277.008,1.2772,0.80752,740.1888,9.28
10.97,0.00133767,999.5545,4.190224,57.6425,13.7582,1276.706,1.2769,0.80864,740.1741,9.2775
10.98,0.00133878,999.553,4.190216,57.645,13.7588,1276.404,1.2766,0.80976,740.1594,9.275
10.99,0.00133989,999.5515,4.190208,57.6475,13.7594,1276.102,1.2763,0.81088,740.1447,9.2725
11,0.001341,999.55,4.1902,57.65,13.76,1275.8,1.276,0.812,740.13,9.27
11.01,0.00134211,999.5485,4.190192,57.6525,13.7606,1275.498,1.2757,0.81312,740.1153,9.2675
11.02,0.00134322,999.547,4.190184,57.655,13.7612,1275.196,1.2754,0.81424,740.1006,9.265
11.03,0.00134433,999.5455,4.190176,57.6575,13.7618,1274.894,1.2751,0.81536,740.0859,9.2625
11.04,0.00134544,999.544,4.190168,57.66,13.7624,1274.592,1.2748,0.81648,740.0712,9.26
11.05,0.00134655,999.5425,4.19016,57.6625,13.763,1274.29,1.2745,0.8176,740.0565,9.2575
11.06,0.00134766,999.541,4.190152,57.665,13.7636,1273.988,1.2742,0.81872,740.0418,9.255
11.07,0.00134877,999.5395,4.190144,57.6675,13.7642,1273.686,1.2739,0.81984,740.0271,9.2525
11.08,0.00134988,999.538,4.190136,57.67,13.7648,1273.384,1.2736,0.82096,740.0124,9.25
11.09,0.00135099,999.5365,4.190128,57.6725,13.7654,1273.082,1.2733,0.82208,739.9977,9.2475
11.1,0.0013521,999.535,4.19012,57.675,13.766,1272.78,1.273,0.8232,739.983,9.245
11.11,0.00135321,999.5335,4.190112,57.6775,13.7666,1272.478,1.2727,0.82432,739.9683,9.2425
11.12,0.00135432,999.532,4.190104,57.68,13.7672,1272.176,1.2724,0.82544,739.9536,9.24
11.13,0.00135543,999.5305,4.190096,57.6825,13.7678,1271.874,1.2721,0.82656,739.9389,9.2375
11.14,0.00135654,999.529,4.190088,57.685,13.7684,1271.572,1.2718,0.82768,739.9242,9.235
11.15,0.00135765,999.5275,4.19008,57.6875,13.769,1271.27,1.2715,0.8288,739.9095,9.2325
11.16,0.00135876,999.526,4.190072,57.69,13.7696,1270.968,1.2712,0.82992,739.8948,9.23
11.17,0.00135987,999.5245,4.190064,57.6925,13.7702,1270.666,1.2709,0.83104,739.8801,9.2275
11.18,0.00136098,999.523,4.190056,57.695,13.7708,1270.364,1.2706,0.83216,739.8654,9.225
11.19,0.00136209,999.5215,4.190048,57.6975,13.7714,1270.062,1.2703,0.83328,739.8507,9.2225
11.2,0.0013632,999.52,4.19004,57.7,13.772,1269.76,1.27,0.8344,739.836,9.22
11.21,0.00136431,999.5185,4.190032,57.7025,13.7726,1269.458,1.2697,0.83552,739.8213,9.2175
11.22,0.00136542,999.517,4.190024,57.705,13.7732,1269.156,1.2694,0.83664,739.8066,9.215
11.23,0.00136653,999.5155,4.190016,57.7075,13.7738,1268.854,1.2691,0.83776,739.7919,9.2125
11.24,0.00136764,999.514,4.190008,57.71,13.7744,1268.552,1.2688,0.83888,739.7772,9.21
11.25,0.00136875,999.5125,4.19,57.7125,13.775,1268.25,1.2685,0.84,739.7625,9.2075
11.26,0.00136986,999.511,4.189992,57.715,13.7756,1267.948,1.2682,0.84112,739.7478,9.205
11.27,0.00137097,999.5095,4.189984,57.7175,13.7762,1267.646,1.2679,0.84224,739.7331,9.2025
11.28,0.00137208,999.508,4.189976,57.72,13.7768,1267.344,1.2676,0.84336,739.7184,9.2
11.29,0.00137319,999.5065,4.189968,57.7225,13.7774,1267.042,1.2673,0.84448,739.7037,9.1975
11.3,0.0013743,999.505,4.18996,57.725,13.778,1266.74,1.267,0.8456,739.689,9.195
11.31,0.00137541,999.5035,4.189952,57.7275,13.7786,1266.438,1.2667,0.84672,739.6743,9.1925
11.32,0.00137652,999.502,4.189944,57.73,13.7792,1266.136,1.2664,0.84784,739.6596,9.19
11.33,0.00137763,999.5005,4.189936,57.7325,13.7798,1265.834,1.2661,0.84896,739.6449,9.1875
11.34,0.00137874,999.499,4.189928,57.735,13.7804,1265.532,1.2658,0.85008,739.6302,9.185
11.35,0.00137985,999.4975,4.18992,57.7375,13.781,1265.23,1.2655,0.8512,739.6155,9.1825
11.36,0.00138096,999.496,4.189912,57.74,13.7816,1264.928,1.2652,0.85232,739.6008,9.18
11.37,0.00138207,999.4945,4.189904,57.7425,13.7822,1264.626,1.2649,0.85344,739.5861,9.1775
11.38,0.00138318,999.493,4.189896,57.745,13.7828,1264.324,1.2646,0.85456,739.5714,9.175
11.39,0.00138429,999.4915,4.189888,57.7475,13.7834,1264.022,1.2643,0.85568,739.5567,9.1725
11.4,0.0013854,999.49,4.18988,57.75,13.784,1263.72,1.264,0.8568,739.542,9.17
11.41,0.00138651,999.4885,4.189872,57.7525,13.7846,1263.418,1.2637,0.85792,739.5273,9.1675
11.42,0.00138762,999.487,4.189864,57.755,13.7852,1263.116,1.2634,0.85904,739.5126,9.165
11.43,0.00138873,999.4855,4.189856,57.7575,13.7858,1262.814,1.2631,0.86016,739.4979,9.1625
11.44,0.00138984,999.484,4.189848,57.76,13.7864,1262.512,1.2628,0.86128,739.4832,9.16
11.45,0.00139095,999.4825,4.18984,57.7625,13.787,1262.21,1.2625,0.8624,739.4685,9.1575
11.46,0.00139206,999.481,4.189832,57.765,13.7876,1261.908,1.2622,0.86352,739.4538,9.155
11.47,0.00139317,999.4795,4.189824,57.7675,13.7882,1261.606,1.2619,0.86464,739.4391,9.1525
11.48,0.00139428,999.478,4.189816,57.77,13.7888,1261.304,1.2616,0.86576,739.4244,9.15
11.49,0.00139539,999.4765,4.189808,57.7725,13.7894,1261.002,1.2613,0.86688,739.4097,9.1475
11.5,0.0013965,999.475,4.1898,57.775,13.79,1260.7,1.261,0.868,739.395,9.145
11.51,0.00139761,999.4735,4.189792,57.7775,13.7906,1260.398,1.2607,0.86912,739.3803,9.1425
11.52,0.00139872,999.472,4.189784,57.78,13.7912,1260.096,1.2604,0.87024,739.3656,9.14
11.53,0.00139983,999.4705,4.189776,57.7825,13.7918,1259.794,1.2601,0.87136,739.3509,9.1375
11.54,0.00140094,999.469,4.189768,57.785,13.7924,1259.492,1.2598,0.87248,739.3362,9.135
11.55,0.00140205,999.4675,4.18976,57.7875,13.793,1259.19,1.2595,0.8736,739.3215,9.1325
11.56,0.00140316,999.466,4.189752,57.79,13.7936,1258.888,1.2592,0.87472,739.3068,9.13
11.57,0.00140427,999.4645,4.189744,57.7925,13.7942,1258.586,1.2589,0.87584,739.2921,9.1275
11.58,0.00140538,999.463,4.189736,57.795,13.7948,1258.284,1.2586,0.87696,739.2774,9.125
11.59,0.00140649,999.4615,4.189728,57.7975,13.7954,1257.982,1.2583,0.87808,739.2627,9.1225
11.6,0.0014076,999.46,4.18972,57.8,13.796,1257.68,1.258,0.8792,739.248,9.12
11.61,0.00140871,999.4585,4.189712,57.8025,13.7966,1257.378,1.2577,0.88032,739.2333,9.1175
11.62,0.00140982,999.457,4.189704,57.805,13.7972,1257.076,1.2574,0.88144,739.2186,9.115
11.63,0.00141093,999.4555,4.189696,57.8075,13.7978,1256.774,1.2571,0.88256,739.2039,9.1125
11.64,0.00141204,999.454,4.189688,57.81,13.7984,1256.472,1.2568,0.88368,739.1892,9.11
11.65,0.00141315,999.4525,4.18968,57.8125,13.799,1256.17,1.2565,0.8848,739.1745,9.1075
11.66,0.00141426,999.451,4.189672,57.815,13.7996,1255.868,1.2562,0.88592,739.1598,9.105
11.67,0.00141537,999.4495,4.189664,57.8175,13.8002,1255.566,1.2559,0.88704,739.1451,9.1025
11.68,0.00141648,999.448,4.189656,57.82,13.8008,1255.264,1.2556,0.88816,739.1304,9.1
11.69,0.00141759,999.4465,4.189648,57.8225,13.8014,1254.962,1.2553,0.88928,739.1157,9.0975
11.7,0.0014187,999.445,4.18964,57.825,13.802,1254.66,1.255,0.8904,739.101,9.095
11.71,0.00141981,999.4435,4.189632,57.8275,13.8026,1254.358,1.2547,0.89152,739.0863,9.0925
11.72,0.00142092,999.442,4.189624,57.83,13.8032,1254.056,1.2544,0.89264,739.0716,9.09
11.73,0.00142203,999.4405,4.189616,57.8325,13.8038,1253.754,1.2541,0.89376,739.0569,9.0875
11.74,0.00142314,999.439,4.189608,57.835,13.8044,1253.452,1.2538,0.89488,739.0422,9.085
11.75,0.00142425,999.4375,4.1896,57.8375,13.805,1253.15,1.2535,0.896,739.0275,9.0825
11.76,0.00142536,999.436,4.189592,57.84,13.8056,1252.848,1.2532,0.89712,739.0128,9.08
11.77,0.00142647,999.4345,4.189584,57.8425,13.8062,1252.546,1.2529,0.89824,738.9981,9.0775
11.78,0.00142758,999.433,4.189576,57.845,13.8068,1252.244,1.2526,0.89936,738.9834,9.075
11.79,0.00142869,999.4315,4.189568,57.8475,13.8074,1251.942,1.2523,0.90048,738.9687,9.0725
11.8,0.0014298,999.43,4.18956,57.85,13.808,1251.64,1.252,0.9016,738.954,9.07
11.81,0.00143091,999.4285,4.189552,57.8525,13.8086,1251.338,1.2517,0.90272,738.9393,9.0675
11.82,0.00143202,999.427,4.189544,57.855,13.8092,1251.036,1.2514,0.90384,738.9246,9.065
11.83,0.00143313,999.4255,4.189536,57.8575,13.8098,1250.734,1.2511,0.90496,738.9099,9.0625
11.84,0.00143424,999.424,4.189528,57.86,13.8104,1250.432,1.2508,0.90608,738.8952,9.06
11.85,0.00143535,999.4225,4.18952,57.8625,13.811,1250.13,1.2505,0.9072,738.8805,9.0575
11.86,0.00143646,999.421,4.189512,57.865,13.8116,1249.828,1.2502,0.90832,738.8658,9.055
11.87,0.00143757,999.4195,4.189504,57.8675,13.8122,1249.526,1.2499,0.90944,738.8511,9.0525
11.88,0.00143868,999.418,4.189496,57.87,13.8128,1249.224,1.2496,0.91056,738.8364,9.05
11.89,0.00143979,999.4165,4.189488,57.8725,13.8134,1248.922,1.2493,0.91168,738.8217,9.0475
11.9,0.0014409,999.415,4.18948,57.875,13.814,1248.62,1.249,0.9128,738.807,9.045
11.91,0.00144201,999.4135,4.189472,57.8775,13.8146,1248.318,1.2487,0.91392,738.7923,9.0425
11.92,0.00144312,999.412,4.189464,57.88,13.8152,1248.016,1.2484,0.91504,738.7776,9.04
11.93,0.00144423,999.4105,4.189456,57.8825,13.8158,1247.714,1.2481,0.91616,738.7629,9.0375
11.94,0.00144534,999.409,4.189448,57.885,13.8164,1247.412,1.2478,0.91728,738.7482,9.035
11.95,0.00144645,999.4075,4.18944,57.8875,13.817,1247.11,1.2475,0.9184,738.7335,9.0325
11.96,0.00144756,999.406,4.189432,57.89,13.8176,1246.808,1.2472,0.91952,738.7188,9.03
11.97,0.00144867,999.4045,4.189424,57.8925,13.8182,1246.506,1.2469,0.92064,738.7041,9.0275
11.98,0.00144978,999.403,4.189416,57.895,13.8188,1246.204,1.2466,0.92176,738.6894,9.025
11.99,0.00145089,999.4015,4.189408,57.8975,13.8194,1245.902,1.2463,0.92288,738.6747,9.0225
12,0.001452,999.4,4.1894,57.9,13.82,1245.6,1.246,0.924,738.66,9.02
12.01,0.00145311,999.3985,4.189392,57.9025,13.8206,1245.298,1.2457,0.92512,738.6453,9.0175
12.02,0.00145422,999.397,4.189384,57.905,13.8212,1244.996,1.2454,0.92624,738.6306,9.015
12.03,0.00145533,999.3955,4.189376,57.9075,13.8218,1244.694,1.2451,0.92736,738.6159,9.0125
12.04,0.00145644,999.394,4.189368,57.91,13.8224,1244.392,1.2448,0.92848,738.6012,9.01
12.05,0.00145755,999.3925,4.18936,57.9125,13.823,1244.09,1.2445,0.9296,738.5865,9.0075
12.06,0.00145866,999.391,4.189352,57.915,13.8236,1243.788,1.2442,0.93072,738.5718,9.005
12.07,0.00145977,999.3895,4.189344,57.9175,13.8242,1243.486,1.2439,0.93184,738.5571,9.0025
12.08,0.00146088,999.388,4.189336,57.92,13.8248,1243.184,1.2436,0.93296,738.5424,9
12.09,0.00146199,999.3865,4.189328,57.9225,13.8254,1242.882,1.2433,0.93408,738.5277,8.9975
12.1,0.0014631,999.385,4.18932,57.925,13.826,1242.58,1.243,0.9352,738.513,8.995
12.11,0.00146421,999.3835,4.189312,57.9275,13.8266,1242.278,1.2427,0.93632,738.4983,8.9925
12.12,0.00146532,999.382,4.189304,57.93,13.8272,1241.976,1.2424,0.93744,738.4836,8.99
12.13,0.00146643,999.3805,4.189296,57.9325,13.8278,1241.674,1.2421,0.93856,738.4689,8.9875
12.14,0.00146754,999.379,4.189288,57.935,13.8284,1241.372,1.2418,0.93968,738.4542,8.985
12.15,0.00146865,999.3775,4.18928,57.9375,13.829,1241.07,1.2415,0.9408,738.4395,8.9825
12.16,0.00146976,999.376,4.189272,57.94,13.8296,1240.768,1.2412,0.94192,738.4248,8.98
12.17,0.00147087,999.3745,4.189264,57.9425,13.8302,1240.466,1.2409,0.94304,738.4101,8.9775
12.18,0.00147198,999.373,4.189256,57.945,13.8308,1240.164,1.2406,0.94416,738.3954,8.975
12.19,0.00147309,999.3715,4.189248,57.9475,13.8314,1239.862,1.2403,0.94528,738.3807,8.9725
12.2,0.0014742,999.37,4.18924,57.95,13.832,1239.56,1.24,0.9464,738.366,8.97
12.21,0.00147531,999.3685,4.189232,57.9525,13.8326,1239.258,1.2397,0.94752,738.3513,8.9675
12.22,0.00147642,999.367,4.189224,57.955,13.8332,1238.956,1.2394,0.94864,738.3366,8.965
12.23,0.00147753,999.3655,4.189216,57.9575,13.8338,1238.654,1.2391,0.94976,738.3219,8.9625
12.24,0.00147864,999.364,4.189208,57.96,13.8344,1238.352,1.2388,0.95088,738.3072,8.96
12.25,0.00147975,999.3625,4.1892,57.9625,13.835,1238.05,1.2385,0.952,738.2925,8.9575
12.26,0.00148086,999.361,4.189192,57.965,13.8356,1237.748,1.2382,0.95312,738.2778,8.955
12.27,0.00148197,999.3595,4.189184,57.9675,13.8362,1237.446,1.2379,0.95424,738.2631,8.9525
12.28,0.00148308,999.358,4.189176,57.97,13.8368,1237.144,1.2376,0.95536,738.2484,8.95
12.29,0.00148419,999.3565,4.189168,57.9725,13.8374,1236.842,1.2373,0.95648,738.2337,8.9475
12.3,0.0014853,999.355,4.18916,57.975,13.838,1236.54,1.237,0.9576,738.219,8.945
12.31,0.00148641,999.3535,4.189152,57.9775,13.8386,1236.238,1.2367,0.95872,738.2043,8.9425
12.32,0.00148752,999.352,4.189144,57.98,13.8392,1235.936,1.2364,0.95984,738.1896,8.94
12.33,0.00148863,999.3505,4.189136,57.9825,13.8398,1235.634,1.2361,0.96096,738.1749,8.9375
12.34,0.00148974,999.349,4.189128,57.985,13.8404,1235.332,1.2358,0.96208,738.1602,8.935
12.35,0.00149085,999.3475,4.18912,57.9875,13.841,1235.03,1.2355,0.9632,738.1455,8.9325
12.36,0.00149196,999.346,4.189112,57.99,13.8416,1234.728,1.2352,0.96432,738.1308,8.93
12.37,0.00149307,999.3445,4.189104,57.9925,13.8422,1234.426,1.2349,0.96544,738.1161,8.9275
12.38,0.00149418,999.343,4.189096,57.995,13.8428,1234.124,1.2346,0.96656,738.1014,8.925
12.39,0.00149529,999.3415,4.189088,57.9975,13.8434,1233.822,1.2343,0.96768,738.0867,8.9225
12.4,0.0014964,999.34,4.18908,58,13.844,1233.52,1.234,0.9688,738.072,8.92
12.41,0.00149751,999.3385,4.189072,58.0025,13.8446,1233.218,1.2337,0.96992,738.0573,8.9175
12.42,0.00149862,999.337,4.189064,58.005,13.8452,1232.916,1.2334,0.97104,738.0426,8.915
12.43,0.00149973,999.3355,4.189056,58.0075,13.8458,1232.614,1.2331,0.97216,738.0279,8.9125
12.44,0.00150084,999.334,4.189048,58.01,13.8464,1232.312,1.2328,0.97328,738.0132,8.91
12.45,0.00150195,999.3325,4.18904,58.0125,13.847,1232.01,1.2325,0.9744,737.9985,8.9075
12.46,0.00150306,999.331,4.189032,58.015,13.8476,1231.708,1.2322,0.97552,737.9838,8.905
12.47,0.00150417,999.3295,4.189024,58.0175,13.8482,1231.406,1.2319,0.97664,737.9691,8.9025
12.48,0.00150528,999.328,4.189016,58.02,13.8488,1231.104,1.2316,0.97776,737.9544,8.9
12.49,0.00150639,999.3265,4.189008,58.0225,13.8494,1230.802,1.2313,0.97888,737.9397,8.8975
12.5,0.0015075,999.325,4.189,58.025,13.85,1230.5,1.231,0.98,737.925,8.895
12.51,0.00150861,999.3235,4.188992,58.0275,13.8506,1230.198,1.2307,0.98112,737.9103,8.8925
12.52,0.00150972,999.322,4.188984,58.03,13.8512,1229.896,1.2304,0.98224,737.8956,8.89
12.53,0.00151083,999.3205,4.188976,58.0325,13.8518,1229.594,1.2301,0.98336,737.8809,8.8875
12.54,0.00151194,999.319,4.188968,58.035,13.8524,1229.292,1.2298,0.98448,737.8662,8.885
12.55,0.00151305,999.3175,4.18896,58.0375,13.853,1228.99,1.2295,0.9856,737.8515,8.8825
12.56,0.00151416,999.316,4.188952,58.04,13.8536,1228.688,1.2292,0.98672,737.8368,8.88
12.57,0.00151527,999.3145,4.188944,58.0425,13.8542,1228.386,1.2289,0.98784,737.8221,8.8775
12.58,0.00151638,999.313,4.188936,58.045,13.8548,1228.084,1.2286,0.98896,737.8074,8.875
12.59,0.00151749,999.3115,4.188928,58.0475,13.8554,1227.782,1.2283,0.99008,737.7927,8.8725
12.6,0.0015186,999.31,4.18892,58.05,13.856,1227.48,1.228,0.9912,737.778,8.87
12.61,0.00151971,999.3085,4.188912,58.0525,13.8566,1227.178,1.2277,0.99232,737.7633,8.8675
12.62,0.00152082,999.307,4.188904,58.055,13.8572,1226.876,1.2274,0.99344,737.7486,8.865
12.63,0.00152193,999.3055,4.188896,58.0575,13.8578,1226.574,1.2271,0.99456,737.7339,8.8625
12.64,0.00152304,999.304,4.188888,58.06,13.8584,1226.272,1.2268,0.99568,737.7192,8.86
12.65,0.00152415,999.3025,4.18888,58.0625,13.859,1225.97,1.2265,0.9968,737.7045,8.8575
12.66,0.00152526,999.301,4.188872,58.065,13.8596,1225.668,1.2262,0.99792,737.6898,8.855
12.67,0.00152637,999.2995,4.188864,58.0675,13.8602,1225.366,1.2259,0.99904,737.6751,8.8525
12.68,0.00152748,999.298,4.188856,58.07,13.8608,1225.064,1.2256,1.00016,737.6604,8.85
12.69,0.00152859,999.2965,4.188848,58.0725,13.8614,1224.762,1.2253,1.00128,737.6457,8.8475
12.7,0.0015297,999.295,4.18884,58.075,13.862,1224.46,1.225,1.0024,737.631,8.845
12.71,0.00153081,999.2935,4.188832,58.0775,13.8626,1224.158,1.2247,1.00352,737.6163,8.8425
12.72,0.00153192,999.292,4.188824,58.08,13.8632,1223.856,1.2244,1.00464,737.6016,8.84
12.73,0.00153303,999.2905,4.188816,58.0825,13.8638,1223.554,1.2241,1.00576,737.5869,8.8375
12.74,0.00153414,999.289,4.188808,58.085,13.8644,1223.252,1.2238,1.00688,737.5722,8.835
12.75,0.00153525,999.2875,4.1888,58.0875,13.865,1222.95,1.2235,1.008,737.5575,8.8325
12.76,0.00153636,999.286,4.188792,58.09,13.8656,1222.648,1.2232,1.00912,737.5428,8.83
12.77,0.00153747,999.2845,4.188784,58.0925,13.8662,1222.346,1.2229,1.01024,737.5281,8.8275
12.78,0.00153858,999.283,4.188776,58.095,13.8668,1222.044,1.2226,1.01136,737.5134,8.825
12.79,0.00153969,999.2815,4.188768,58.0975,13.8674,1221.742,1.2223,1.01248,737.4987,8.8225
12.8,0.0015408,999.28,4.18876,58.1,13.868,1221.44,1.222,1.0136,737.484,8.82
12.81,0.00154191,999.2785,4.188752,58.1025,13.8686,1221.138,1.2217,1.01472,737.4693,8.8175
12.82,0.00154302,999.277,4.188744,58.105,13.8692,1220.836,1.2214,1.01584,737.4546,8.815
12.83,0.00154413,999.2755,4.188736,58.1075,13.8698,1220.534,1.2211,1.01696,737.4399,8.8125
12.84,0.00154524,999.274,4.188728,58.11,13.8704,1220.232,1.2208,1.01808,737.4252,8.81
12.85,0.00154635,999.2725,4.18872,58.1125,13.871,1219.93,1.2205,1.0192,737.4105,8.8075
12.86,0.00154746,999.271,4.188712,58.115,13.8716,1219.628,1.2202,1.02032,737.3958,8.805
12.87,0.00154857,999.2695,4.188704,58.1175,13.8722,1219.326,1.2199,1.02144,737.3811,8.8025
12.88,0.00154968,999.268,4.188696,58.12,13.8728,1219.024,1.2196,1.02256,737.3664,8.8
12.89,0.00155079,999.2665,4.188688,58.1225,13.8734,1218.722,1.2193,1.02368,737.3517,8.7975
12.9,0.0015519,999.265,4.18868,58.125,13.874,1218.42,1.219,1.0248,737.337,8.795
12.91,0.00155301,999.2635,4.188672,58.1275,13.8746,1218.118,1.2187,1.02592,737.3223,8.7925
12.92,0.00155412,999.262,4.188664,58.13,13.8752,1217.816,1.2184,1.02704,737.3076,8.79
12.93,0.00155523,999.2605,4.188656,58.1325,13.8758,1217.514,1.2181,1.02816,737.2929,8.7875
12.94,0.00155634,999.259,4.188648,58.135,13.8764,1217.212,1.2178,1.02928,737.2782,8.785
12.95,0.00155745,999.2575,4.18864,58.1375,13.877,1216.91,1.2175,1.0304,737.2635,8.7825
12.96,0.00155856,999.256,4.188632,58.14,13.8776,1216.608,1.2172,1.03152,737.2488,8.78
12.97,0.00155967,999.2545,4.188624,58.1425,13.8782,1216.306,1.2169,1.03264,737.2341,8.7775
12.98,0.00156078,999.253,4.188616,58.145,13.8788,1216.004,1.2166,1.03376,737.2194,8.775
12.99,0.00156189,999.2515,4.188608,58.1475,13.8794,1215.702,1.2163,1.03488,737.2047,8.7725
13,0.001563,999.25,4.1886,58.15,13.88,1215.4,1.216,1.036,737.19,8.77
13.01,0.00156411,999.2485,4.188592,58.1525,13.8806,1215.098,1.2157,1.03712,737.1753,8.7675
13.02,0.00156522,999.247,4.188584,58.155,13.8812,1214.796,1.2154,1.03824,737.1606,8.765
13.03,0.00156633,999.2455,4.188576,58.1575,13.8818,1214.494,1.2151,1.03936,737.1459,8.7625
13.04,0.00156744,999.244,4.188568,58.16,13.8824,1214.192,1.2148,1.04048,737.1312,8.76
13.05,0.00156855,999.2425,4.18856,58.1625,13.883,1213.89,1.2145,1.0416,737.1165,8.7575
13.06,0.00156966,999.241,4.188552,58.165,13.8836,1213.588,1.2142,1.04272,737.1018,8.755
13.07,0.00157077,999.2395,4.188544,58.1675,13.8842,1213.286,1.2139,1.04384,737.0871,8.7525
13.08,0.00157188,999.238,4.188536,58.17,13.8848,1212.984,1.2136,1.04496,737.0724,8.75
13.09,0.00157299,999.2365,4.188528,58.1725,13.8854,1212.682,1.2133,1.04608,737.0577,8.7475
13.1,0.0015741,999.235,4.18852,58.175,13.886,1212.38,1.213,1.0472,737.043,8.745
13.11,0.00157521,999.2335,4.188512,58.1775,13.8866,1212.078,1.2127,1.04832,737.0283,8.7425
13.12,0.00157632,999.232,4.188504,58.18,13.8872,1211.776,1.2124,1.04944,737.0136,8.74
13.13,0.00157743,999.2305,4.188496,58.1825,13.8878,1211.474,1.2121,1.05056,736.9989,8.7375
13.14,0.00157854,999.229,4.188488,58.185,13.8884,1211.172,1.2118,1.05168,736.9842,8.735
13.15,0.00157965,999.2275,4.18848,58.1875,13.889,1210.87,1.2115,1.0528,736.9695,8.7325
13.16,0.00158076,999.226,4.188472,58.19,13.8896,1210.568,1.2112,1.05392,736.9548,8.73
13.17,0.00158187,999.2245,4.188464,58.1925,13.8902,1210.266,1.2109,1.05504,736.9401,8.7275
13.18,0.00158298,999.223,4.188456,58.195,13.8908,1209.964,1.2106,1.05616,736.9254,8.725
13.19,0.00158409,999.2215,4.188448,58.1975,13.8914,1209.662,1.2103,1.05728,736.9107,8.7225
13.2,0.0015852,999.22,4.18844,58.2,13.892,1209.36,1.21,1.0584,736.896,8.72
13.21,0.00158631,999.2185,4.188432,58.2025,13.8926,1209.058,1.2097,1.05952,736.8813,8.7175
13.22,0.00158742,999.217,4.188424,58.205,13.8932,1208.756,1.2094,1.06064,736.8666,8.715
13.23,0.00158853,999.2155,4.188416,58.2075,13.8938,1208.454,1.2091,1.06176,736.8519,8.7125
13.24,0.00158964,999.214,4.188408,58.21,13.8944,1208.152,1.2088,1.06288,736.8372,8.71
13.25,0.00159075,999.2125,4.1884,58.2125,13.895,1207.85,1.2085,1.064,736.8225,8.7075
13.26,0.00159186,999.211,4.188392,58.215,13.8956,1207.548,1.2082,1.06512,736.8078,8.705
13.27,0.00159297,999.2095,4.188384,58.2175,13.8962,1207.246,1.2079,1.06624,736.7931,8.7025
13.28,0.00159408,999.208,4.188376,58.22,13.8968,1206.944,1.2076,1.06736,736.7784,8.7
13.29,0.00159519,999.2065,4.188368,58.2225,13.8974,1206.642,1.2073,1.06848,736.7637,8.6975
13.3,0.0015963,999.205,4.18836,58.225,13.898,1206.34,1.207,1.0696,736.749,8.695
13.31,0.00159741,999.2035,4.188352,58.2275,13.8986,1206.038,1.2067,1.07072,736.7343,8.6925
13.32,0.00159852,999.202,4.188344,58.23,13.8992,1205.736,1.2064,1.07184,736.7196,8.69
13.33,0.00159963,999.2005,4.188336,58.2325,13.8998,1205.434,1.2061,1.07296,736.7049,8.6875
13.34,0.00160074,999.199,4.188328,58.235,13.9004,1205.132,1.2058,1.07408,736.6902,8.685
13.35,0.00160185,999.1975,4.18832,58.2375,13.901,1204.83,1.2055,1.0752,736.6755,8.6825
13.36,0.00160296,999.196,4.188312,58.24,13.9016,1204.528,1.2052,1.07632,736.6608,8.68
13.37,0.00160407,999.1945,4.188304,58.2425,13.9022,1204.226,1.2049,1.07744,736.6461,8.6775
13.38,0.00160518,999.193,4.188296,58.245,13.9028,1203.924,1.2046,1.07856,736.6314,8.675
13.39,0.00160629,999.1915,4.188288,58.2475,13.9034,1203.622,1.2043,1.07968,736.6167,8.6725
13.4,0.0016074,999.19,4.18828,58.25,13.904,1203.32,1.204,1.0808,736.602,8.67
13.41,0.00160851,999.1885,4.188272,58.2525,13.9046,1203.018,1.2037,1.08192,736.5873,8.6675
13.42,0.00160962,999.187,4.188264,58.255,13.9052,1202.716,1.2034,1.08304,736.5726,8.665
13.43,0.00161073,999.1855,4.188256,58.2575,13.9058,1202.414,1.2031,1.08416,736.5579,8.6625
13.44,0.00161184,999.184,4.188248,58.26,13.9064,1202.112,1.2028,1.08528,736.5432,8.66
13.45,0.00161295,999.1825,4.18824,58.2625,13.907,1201.81,1.2025,1.0864,736.5285,8.6575
13.46,0.00161406,999.181,4.188232,58.265,13.9076,1201.508,1.2022,1.08752,736.5138,8.655
13.47,0.00161517,999.1795,4.188224,58.2675,13.9082,1201.206,1.2019,1.08864,736.4991,8.6525
13.48,0.00161628,999.178,4.188216,58.27,13.9088,1200.904,1.2016,1.08976,736.4844,8.65
13.49,0.00161739,999.1765,4.188208,58.2725,13.9094,1200.602,1.2013,1.09088,736.4697,8.6475
13.5,0.0016185,999.175,4.1882,58.275,13.91,1200.3,1.201,1.092,736.455,8.645
13.51,0.00161961,999.1735,4.188192,58.2775,13.9106,1199.998,1.2007,1.09312,736.4403,8.6425
13.52,0.00162072,999.172,4.188184,58.28,13.9112,1199.696,1.2004,1.09424,736.4256,8.64
13.53,0.00162183,999.1705,4.188176,58.2825,13.9118,1199.394,1.2001,1.09536,736.4109,8.6375
13.54,0.00162294,999.169,4.188168,58.285,13.9124,1199.092,1.1998,1.09648,736.3962,8.635
13.55,0.00162405,999.1675,4.18816,58.2875,13.913,1198.79,1.1995,1.0976,736.3815,8.6325
13.56,0.00162516,999.166,4.188152,58.29,13.9136,1198.488,1.1992,1.09872,736.3668,8.63
13.57,0.00162627,999.1645,4.188144,58.2925,13.9142,1198.186,1.1989,1.09984,736.3521,8.6275
13.58,0.00162738,999.163,4.188136,58.295,13.9148,1197.884,1.1986,1.10096,736.3374,8.625
13.59,0.00162849,999.1615,4.188128,58.2975,13.9154,1197.582,1.1983,1.10208,736.3227,8.6225
13.6,0.0016296,999.16,4.18812,58.3,13.916,1197.28,1.198,1.1032,736.308,8.62
13.61,0.00163071,999.1585,4.188112,58.3025,13.9166,1196.978,1.1977,1.10432,736.2933,8.6175
13.62,0.00163182,999.157,4.188104,58.305,13.9172,1196.676,1.1974,1.10544,736.2786,8.615
13.63,0.00163293,999.1555,4.188096,58.3075,13.9178,1196.374,1.1971,1.10656,736.2639,8.6125
13.64,0.00163404,999.154,4.188088,58.31,13.9184,1196.072,1.1968,1.10768,736.2492,8.61
13.65,0.00163515,999.1525,4.18808,58.3125,13.919,1195.77,1.1965,1.1088,736.2345,8.6075
13.66,0.00163626,999.151,4.188072,58.315,13.9196,1195.468,1.1962,1.10992,736.2198,8.605
13.67,0.00163737,999.1495,4.188064,58.3175,13.9202,1195.166,1.1959,1.11104,736.2051,8.6025
13.68,0.00163848,999.148,4.188056,58.32,13.9208,1194.864,1.1956,1.11216,736.1904,8.6
13.69,0.00163959,999.1465,4.188048,58.3225,13.9214,1194.562,1.1953,1.11328,736.1757,8.5975
13.7,0.0016407,999.145,4.18804,58.325,13.922,1194.26,1.195,1.1144,736.161,8.595
13.71,0.00164181,999.1435,4.188032,58.3275,13.9226,1193.958,1.1947,1.11552,736.1463,8.5925
13.72,0.00164292,999.142,4.188024,58.33,13.9232,1193.656,1.1944,1.11664,736.1316,8.59
13.73,0.00164403,999.1405,4.188016,58.3325,13.9238,1193.354,1.1941,1.11776,736.1169,8.5875
13.74,0.00164514,999.139,4.188008,58.335,13.9244,1193.052,1.1938,1.11888,736.1022,8.585
13.75,0.00164625,999.1375,4.188,58.3375,13.925,1192.75,1.1935,1.12,736.0875,8.5825
13.76,0.00164736,999.136,4.187992,58.34,13.9256,1192.448,1.1932,1.12112,736.0728,8.58
13.77,0.00164847,999.1345,4.187984,58.3425,13.9262,1192.146,1.1929,1.12224,736.0581,8.5775
13.78,0.00164958,999.133,4.187976,58.345,13.9268,1191.844,1.1926,1.12336,736.0434,8.575
13.79,0.00165069,999.1315,4.187968,58.3475,13.9274,1191.542,1.1923,1.12448,736.0287,8.5725
13.8,0.0016518,999.13,4.18796,58.35,13.928,1191.24,1.192,1.1256,736.014,8.57
13.81,0.00165291,999.1285,4.187952,58.3525,13.9286,1190.938,1.1917,1.12672,735.9993,8.5675
13.82,0.00165402,999.127,4.187944,58.355,13.9292,1190.636,1.1914,1.12784,735.9846,8.565
13.83,0.00165513,999.1255,4.187936,58.3575,13.9298,1190.334,1.1911,1.12896,735.9699,8.5625
13.84,0.00165624,999.124,4.187928,58.36,13.9304,1190.032,1.1908,1.13008,735.9552,8.56
13.85,0.00165735,999.1225,4.18792,58.3625,13.931,1189.73,1.1905,1.1312,735.9405,8.5575
13.86,0.00165846,999.121,4.187912,58.365,13.9316,1189.428,1.1902,1.13232,735.9258,8.555
13.87,0.00165957,999.1195,4.187904,58.3675,13.9322,1189.126,1.1899,1.13344,735.9111,8.5525
13.88,0.00166068,999.118,4.187896,58.37,13.9328,1188.824,1.1896,1.13456,735.8964,8.55
13.89,0.00166179,999.1165,4.187888,58.3725,13.9334,1188.522,1.1893,1.13568,735.8817,8.5475
13.9,0.0016629,999.115,4.18788,58.375,13.934,1188.22,1.189,1.1368,735.867,8.545
13.91,0.00166401,999.1135,4.187872,58.3775,13.9346,1187.918,1.1887,1.13792,735.8523,8.5425
13.92,0.00166512,999.112,4.187864,58.38,13.9352,1187.616,1.1884,1.13904,735.8376,8.54
13.93,0.00166623,999.1105,4.187856,58.3825,13.9358,1187.314,1.1881,1.14016,735.8229,8.5375
13.94,0.00166734,999.109,4.187848,58.385,13.9364,1187.012,1.1878,1.14128,735.8082,8.535
13.95,0.00166845,999.1075,4.18784,58.3875,13.937,1186.71,1.1875,1.1424,735.7935,8.5325
13.96,0.00166956,999.106,4.187832,58.39,13.9376,1186.408,1.1872,1.14352,735.7788,8.53
13.97,0.00167067,999.1045,4.187824,58.3925,13.9382,1186.106,1.1869,1.14464,735.7641,8.5275
13.98,0.00167178,999.103,4.187816,58.395,13.9388,1185.804,1.1866,1.14576,735.7494,8.525
13.99,0.00167289,999.1015,4.187808,58.3975,13.9394,1185.502,1.1863,1.14688,735.7347,8.5225
14,0.001674,999.1,4.1878,58.4,13.94,1185.2,1.186,1.148,735.72,8.52
14.01,0.00167511,999.0985,4.187792,58.4025,13.9406,1184.898,1.1857,1.14912,735.7053,8.5175
14.02,0.00167622,999.097,4.187784,58.405,13.9412,1184.596,1.1854,1.15024,735.6906,8.515
14.03,0.00167733,999.0955,4.187776,58.4075,13.9418,1184.294,1.1851,1.15136,735.6759,8.5125
14.04,0.00167844,999.094,4.187768,58.41,13.9424,1183.992,1.1848,1.15248,735.6612,8.51
14.05,0.00167955,999.0925,4.18776,58.4125,13.943,1183.69,1.1845,1.1536,735.6465,8.5075
14.06,0.00168066,999.091,4.187752,58.415,13.9436,1183.388,1.1842,1.15472,735.6318,8.505
14.07,0.00168177,999.0895,4.187744,58.4175,13.9442,1183.086,1.1839,1.15584,735.6171,8.5025
14.08,0.00168288,999.088,4.187736,58.42,13.9448,1182.784,1.1836,1.15696,735.6024,8.5
14.09,0.00168399,999.0865,4.187728,58.4225,13.9454,1182.482,1.1833,1.15808,735.5877,8.4975
14.1,0.0016851,999.085,4.18772,58.425,13.946,1182.18,1.183,1.1592,735.573,8.495
14.11,0.00168621,999.0835,4.187712,58.4275,13.9466,1181.878,1.1827,1.16032,735.5583,8.4925
14.12,0.00168732,999.082,4.187704,58.43,13.9472,1181.576,1.1824,1.16144,735.5436,8.49
14.13,0.00168843,999.0805,4.187696,58.4325,13.9478,1181.274,1.1821,1.16256,735.5289,8.4875
14.14,0.00168954,999.079,4.187688,58.435,13.9484,1180.972,1.1818,1.16368,735.5142,8.485
14.15,0.00169065,999.0775,4.18768,58.4375,13.949,1180.67,1.1815,1.1648,735.4995,8.4825
14.16,0.00169176,999.076,4.187672,58.44,13.9496,1180.368,1.1812,1.16592,735.4848,8.48
14.17,0.00169287,999.0745,4.187664,58.4425,13.9502,1180.066,1.1809,1.16704,735.4701,8.4775
14.18,0.00169398,999.073,4.187656,58.445,13.9508,1179.764,1.1806,1.16816,735.4554,8.475
14.19,0.00169509,999.0715,4.187648,58.4475,13.9514,1179.462,1.1803,1.16928,735.4407,8.4725
14.2,0.0016962,999.07,4.18764,58.45,13.952,1179.16,1.18,1.1704,735.426,8.47
14.21,0.00169731,999.0685,4.187632,58.4525,13.9526,1178.858,1.1797,1.17152,735.4113,8.4675
14.22,0.00169842,999.067,4.187624,58.455,13.9532,1178.556,1.1794,1.17264,735.3966,8.465
14.23,0.00169953,999.0655,4.187616,58.4575,13.9538,1178.254,1.1791,1.17376,735.3819,8.4625
14.24,0.00170064,999.064,4.187608,58.46,13.9544,1177.952,1.1788,1.17488,735.3672,8.46
14.25,0.00170175,999.0625,4.1876,58.4625,13.955,1177.65,1.1785,1.176,735.3525,8.4575
14.26,0.00170286,999.061,4.187592,58.465,13.9556,1177.348,1.1782,1.17712,735.3378,8.455
14.27,0.00170397,999.0595,4.187584,58.4675,13.9562,1177.046,1.1779,1.17824,735.3231,8.4525
14.28,0.00170508,999.058,4.187576,58.47,13.9568,1176.744,1.1776,1.17936,735.3084,8.45
14.29,0.00170619,999.0565,4.187568,58.4725,13.9574,1176.442,1.1773,1.18048,735.2937,8.4475
14.3,0.0017073,999.055,4.18756,58.475,13.958,1176.14,1.177,1.1816,735.279,8.445
14.31,0.00170841,999.0535,4.187552,58.4775,13.9586,1175.838,1.1767,1.18272,735.2643,8.4425
14.32,0.00170952,999.052,4.187544,58.48,13.9592,1175.536,1.1764,1.18384,735.2496,8.44
14.33,0.00171063,999.0505,4.187536,58.4825,13.9598,1175.234,1.1761,1.18496,735.2349,8.4375
14.34,0.00171174,999.049,4.187528,58.485,13.9604,1174.932,1.1758,1.18608,735.2202,8.435
14.35,0.00171285,999.0475,4.18752,58.4875,13.961,1174.63,1.1755,1.1872,735.2055,8.4325
14.36,0.00171396,999.046,4.187512,58.49,13.9616,1174.328,1.1752,1.18832,735.1908,8.43
14.37,0.00171507,999.0445,4.187504,58.4925,13.9622,1174.026,1.1749,1.18944,735.1761,8.4275
14.38,0.00171618,999.043,4.187496,58.495,13.9628,1173.724,1.1746,1.19056,735.1614,8.425
14.39,0.00171729,999.0415,4.187488,58.4975,13.9634,1173.422,1.1743,1.19168,735.1467,8.4225
14.4,0.0017184,999.04,4.18748,58.5,13.964,1173.12,1.174,1.1928,735.132,8.42
14.41,0.00171951,999.0385,4.187472,58.5025,13.9646,1172.818,1.1737,1.19392,735.1173,8.4175
14.42,0.00172062,999.037,4.187464,58.505,13.9652,1172.516,1.1734,1.19504,735.1026,8.415
14.43,0.00172173,999.0355,4.187456,58.5075,13.9658,1172.214,1.1731,1.19616,735.0879,8.4125
14.44,0.00172284,999.034,4.187448,58.51,13.9664,1171.912,1.1728,1.19728,735.0732,8.41
14.45,0.00172395,999.0325,4.18744,58.5125,13.967,1171.61,1.1725,1.1984,735.0585,8.4075
14.46,0.00172506,999.031,4.187432,58.515,13.9676,1171.308,1.1722,1.19952,735.0438,8.405
14.47,0.00172617,999.0295,4.187424,58.5175,13.9682,1171.006,1.1719,1.20064,735.0291,8.4025
14.48,0.00172728,999.028,4.187416,58.52,13.9688,1170.704,1.1716,1.20176,735.0144,8.4
14.49,0.00172839,999.0265,4.187408,58.5225,13.9694,1170.402,1.1713,1.20288,734.9997,8.3975
14.5,0.0017295,999.025,4.1874,58.525,13.97,1170.1,1.171,1.204,734.985,8.395
14.51,0.00173061,999.0235,4.187392,58.5275,13.9706,1169.798,1.1707,1.20512,734.9703,8.3925
14.52,0.00173172,999.022,4.187384,58.53,13.9712,1169.496,1.1704,1.20624,734.9556,8.39
14.53,0.00173283,999.0205,4.187376,58.5325,13.9718,1169.194,1.1701,1.20736,734.9409,8.3875
14.54,0.00173394,999.019,4.187368,58.535,13.9724,1168.892,1.1698,1.20848,734.9262,8.385
14.55,0.00173505,999.0175,4.18736,58.5375,13.973,1168.59,1.1695,1.2096,734.9115,8.3825
14.56,0.00173616,999.016,4.187352,58.54,13.9736,1168.288,1.1692,1.21072,734.8968,8.38
14.57,0.00173727,999.0145,4.187344,58.5425,13.9742,1167.986,1.1689,1.21184,734.8821,8.3775
14.58,0.00173838,999.013,4.187336,58.545,13.9748,1167.684,1.1686,1.21296,734.8674,8.375
14.59,0.00173949,999.0115,4.187328,58.5475,13.9754,1167.382,1.1683,1.21408,734.8527,8.3725
14.6,0.0017406,999.01,4.18732,58.55,13.976,1167.08,1.168,1.2152,734.838,8.37
14.61,0.00174171,999.0085,4.187312,58.5525,13.9766,1166.778,1.1677,1.21632,734.8233,8.3675
14.62,0.00174282,999.007,4.187304,58.555,13.9772,1166.476,1.1674,1.21744,734.8086,8.365
14.63,0.00174393,999.0055,4.187296,58.5575,13.9778,1166.174,1.1671,1.21856,734.7939,8.3625
14.64,0.00174504,999.004,4.187288,58.56,13.9784,1165.872,1.1668,1.21968,734.7792,8.36
14.65,0.00174615,999.0025,4.18728,58.5625,13.979,1165.57,1.1665,1.2208,734.7645,8.3575
14.66,0.00174726,999.001,4.187272,58.565,13.9796,1165.268,1.1662,1.22192,734.7498,8.355
14.67,0.00174837,998.9995,4.187264,58.5675,13.9802,1164.966,1.1659,1.22304,734.7351,8.3525
14.68,0.00174948,998.998,4.187256,58.57,13.9808,1164.664,1.1656,1.22416,734.7204,8.35
14.69,0.00175059,998.9965,4.187248,58.5725,13.9814,1164.362,1.1653,1.22528,734.7057,8.3475
14.7,0.0017517,998.995,4.18724,58.575,13.982,1164.06,1.165,1.2264,734.691,8.345
14.71,0.00175281,998.9935,4.187232,58.5775,13.9826,1163.758,1.1647,1.22752,734.6763,8.3425
14.72,0.00175392,998.992,4.187224,58.58,13.9832,1163.456,1.1644,1.22864,734.6616,8.34
14.73,0.00175503,998.9905,4.187216,58.5825,13.9838,1163.154,1.1641,1.22976,734.6469,8.3375
14.74,0.00175614,998.989,4.187208,58.585,13.9844,1162.852,1.1638,1.23088,734.6322,8.335
14.75,0.00175725,998.9875,4.1872,58.5875,13.985,1162.55,1.1635,1.232,734.6175,8.3325
14.76,0.00175836,998.986,4.187192,58.59,13.9856,1162.248,1.1632,1.23312,734.6028,8.33
14.77,0.00175947,998.9845,4.187184,58.5925,13.9862,1161.946,1.1629,1.23424,734.5881,8.3275
14.78,0.00176058,998.983,4.187176,58.595,13.9868,1161.644,1.1626,1.23536,734.5734,8.325
14.79,0.00176169,998.9815,4.187168,58.5975,13.9874,1161.342,1.1623,1.23648,734.5587,8.3225
14.8,0.0017628,998.98,4.18716,58.6,13.988,1161.04,1.162,1.2376,734.544,8.32
14.81,0.00176391,998.9785,4.187152,58.6025,13.9886,1160.738,1.1617,1.23872,734.5293,8.3175
14.82,0.00176502,998.977,4.187144,58.605,13.9892,1160.436,1.1614,1.23984,734.5146,8.315
14.83,0.00176613,998.9755,4.187136,58.6075,13.9898,1160.134,1.1611,1.24096,734.4999,8.3125
14.84,0.00176724,998.974,4.187128,58.61,13.9904,1159.832,1.1608,1.24208,734.4852,8.31
14.85,0.00176835,998.9725,4.18712,58.6125,13.991,1159.53,1.1605,1.2432,734.4705,8.3075
14.86,0.00176946,998.971,4.187112,58.615,13.9916,1159.228,1.1602,1.24432,734.4558,8.305
14.87,0.00177057,998.9695,4.187104,58.6175,13.9922,1158.926,1.1599,1.24544,734.4411,8.3025
14.88,0.00177168,998.968,4.187096,58.62,13.9928,1158.624,1.1596,1.24656,734.4264,8.3
14.89,0.00177279,998.9665,4.187088,58.6225,13.9934,1158.322,1.1593,1.24768,734.4117,8.2975
14.9,0.0017739,998.965,4.18708,58.625,13.994,1158.02,1.159,1.2488,734.397,8.295
14.91,0.00177501,998.9635,4.187072,58.6275,13.9946,1157.718,1.1587,1.24992,734.3823,8.2925
14.92,0.00177612,998.962,4.187064,58.63,13.9952,1157.416,1.1584,1.25104,734.3676,8.29
14.93,0.00177723,998.9605,4.187056,58.6325,13.9958,1157.114,1.1581,1.25216,734.3529,8.2875
14.94,0.00177834,998.959,4.187048,58.635,13.9964,1156.812,1.1578,1.25328,734.3382,8.285
14.95,0.00177945,998.9575,4.18704,58.6375,13.997,1156.51,1.1575,1.2544,734.3235,8.2825
14.96,0.00178056,998.956,4.187032,58.64,13.9976,1156.208,1.1572,1.25552,734.3088,8.28
14.97,0.00178167,998.9545,4.187024,58.6425,13.9982,1155.906,1.1569,1.25664,734.2941,8.2775
14.98,0.00178278,998.953,4.187016,58.645,13.9988,1155.604,1.1566,1.25776,734.2794,8.275
14.99,0.00178389,998.9515,4.187008,58.6475,13.9994,1155.302,1.1563,1.25888,734.2647,8.2725
15,0.001785,998.95,4.187,58.65,14,1155,1.156,1.26,734.25,8.27
15.01,0.00178611,998.9485,4.186992,58.6525,14.0006,1154.698,1.1557,1.26112,734.2353,8.2675
15.02,0.00178722,998.947,4.186984,58.655,14.0012,1154.396,1.1554,1.26224,734.2206,8.265
15.03,0.00178833,998.9455,4.186976,58.6575,14.0018,1154.094,1.1551,1.26336,734.2059,8.2625
15.04,0.00178944,998.944,4.186968,58.66,14.0024,1153.792,1.1548,1.26448,734.1912,8.26
15.05,0.00179055,998.9425,4.18696,58.6625,14.003,1153.49,1.1545,1.2656,734.1765,8.2575
15.06,0.00179166,998.941,4.186952,58.665,14.0036,1153.188,1.1542,1.26672,734.1618,8.255
15.07,0.00179277,998.9395,4.186944,58.6675,14.0042,1152.886,1.1539,1.26784,734.1471,8.2525
15.08,0.00179388,998.938,4.186936,58.67,14.0048,1152.584,1.1536,1.26896,734.1324,8.25
15.09,0.00179499,998.9365,4.186928,58.6725,14.0054,1152.282,1.1533,1.27008,734.1177,8.2475
15.1,0.0017961,998.935,4.18692,58.675,14.006,1151.98,1.153,1.2712,734.103,8.245
15.11,0.00179721,998.9335,4.186912,58.6775,14.0066,1151.678,1.1527,1.27232,734.0883,8.2425
15.12,0.00179832,998.932,4.186904,58.68,14.0072,1151.376,1.1524,1.27344,734.0736,8.24
15.13,0.00179943,998.9305,4.186896,58.6825,14.0078,1151.074,1.1521,1.27456,734.0589,8.2375
15.14,0.00180054,998.929,4.186888,58.685,14.0084,1150.772,1.1518,1.27568,734.0442,8.235
15.15,0.00180165,998.9275,4.18688,58.6875,14.009,1150.47,1.1515,1.2768,734.0295,8.2325
15.16,0.00180276,998.926,4.186872,58.69,14.0096,1150.168,1.1512,1.27792,734.0148,8.23
15.17,0.00180387,998.9245,4.186864,58.6925,14.0102,1149.866,1.1509,1.27904,734.0001,8.2275
15.18,0.00180498,998.923,4.186856,58.695,14.0108,1149.564,1.1506,1.28016,733.9854,8.225
15.19,0.00180609,998.9215,4.186848,58.6975,14.0114,1149.262,1.1503,1.28128,733.9707,8.2225
15.2,0.0018072,998.92,4.18684,58.7,14.012,1148.96,1.15,1.2824,733.956,8.22
15.21,0.00180831,998.9185,4.186832,58.7025,14.0126,1148.658,1.1497,1.28352,733.9413,8.2175
15.22,0.00180942,998.917,4.186824,58.705,14.0132,1148.356,1.1494,1.28464,733.9266,8.215
15.23,0.00181053,998.9155,4.186816,58.7075,14.0138,1148.054,1.1491,1.28576,733.9119,8.2125
15.24,0.00181164,998.914,4.186808,58.71,14.0144,1147.752,1.1488,1.28688,733.8972,8.21
15.25,0.00181275,998.9125,4.1868,58.7125,14.015,1147.45,1.1485,1.288,733.8825,8.2075
15.26,0.00181386,998.911,4.186792,58.715,14.0156,1147.148,1.1482,1.28912,733.8678,8.205
15.27,0.00181497,998.9095,4.186784,58.7175,14.0162,1146.846,1.1479,1.29024,733.8531,8.2025
15.28,0.00181608,998.908,4.186776,58.72,14.0168,1146.544,1.1476,1.29136,733.8384,8.2
15.29,0.00181719,998.9065,4.186768,58.7225,14.0174,1146.242,1.1473,1.29248,733.8237,8.1975
15.3,0.0018183,998.905,4.18676,58.725,14.018,1145.94,1.147,1.2936,733.809,8.195
15.31,0.00181941,998.9035,4.186752,58.7275,14.0186,1145.638,1.1467,1.29472,733.7943,8.1925
15.32,0.00182052,998.902,4.186744,58.73,14.0192,1145.336,1.1464,1.29584,733.7796,8.19
15.33,0.00182163,998.9005,4.186736,58.7325,14.0198,1145.034,1.1461,1.29696,733.7649,8.1875
15.34,0.00182274,998.899,4.186728,58.735,14.0204,1144.732,1.1458,1.29808,733.7502,8.185
15.35,0.00182385,998.8975,4.18672,58.7375,14.021,1144.43,1.1455,1.2992,733.7355,8.1825
15.36,0.00182496,998.896,4.186712,58.74,14.0216,1144.128,1.1452,1.30032,733.7208,8.18
15.37,0.00182607,998.8945,4.186704,58.7425,14.0222,1143.826,1.1449,1.30144,733.7061,8.1775
15.38,0.00182718,998.893,4.186696,58.745,14.0228,1143.524,1.1446,1.30256,733.6914,8.175
15.39,0.00182829,998.8915,4.186688,58.7475,14.0234,1143.222,1.1443,1.30368,733.6767,8.1725
15.4,0.0018294,998.89,4.18668,58.75,14.024,1142.92,1.144,1.3048,733.662,8.17
15.41,0.00183051,998.8885,4.186672,58.7525,14.0246,1142.618,1.1437,1.30592,733.6473,8.1675
15.42,0.00183162,998.887,4.186664,58.755,14.0252,1142.316,1.1434,1.30704,733.6326,8.165
15.43,0.00183273,998.8855,4.186656,58.7575,14.0258,1142.014,1.1431,1.30816,733.6179,8.1625
15.44,0.00183384,998.884,4.186648,58.76,14.0264,1141.712,1.1428,1.30928,733.6032,8.16
15.45,0.00183495,998.8825,4.18664,58.7625,14.027,1141.41,1.1425,1.3104,733.5885,8.1575
15.46,0.00183606,998.881,4.186632,58.765,14.0276,1141.108,1.1422,1.31152,733.5738,8.155
15.47,0.00183717,998.8795,4.186624,58.7675,14.0282,1140.806,1.1419,1.31264,733.5591,8.1525
15.48,0.00183828,998.878,4.186616,58.77,14.0288,1140.504,1.1416,1.31376,733.5444,8.15
15.49,0.00183939,998.8765,4.186608,58.7725,14.0294,1140.202,1.1413,1.31488,733.5297,8.1475
15.5,0.0018405,998.875,4.1866,58.775,14.03,1139.9,1.141,1.316,733.515,8.145
15.51,0.00184161,998.8735,4.186592,58.7775,14.0306,1139.598,1.1407,1.31712,733.5003,8.1425
15.52,0.00184272,998.872,4.186584,58.78,14.0312,1139.296,1.1404,1.31824,733.4856,8.14
15.53,0.00184383,998.8705,4.186576,58.7825,14.0318,1138.994,1.1401,1.31936,733.4709,8.1375
15.54,0.00184494,998.869,4.186568,58.785,14.0324,1138.692,1.1398,1.32048,733.4562,8.135
15.55,0.00184605,998.8675,4.18656,58.7875,14.033,1138.39,1.1395,1.3216,733.4415,8.1325
15.56,0.00184716,998.866,4.186552,58.79,14.0336,1138.088,1.1392,1.32272,733.4268,8.13
15.57,0.00184827,998.8645,4.186544,58.7925,14.0342,1137.786,1.1389,1.32384,733.4121,8.1275
15.58,0.00184938,998.863,4.186536,58.795,14.0348,1137.484,1.1386,1.32496,733.3974,8.125
15.59,0.00185049,998.8615,4.186528,58.7975,14.0354,1137.182,1.1383,1.32608,733.3827,8.1225
15.6,0.0018516,998.86,4.18652,58.8,14.036,1136.88,1.138,1.3272,733.368,8.12
15.61,0.00185271,998.8585,4.186512,58.8025,14.0366,1136.578,1.1377,1.32832,733.3533,8.1175
15.62,0.00185382,998.857,4.186504,58.805,14.0372,1136.276,1.1374,1.32944,733.3386,8.115
15.63,0.00185493,998.8555,4.186496,58.8075,14.0378,1135.974,1.1371,1.33056,733.3239,8.1125
15.64,0.00185604,998.854,4.186488,58.81,14.0384,1135.672,1.1368,1.33168,733.3092,8.11
15.65,0.00185715,998.8525,4.18648,58.8125,14.039,1135.37,1.1365,1.3328,733.2945,8.1075
15.66,0.00185826,998.851,4.186472,58.815,14.0396,1135.068,1.1362,1.33392,733.2798,8.105
15.67,0.00185937,998.8495,4.186464,58.8175,14.0402,1134.766,1.1359,1.33504,733.2651,8.1025
15.68,0.00186048,998.848,4.186456,58.82,14.0408,1134.464,1.1356,1.33616,733.2504,8.1
15.69,0.00186159,998.8465,4.186448,58.8225,14.0414,1134.162,1.1353,1.33728,733.2357,8.0975
15.7,0.0018627,998.845,4.18644,58.825,14.042,1133.86,1.135,1.3384,733.221,8.095
15.71,0.00186381,998.8435,4.186432,58.8275,14.0426,1133.558,1.1347,1.33952,733.2063,8.0925
15.72,0.00186492,998.842,4.186424,58.83,14.0432,1133.256,1.1344,1.34064,733.1916,8.09
15.73,0.00186603,998.8405,4.186416,58.8325,14.0438,1132.954,1.1341,1.34176,733.1769,8.0875
15.74,0.00186714,998.839,4.186408,58.835,14.0444,1132.652,1.1338,1.34288,733.1622,8.085
15.75,0.00186825,998.8375,4.1864,58.8375,14.045,1132.35,1.1335,1.344,733.1475,8.0825
15.76,0.00186936,998.836,4.186392,58.84,14.0456,1132.048,1.1332,1.34512,733.1328,8.08
15.77,0.00187047,998.8345,4.186384,58.8425,14.0462,1131.746,1.1329,1.34624,733.1181,8.0775
15.78,0.00187158,998.833,4.186376,58.845,14.0468,1131.444,1.1326,1.34736,733.1034,8.075
15.79,0.00187269,998.8315,4.186368,58.8475,14.0474,1131.142,1.1323,1.34848,733.0887,8.0725
15.8,0.0018738,998.83,4.18636,58.85,14.048,1130.84,1.132,1.3496,733.074,8.07
15.81,0.00187491,998.8285,4.186352,58.8525,14.0486,1130.538,1.1317,1.35072,733.0593,8.0675
15.82,0.00187602,998.827,4.186344,58.855,14.0492,1130.236,1.1314,1.35184,733.0446,8.065
15.83,0.00187713,998.8255,4.186336,58.8575,14.0498,1129.934,1.1311,1.35296,733.0299,8.0625
15.84,0.00187824,998.824,4.186328,58.86,14.0504,1129.632,1.1308,1.35408,733.0152,8.06
15.85,0.00187935,998.8225,4.18632,58.8625,14.051,1129.33,1.1305,1.3552,733.0005,8.0575
15.86,0.00188046,998.821,4.186312,58.865,14.0516,1129.028,1.1302,1.35632,732.9858,8.055
15.87,0.00188157,998.8195,4.186304,58.8675,14.0522,1128.726,1.1299,1.35744,732.9711,8.0525
15.88,0.00188268,998.818,4.186296,58.87,14.0528,1128.424,1.1296,1.35856,732.9564,8.05
15.89,0.00188379,998.8165,4.186288,58.8725,14.0534,1128.122,1.1293,1.35968,732.9417,8.0475
15.9,0.0018849,998.815,4.18628,58.875,14.054,1127.82,1.129,1.3608,732.927,8.045
15.91,0.00188601,998.8135,4.186272,58.8775,14.0546,1127.518,1.1287,1.36192,732.9123,8.0425
15.92,0.00188712,998.812,4.186264,58.88,14.0552,1127.216,1.1284,1.36304,732.8976,8.04
15.93,0.00188823,998.8105,4.186256,58.8825,14.0558,1126.914,1.1281,1.36416,732.8829,8.0375
15.94,0.00188934,998.809,4.186248,58.885,14.0564,1126.612,1.1278,1.36528,732.8682,8.035
15.95,0.00189045,998.8075,4.18624,58.8875,14.057,1126.31,1.1275,1.3664,732.8535,8.0325
15.96,0.00189156,998.806,4.186232,58.89,14.0576,1126.008,1.1272,1.36752,732.8388,8.03
15.97,0.00189267,998.8045,4.186224,58.8925,14.0582,1125.706,1.1269,1.36864,732.8241,8.0275
15.98,0.00189378,998.803,4.186216,58.895,14.0588,1125.404,1.1266,1.36976,732.8094,8.025
15.99,0.00189489,998.8015,4.186208,58.8975,14.0594,1125.102,1.1263,1.37088,732.7947,8.0225
16,0.001896,998.8,4.1862,58.9,14.06,1124.8,1.126,1.372,732.78,8.02
16.01,0.00189711,998.7985,4.186192,58.9025,14.0606,1124.498,1.1257,1.37312,732.7653,8.0175
16.02,0.00189822,998.797,4.186184,58.905,14.0612,1124.196,1.1254,1.37424,732.7506,8.015
16.03,0.00189933,998.7955,4.186176,58.9075,14.0618,1123.894,1.1251,1.37536,732.7359,8.0125
16.04,0.00190044,998.794,4.186168,58.91,14.0624,1123.592,1.1248,1.37648,732.7212,8.01
16.05,0.00190155,998.7925,4.18616,58.9125,14.063,1123.29,1.1245,1.3776,732.7065,8.0075
16.06,0.00190266,998.791,4.186152,58.915,14.0636,1122.988,1.1242,1.37872,732.6918,8.005
16.07,0.00190377,998.7895,4.186144,58.9175,14.0642,1122.686,1.1239,1.37984,732.6771,8.0025
16.08,0.00190488,998.788,4.186136,58.92,14.0648,1122.384,1.1236,1.38096,732.6624,8
16.09,0.00190599,998.7865,4.186128,58.9225,14.0654,1122.082,1.1233,1.38208,732.6477,7.9975
16.1,0.0019071,998.785,4.18612,58.925,14.066,1121.78,1.123,1.3832,732.633,7.995
16.11,0.00190821,998.7835,4.186112,58.9275,14.0666,1121.478,1.1227,1.38432,732.6183,7.9925
16.12,0.00190932,998.782,4.186104,58.93,14.0672,1121.176,1.1224,1.38544,732.6036,7.99
16.13,0.00191043,998.7805,4.186096,58.9325,14.0678,1120.874,1.1221,1.38656,732.5889,7.9875
16.14,0.00191154,998.779,4.186088,58.935,14.0684,1120.572,1.1218,1.38768,732.5742,7.985
16.15,0.00191265,998.7775,4.18608,58.9375,14.069,1120.27,1.1215,1.3888,732.5595,7.9825
16.16,0.00191376,998.776,4.186072,58.94,14.0696,1119.968,1.1212,1.38992,732.5448,7.98
16.17,0.00191487,998.7745,4.186064,58.9425,14.0702,1119.666,1.1209,1.39104,732.5301,7.9775
16.18,0.00191598,998.773,4.186056,58.945,14.0708,1119.364,1.1206,1.39216,732.5154,7.975
16.19,0.00191709,998.7715,4.186048,58.9475,14.0714,1119.062,1.1203,1.39328,732.5007,7.9725
16.2,0.0019182,998.77,4.18604,58.95,14.072,1118.76,1.12,1.3944,732.486,7.97
16.21,0.00191931,998.7685,4.186032,58.9525,14.0726,1118.458,1.1197,1.39552,732.4713,7.9675
16.22,0.00192042,998.767,4.186024,58.955,14.0732,1118.156,1.1194,1.39664,732.4566,7.965
16.23,0.00192153,998.7655,4.186016,58.9575,14.0738,1117.854,1.1191,1.39776,732.4419,7.9625
16.24,0.00192264,998.764,4.186008,58.96,14.0744,1117.552,1.1188,1.39888,732.4272,7.96
16.25,0.00192375,998.7625,4.186,58.9625,14.075,1117.25,1.1185,1.4,732.4125,7.9575
16.26,0.00192486,998.761,4.185992,58.965,14.0756,1116.948,1.1182,1.40112,732.3978,7.955
16.27,0.00192597,998.7595,4.185984,58.9675,14.0762,1116.646,1.1179,1.40224,732.3831,7.9525
16.28,0.00192708,998.758,4.185976,58.97,14.0768,1116.344,1.1176,1.40336,732.3684,7.95
16.29,0.00192819,998.7565,4.185968,58.9725,14.0774,1116.042,1.1173,1.40448,732.3537,7.9475
16.3,0.0019293,998.755,4.18596,58.975,14.078,1115.74,1.117,1.4056,732.339,7.945
16.31,0.00193041,998.7535,4.185952,58.9775,14.0786,1115.438,1.1167,1.40672,732.3243,7.9425
16.32,0.00193152,998.752,4.185944,58.98,14.0792,1115.136,1.1164,1.40784,732.3096,7.94
16.33,0.00193263,998.7505,4.185936,58.9825,14.0798,1114.834,1.1161,1.40896,732.2949,7.9375
16.34,0.00193374,998.749,4.185928,58.985,14.0804,1114.532,1.1158,1.41008,732.2802,7.935
16.35,0.00193485,998.7475,4.18592,58.9875,14.081,1114.23,1.1155,1.4112,732.2655,7.9325
16.36,0.00193596,998.746,4.185912,58.99,14.0816,1113.928,1.1152,1.41232,732.2508,7.93
16.37,0.00193707,998.7445,4.185904,58.9925,14.0822,1113.626,1.1149,1.41344,732.2361,7.9275
16.38,0.00193818,998.743,4.185896,58.995,14.0828,1113.324,1.1146,1.41456,732.2214,7.925
16.39,0.00193929,998.7415,4.185888,58.9975,14.0834,1113.022,1.1143,1.41568,732.2067,7.9225
16.4,0.0019404,998.74,4.18588,59,14.084,1112.72,1.114,1.4168,732.192,7.92
16.41,0.00194151,998.7385,4.185872,59.0025,14.0846,1112.418,1.1137,1.41792,732.1773,7.9175
16.42,0.00194262,998.737,4.185864,59.005,14.0852,1112.116,1.1134,1.41904,732.1626,7.915
16.43,0.00194373,998.7355,4.185856,59.0075,14.0858,1111.814,1.1131,1.42016,732.1479,7.9125
16.44,0.00194484,998.734,4.185848,59.01,14.0864,1111.512,1.1128,1.42128,732.1332,7.91
16.45,0.00194595,998.7325,4.18584,59.0125,14.087,1111.21,1.1125,1.4224,732.1185,7.9075
16.46,0.00194706,998.731,4.185832,59.015,14.0876,1110.908,1.1122,1.42352,732.1038,7.905
16.47,0.00194817,998.7295,4.185824,59.0175,14.0882,1110.606,1.1119,1.42464,732.0891,7.9025
16.48,0.00194928,998.728,4.185816,59.02,14.0888,1110.304,1.1116,1.42576,732.0744,7.9
16.49,0.00195039,998.7265,4.185808,59.0225,14.0894,1110.002,1.1113,1.42688,732.0597,7.8975
16.5,0.0019515,998.725,4.1858,59.025,14.09,1109.7,1.111,1.428,732.045,7.895
16.51,0.00195261,998.7235,4.185792,59.0275,14.0906,1109.398,1.1107,1.42912,732.0303,7.8925
16.52,0.00195372,998.722,4.185784,59.03,14.0912,1109.096,1.1104,1.43024,732.0156,7.89
16.53,0.00195483,998.7205,4.185776,59.0325,14.0918,1108.794,1.1101,1.43136,732.0009,7.8875
16.54,0.00195594,998.719,4.185768,59.035,14.0924,1108.492,1.1098,1.43248,731.9862,7.885
16.55,0.00195705,998.7175,4.18576,59.0375,14.093,1108.19,1.1095,1.4336,731.9715,7.8825
16.56,0.00195816,998.716,4.185752,59.04,14.0936,1107.888,1.1092,1.43472,731.9568,7.88
16.57,0.00195927,998.7145,4.185744,59.0425,14.0942,1107.586,1.1089,1.43584,731.9421,7.8775
16.58,0.00196038,998.713,4.185736,59.045,14.0948,1107.284,1.1086,1.43696,731.9274,7.875
16.59,0.00196149,998.7115,4.185728,59.0475,14.0954,1106.982,1.1083,1.43808,731.9127,7.8725
16.6,0.0019626,998.71,4.18572,59.05,14.096,1106.68,1.108,1.4392,731.898,7.87
16.61,0.00196371,998.7085,4.185712,59.0525,14.0966,1106.378,1.1077,1.44032,731.8833,7.8675
16.62,0.00196482,998.707,4.185704,59.055,14.0972,1106.076,1.1074,1.44144,731.8686,7.865
16.63,0.00196593,998.7055,4.185696,59.0575,14.0978,1105.774,1.1071,1.44256,731.8539,7.8625
16.64,0.00196704,998.704,4.185688,59.06,14.0984,1105.472,1.1068,1.44368,731.8392,7.86
16.65,0.00196815,998.7025,4.18568,59.0625,14.099,1105.17,1.1065,1.4448,731.8245,7.8575
16.66,0.00196926,998.701,4.185672,59.065,14.0996,1104.868,1.1062,1.44592,731.8098,7.855
16.67,0.00197037,998.6995,4.185664,59.0675,14.1002,1104.566,1.1059,1.44704,731.7951,7.8525
16.68,0.00197148,998.698,4.185656,59.07,14.1008,1104.264,1.1056,1.44816,731.7804,7.85
16.69,0.00197259,998.6965,4.185648,59.0725,14.1014,1103.962,1.1053,1.44928,731.7657,7.8475
16.7,0.0019737,998.695,4.18564,59.075,14.102,1103.66,1.105,1.4504,731.751,7.845
16.71,0.00197481,998.6935,4.185632,59.0775,14.1026,1103.358,1.1047,1.45152,731.7363,7.8425
16.72,0.00197592,998.692,4.185624,59.08,14.1032,1103.056,1.1044,1.45264,731.7216,7.84
16.73,0.00197703,998.6905,4.185616,59.0825,14.1038,1102.754,1.1041,1.45376,731.7069,7.8375
16.74,0.00197814,998.689,4.185608,59.085,14.1044,1102.452,1.1038,1.45488,731.6922,7.835
16.75,0.00197925,998.6875,4.1856,59.0875,14.105,1102.15,1.1035,1.456,731.6775,7.8325
16.76,0.00198036,998.686,4.185592,59.09,14.1056,1101.848,1.1032,1.45712,731.6628,7.83
16.77,0.00198147,998.6845,4.185584,59.0925,14.1062,1101.546,1.1029,1.45824,731.6481,7.8275
16.78,0.00198258,998.683,4.185576,59.095,14.1068,1101.244,1.1026,1.45936,731.6334,7.825
16.79,0.00198369,998.6815,4.185568,59.0975,14.1074,1100.942,1.1023,1.46048,731.6187,7.8225
16.8,0.0019848,998.68,4.18556,59.1,14.108,1100.64,1.102,1.4616,731.604,7.82
16.81,0.00198591,998.6785,4.185552,59.1025,14.1086,1100.338,1.1017,1.46272,731.5893,7.8175
16.82,0.00198702,998.677,4.185544,59.105,14.1092,1100.036,1.1014,1.46384,731.5746,7.815
16.83,0.00198813,998.6755,4.185536,59.1075,14.1098,1099.734,1.1011,1.46496,731.5599,7.8125
16.84,0.00198924,998.674,4.185528,59.11,14.1104,1099.432,1.1008,1.46608,731.5452,7.81
16.85,0.00199035,998.6725,4.18552,59.1125,14.111,1099.13,1.1005,1.4672,731.5305,7.8075
16.86,0.00199146,998.671,4.185512,59.115,14.1116,1098.828,1.1002,1.46832,731.5158,7.805
16.87,0.00199257,998.6695,4.185504,59.1175,14.1122,1098.526,1.0999,1.46944,731.5011,7.8025
16.88,0.00199368,998.668,4.185496,59.12,14.1128,1098.224,1.0996,1.47056,731.4864,7.8
16.89,0.00199479,998.6665,4.185488,59.1225,14.1134,1097.922,1.0993,1.47168,731.4717,7.7975
16.9,0.0019959,998.665,4.18548,59.125,14.114,1097.62,1.099,1.4728,731.457,7.795
16.91,0.00199701,998.6635,4.185472,59.1275,14.1146,1097.318,1.0987,1.47392,731.4423,7.7925
16.92,0.00199812,998.662,4.185464,59.13,14.1152,1097.016,1.0984,1.47504,731.4276,7.79
16.93,0.00199923,998.6605,4.185456,59.1325,14.1158,1096.714,1.0981,1.47616,731.4129,7.7875
16.94,0.00200034,998.659,4.185448,59.135,14.1164,1096.412,1.0978,1.47728,731.3982,7.785
16.95,0.00200145,998.6575,4.18544,59.1375,14.117,1096.11,1.0975,1.4784,731.3835,7.7825
16.96,0.00200256,998.656,4.185432,59.14,14.1176,1095.808,1.0972,1.47952,731.3688,7.78
16.97,0.00200367,998.6545,4.185424,59.1425,14.1182,1095.506,1.0969,1.48064,731.3541,7.7775
16.98,0.00200478,998.653,4.185416,59.145,14.1188,1095.204,1.0966,1.48176,731.3394,7.775
16.99,0.00200589,998.6515,4.185408,59.1475,14.1194,1094.902,1.0963,1.48288,731.3247,7.7725
17,0.002007,998.65,4.1854,59.15,14.12,1094.6,1.096,1.484,731.31,7.77
17.01,0.00200811,998.6485,4.185392,59.1525,14.1206,1094.298,1.0957,1.48512,731.2953,7.7675
17.02,0.00200922,998.647,4.185384,59.155,14.1212,1093.996,1.0954,1.48624,731.2806,7.765
17.03,0.00201033,998.6455,4.185376,59.1575,14.1218,1093.694,1.0951,1.48736,731.2659,7.7625
17.04,0.00201144,998.644,4.185368,59.16,14.1224,1093.392,1.0948,1.48848,731.2512,7.76
17.05,0.00201255,998.6425,4.18536,59.1625,14.123,1093.09,1.0945,1.4896,731.2365,7.7575
17.06,0.00201366,998.641,4.185352,59.165,14.1236,1092.788,1.0942,1.49072,731.2218,7.755
17.07,0.00201477,998.6395,4.185344,59.1675,14.1242,1092.486,1.0939,1.49184,731.2071,7.7525
17.08,0.00201588,998.638,4.185336,59.17,14.1248,1092.184,1.0936,1.49296,731.1924,7.75
17.09,0.00201699,998.6365,4.185328,59.1725,14.1254,1091.882,1.0933,1.49408,731.1777,7.7475
17.1,0.0020181,998.635,4.18532,59.175,14.126,1091.58,1.093,1.4952,731.163,7.745
17.11,0.00201921,998.6335,4.185312,59.1775,14.1266,1091.278,1.0927,1.49632,731.1483,7.7425
17.12,0.00202032,998.632,4.185304,59.18,14.1272,1090.976,1.0924,1.49744,731.1336,7.74
17.13,0.00202143,998.6305,4.185296,59.1825,14.1278,1090.674,1.0921,1.49856,731.1189,7.7375
17.14,0.00202254,998.629,4.185288,59.185,14.1284,1090.372,1.0918,1.49968,731.1042,7.735
17.15,0.00202365,998.6275,4.18528,59.1875,14.129,1090.07,1.0915,1.5008,731.0895,7.7325
17.16,0.00202476,998.626,4.185272,59.19,14.1296,1089.768,1.0912,1.50192,731.0748,7.73
17.17,0.00202587,998.6245,4.185264,59.1925,14.1302,1089.466,1.0909,1.50304,731.0601,7.7275
17.18,0.00202698,998.623,4.185256,59.195,14.1308,1089.164,1.0906,1.50416,731.0454,7.725
17.19,0.00202809,998.6215,4.185248,59.1975,14.1314,1088.862,1.0903,1.50528,731.0307,7.7225
17.2,0.0020292,998.62,4.18524,59.2,14.132,1088.56,1.09,1.5064,731.016,7.72
17.21,0.00203031,998.6185,4.185232,59.2025,14.1326,1088.258,1.0897,1.50752,731.0013,7.7175
17.22,0.00203142,998.617,4.185224,59.205,14.1332,1087.956,1.0894,1.50864,730.9866,7.715
17.23,0.00203253,998.6155,4.185216,59.2075,14.1338,1087.654,1.0891,1.50976,730.9719,7.7125
17.24,0.00203364,998.614,4.185208,59.21,14.1344,1087.352,1.0888,1.51088,730.9572,7.71
17.25,0.00203475,998.6125,4.1852,59.2125,14.135,1087.05,1.0885,1.512,730.9425,7.7075
17.26,0.00203586,998.611,4.185192,59.215,14.1356,1086.748,1.0882,1.51312,730.9278,7.705
17.27,0.00203697,998.6095,4.185184,59.2175,14.1362,1086.446,1.0879,1.51424,730.9131,7.7025
17.28,0.00203808,998.608,4.185176,59.22,14.1368,1086.144,1.0876,1.51536,730.8984,7.7
17.29,0.00203919,998.6065,4.185168,59.2225,14.1374,1085.842,1.0873,1.51648,730.8837,7.6975
17.3,0.0020403,998.605,4.18516,59.225,14.138,1085.54,1.087,1.5176,730.869,7.695
17.31,0.00204141,998.6035,4.185152,59.2275,14.1386,1085.238,1.0867,1.51872,730.8543,7.6925
17.32,0.00204252,998.602,4.185144,59.23,14.1392,1084.936,1.0864,1.51984,730.8396,7.69
17.33,0.00204363,998.6005,4.185136,59.2325,14.1398,1084.634,1.0861,1.52096,730.8249,7.6875
17.34,0.00204474,998.599,4.185128,59.235,14.1404,1084.332,1.0858,1.52208,730.8102,7.685
17.35,0.00204585,998.5975,4.18512,59.2375,14.141,1084.03,1.0855,1.5232,730.7955,7.6825
17.36,0.00204696,998.596,4.185112,59.24,14.1416,1083.728,1.0852,1.52432,730.7808,7.68
17.37,0.00204807,998.5945,4.185104,59.2425,14.1422,1083.426,1.0849,1.52544,730.7661,7.6775
17.38,0.00204918,998.593,4.185096,59.245,14.1428,1083.124,1.0846,1.52656,730.7514,7.675
17.39,0.00205029,998.5915,4.185088,59.2475,14.1434,1082.822,1.0843,1.52768,730.7367,7.6725
17.4,0.0020514,998.59,4.18508,59.25,14.144,1082.52,1.084,1.5288,730.722,7.67
17.41,0.00205251,998.5885,4.185072,59.2525,14.1446,1082.218,1.0837,1.52992,730.7073,7.6675
17.42,0.00205362,998.587,4.185064,59.255,14.1452,1081.916,1.0834,1.53104,730.6926,7.665
17.43,0.00205473,998.5855,4.185056,59.2575,14.1458,1081.614,1.0831,1.53216,730.6779,7.6625
17.44,0.00205584,998.584,4.185048,59.26,14.1464,1081.312,1.0828,1.53328,730.6632,7.66
17.45,0.00205695,998.5825,4.18504,59.2625,14.147,1081.01,1.0825,1.5344,730.6485,7.6575
17.46,0.00205806,998.581,4.185032,59.265,14.1476,1080.708,1.0822,1.53552,730.6338,7.655
17.47,0.00205917,998.5795,4.185024,59.2675,14.1482,1080.406,1.0819,1.53664,730.6191,7.6525
17.48,0.00206028,998.578,4.185016,59.27,14.1488,1080.104,1.0816,1.53776,730.6044,7.65
17.49,0.00206139,998.5765,4.185008,59.2725,14.1494,1079.802,1.0813,1.53888,730.5897,7.6475
17.5,0.0020625,998.575,4.185,59.275,14.15,1079.5,1.081,1.54,730.575,7.645
17.51,0.00206361,998.5735,4.184992,59.2775,14.1506,1079.198,1.0807,1.54112,730.5603,7.6425
17.52,0.00206472,998.572,4.184984,59.28,14.1512,1078.896,1.0804,1.54224,730.5456,7.64
17.53,0.00206583,998.5705,4.184976,59.2825,14.1518,1078.594,1.0801,1.54336,730.5309,7.6375
17.54,0.00206694,998.569,4.184968,59.285,14.1524,1078.292,1.0798,1.54448,730.5162,7.635
17.55,0.00206805,998.5675,4.18496,59.2875,14.153,1077.99,1.0795,1.5456,730.5015,7.6325
17.56,0.00206916,998.566,4.184952,59.29,14.1536,1077.688,1.0792,1.54672,730.4868,7.63
17.57,0.00207027,998.5645,4.184944,59.2925,14.1542,1077.386,1.0789,1.54784,730.4721,7.6275
17.58,0.00207138,998.563,4.184936,59.295,14.1548,1077.084,1.0786,1.54896,730.4574,7.625
17.59,0.00207249,998.5615,4.184928,59.2975,14.1554,1076.782,1.0783,1.55008,730.4427,7.6225
17.6,0.0020736,998.56,4.18492,59.3,14.156,1076.48,1.078,1.5512,730.428,7.62
17.61,0.00207471,998.5585,4.184912,59.3025,14.1566,1076.178,1.0777,1.55232,730.4133,7.6175
17.62,0.00207582,998.557,4.184904,59.305,14.1572,1075.876,1.0774,1.55344,730.3986,7.615
17.63,0.00207693,998.5555,4.184896,59.3075,14.1578,1075.574,1.0771,1.55456,730.3839,7.6125
17.64,0.00207804,998.554,4.184888,59.31,14.1584,1075.272,1.0768,1.55568,730.3692,7.61
17.65,0.00207915,998.5525,4.18488,59.3125,14.159,1074.97,1.0765,1.5568,730.3545,7.6075
17.66,0.00208026,998.551,4.184872,59.315,14.1596,1074.668,1.0762,1.55792,730.3398,7.605
17.67,0.00208137,998.5495,4.184864,59.3175,14.1602,1074.366,1.0759,1.55904,730.3251,7.6025
17.68,0.00208248,998.548,4.184856,59.32,14.1608,1074.064,1.0756,1.56016,730.3104,7.6
17.69,0.00208359,998.5465,4.184848,59.3225,14.1614,1073.762,1.0753,1.56128,730.2957,7.5975
17.7,0.0020847,998.545,4.18484,59.325,14.162,1073.46,1.075,1.5624,730.281,7.595
17.71,0.00208581,998.5435,4.184832,59.3275,14.1626,1073.158,1.0747,1.56352,730.2663,7.5925
17.72,0.00208692,998.542,4.184824,59.33,14.1632,1072.856,1.0744,1.56464,730.2516,7.59
17.73,0.00208803,998.5405,4.184816,59.3325,14.1638,1072.554,1.0741,1.56576,730.2369,7.5875
17.74,0.00208914,998.539,4.184808,59.335,14.1644,1072.252,1.0738,1.56688,730.2222,7.585
17.75,0.00209025,998.5375,4.1848,59.3375,14.165,1071.95,1.0735,1.568,730.2075,7.5825
17.76,0.00209136,998.536,4.184792,59.34,14.1656,1071.648,1.0732,1.56912,730.1928,7.58
17.77,0.00209247,998.5345,4.184784,59.3425,14.1662,1071.346,1.0729,1.57024,730.1781,7.5775
17.78,0.00209358,998.533,4.184776,59.345,14.1668,1071.044,1.0726,1.57136,730.1634,7.575
17.79,0.00209469,998.5315,4.184768,59.3475,14.1674,1070.742,1.0723,1.57248,730.1487,7.5725
17.8,0.0020958,998.53,4.18476,59.35,14.168,1070.44,1.072,1.5736,730.134,7.57
17.81,0.00209691,998.5285,4.184752,59.3525,14.1686,1070.138,1.0717,1.57472,730.1193,7.5675
17.82,0.00209802,998.527,4.184744,59.355,14.1692,1069.836,1.0714,1.57584,730.1046,7.565
17.83,0.00209913,998.5255,4.184736,59.3575,14.1698,1069.534,1.0711,1.57696,730.0899,7.5625
17.84,0.00210024,998.524,4.184728,59.36,14.1704,1069.232,1.0708,1.57808,730.0752,7.56
17.85,0.00210135,998.5225,4.18472,59.3625,14.171,1068.93,1.0705,1.5792,730.0605,7.5575
17.86,0.00210246,998.521,4.184712,59.365,14.1716,1068.628,1.0702,1.58032,730.0458,7.555
17.87,0.00210357,998.5195,4.184704,59.3675,14.1722,1068.326,1.0699,1.58144,730.0311,7.5525
17.88,0.00210468,998.518,4.184696,59.37,14.1728,1068.024,1.0696,1.58256,730.0164,7.55
17.89,0.00210579,998.5165,4.184688,59.3725,14.1734,1067.722,1.0693,1.58368,730.0017,7.5475
17.9,0.0021069,998.515,4.18468,59.375,14.174,1067.42,1.069,1.5848,729.987,7.545
17.91,0.00210801,998.5135,4.184672,59.3775,14.1746,1067.118,1.0687,1.58592,729.9723,7.5425
17.92,0.00210912,998.512,4.184664,59.38,14.1752,1066.816,1.0684,1.58704,729.9576,7.54
17.93,0.00211023,998.5105,4.184656,59.3825,14.1758,1066.514,1.0681,1.58816,729.9429,7.5375
17.94,0.00211134,998.509,4.184648,59.385,14.1764,1066.212,1.0678,1.58928,729.9282,7.535
17.95,0.00211245,998.5075,4.18464,59.3875,14.177,1065.91,1.0675,1.5904,729.9135,7.5325
17.96,0.00211356,998.506,4.184632,59.39,14.1776,1065.608,1.0672,1.59152,729.8988,7.53
17.97,0.00211467,998.5045,4.184624,59.3925,14.1782,1065.306,1.0669,1.59264,729.8841,7.5275
17.98,0.00211578,998.503,4.184616,59.395,14.1788,1065.004,1.0666,1.59376,729.8694,7.525
17.99,0.00211689,998.5015,4.184608,59.3975,14.1794,1064.702,1.0663,1.59488,729.8547,7.5225
18,0.002118,998.5,4.1846,59.4,14.18,1064.4,1.066,1.596,729.84,7.52
18.01,0.00211911,998.4985,4.184592,59.4025,14.1806,1064.098,1.0657,1.59712,729.8253,7.5175
18.02,0.00212022,998.497,4.184584,59.405,14.1812,1063.796,1.0654,1.59824,729.8106,7.515
18.03,0.00212133,998.4955,4.184576,59.4075,14.1818,1063.494,1.0651,1.59936,729.7959,7.5125
18.04,0.00212244,998.494,4.184568,59.41,14.1824,1063.192,1.0648,1.60048,729.7812,7.51
18.05,0.00212355,998.4925,4.18456,59.4125,14.183,1062.89,1.0645,1.6016,729.7665,7.5075
18.06,0.00212466,998.491,4.184552,59.415,14.1836,1062.588,1.0642,1.60272,729.7518,7.505
18.07,0.00212577,998.4895,4.184544,59.4175,14.1842,1062.286,1.0639,1.60384,729.7371,7.5025
18.08,0.00212688,998.488,4.184536,59.42,14.1848,1061.984,1.0636,1.60496,729.7224,7.5
18.09,0.00212799,998.4865,4.184528,59.4225,14.1854,1061.682,1.0633,1.60608,729.7077,7.4975
18.1,0.0021291,998.485,4.18452,59.425,14.186,1061.38,1.063,1.6072,729.693,7.495
18.11,0.00213021,998.4835,4.184512,59.4275,14.1866,1061.078,1.0627,1.60832,729.6783,7.4925
18.12,0.00213132,998.482,4.184504,59.43,14.1872,1060.776,1.0624,1.60944,729.6636,7.49
18.13,0.00213243,998.4805,4.184496,59.4325,14.1878,1060.474,1.0621,1.61056,729.6489,7.4875
18.14,0.00213354,998.479,4.184488,59.435,14.1884,1060.172,1.0618,1.61168,729.6342,7.485
18.15,0.00213465,998.4775,4.18448,59.4375,14.189,1059.87,1.0615,1.6128,729.6195,7.4825
18.16,0.00213576,998.476,4.184472,59.44,14.1896,1059.568,1.0612,1.61392,729.6048,7.48
18.17,0.00213687,998.4745,4.184464,59.4425,14.1902,1059.266,1.0609,1.61504,729.5901,7.4775
18.18,0.00213798,998.473,4.184456,59.445,14.1908,1058.964,1.0606,1.61616,729.5754,7.475
18.19,0.00213909,998.4715,4.184448,59.4475,14.1914,1058.662,1.0603,1.61728,729.5607,7.4725
18.2,0.0021402,998.47,4.18444,59.45,14.192,1058.36,1.06,1.6184,729.546,7.47
18.21,0.00214131,998.4685,4.184432,59.4525,14.1926,1058.058,1.0597,1.61952,729.5313,7.4675
18.22,0.00214242,998.467,4.184424,59.455,14.1932,1057.756,1.0594,1.62064,729.5166,7.465
18.23,0.00214353,998.4655,4.184416,59.4575,14.1938,1057.454,1.0591,1.62176,729.5019,7.4625
18.24,0.00214464,998.464,4.184408,59.46,14.1944,1057.152,1.0588,1.62288,729.4872,7.46
18.25,0.00214575,998.4625,4.1844,59.4625,14.195,1056.85,1.0585,1.624,729.4725,7.4575
18.26,0.00214686,998.461,4.184392,59.465,14.1956,1056.548,1.0582,1.62512,729.4578,7.455
18.27,0.00214797,998.4595,4.184384,59.4675,14.1962,1056.246,1.0579,1.62624,729.4431,7.4525
18.28,0.00214908,998.458,4.184376,59.47,14.1968,1055.944,1.0576,1.62736,729.4284,7.45
18.29,0.00215019,998.4565,4.184368,59.4725,14.1974,1055.642,1.0573,1.62848,729.4137,7.4475
18.3,0.0021513,998.455,4.18436,59.475,14.198,1055.34,1.057,1.6296,729.399,7.445
18.31,0.00215241,998.4535,4.184352,59.4775,14.1986,1055.038,1.0567,1.63072,729.3843,7.4425
18.32,0.00215352,998.452,4.184344,59.48,14.1992,1054.736,1.0564,1.63184,729.3696,7.44
18.33,0.00215463,998.4505,4.184336,59.4825,14.1998,1054.434,1.0561,1.63296,729.3549,7.4375
18.34,0.00215574,998.449,4.184328,59.485,14.2004,1054.132,1.0558,1.63408,729.3402,7.435
18.35,0.00215685,998.4475,4.18432,59.4875,14.201,1053.83,1.0555,1.6352,729.3255,7.4325
18.36,0.00215796,998.446,4.184312,59.49,14.2016,1053.528,1.0552,1.63632,729.3108,7.43
18.37,0.00215907,998.4445,4.184304,59.4925,14.2022,1053.226,1.0549,1.63744,729.2961,7.4275
18.38,0.00216018,998.443,4.184296,59.495,14.2028,1052.924,1.0546,1.63856,729.2814,7.425
18.39,0.00216129,998.4415,4.184288,59.4975,14.2034,1052.622,1.0543,1.63968,729.2667,7.4225
18.4,0.0021624,998.44,4.18428,59.5,14.204,1052.32,1.054,1.6408,729.252,7.42
18.41,0.00216351,998.4385,4.184272,59.5025,14.2046,1052.018,1.0537,1.64192,729.2373,7.4175
18.42,0.00216462,998.437,4.184264,59.505,14.2052,1051.716,1.0534,1.64304,729.2226,7.415
18.43,0.00216573,998.4355,4.184256,59.5075,14.2058,1051.414,1.0531,1.64416,729.2079,7.4125
18.44,0.00216684,998.434,4.184248,59.51,14.2064,1051.112,1.0528,1.64528,729.1932,7.41
18.45,0.00216795,998.4325,4.18424,59.5125,14.207,1050.81,1.0525,1.6464,729.1785,7.4075
18.46,0.00216906,998.431,4.184232,59.515,14.2076,1050.508,1.0522,1.64752,729.1638,7.405
18.47,0.00217017,998.4295,4.184224,59.5175,14.2082,1050.206,1.0519,1.64864,729.1491,7.4025
18.48,0.00217128,998.428,4.184216,59.52,14.2088,1049.904,1.0516,1.64976,729.1344,7.4
18.49,0.00217239,998.4265,4.184208,59.5225,14.2094,1049.602,1.0513,1.65088,729.1197,7.3975
18.5,0.0021735,998.425,4.1842,59.525,14.21,1049.3,1.051,1.652,729.105,7.395
18.51,0.00217461,998.4235,4.184192,59.5275,14.2106,1048.998,1.0507,1.65312,729.0903,7.3925
18.52,0.00217572,998.422,4.184184,59.53,14.2112,1048.696,1.0504,1.65424,729.0756,7.39
18.53,0.00217683,998.4205,4.184176,59.5325,14.2118,1048.394,1.0501,1.65536,729.0609,7.3875
18.54,0.00217794,998.419,4.184168,59.535,14.2124,1048.092,1.0498,1.65648,729.0462,7.385
18.55,0.00217905,998.4175,4.18416,59.5375,14.213,1047.79,1.0495,1.6576,729.0315,7.3825
18.56,0.00218016,998.416,4.184152,59.54,14.2136,1047.488,1.0492,1.65872,729.0168,7.38
18.57,0.00218127,998.4145,4.184144,59.5425,14.2142,1047.186,1.0489,1.65984,729.0021,7.3775
18.58,0.00218238,998.413,4.184136,59.545,14.2148,1046.884,1.0486,1.66096,728.9874,7.375
18.59,0.00218349,998.4115,4.184128,59.5475,14.2154,1046.582,1.0483,1.66208,728.9727,7.3725
18.6,0.0021846,998.41,4.18412,59.55,14.216,1046.28,1.048,1.6632,728.958,7.37
18.61,0.00218571,998.4085,4.184112,59.5525,14.2166,1045.978,1.0477,1.66432,728.9433,7.3675
18.62,0.00218682,998.407,4.184104,59.555,14.2172,1045.676,1.0474,1.66544,728.9286,7.365
18.63,0.00218793,998.4055,4.184096,59.5575,14.2178,1045.374,1.0471,1.66656,728.9139,7.3625
18.64,0.00218904,998.404,4.184088,59.56,14.2184,1045.072,1.0468,1.66768,728.8992,7.36
18.65,0.00219015,998.4025,4.18408,59.5625,14.219,1044.77,1.0465,1.6688,728.8845,7.3575
18.66,0.00219126,998.401,4.184072,59.565,14.2196,1044.468,1.0462,1.66992,728.8698,7.355
18.67,0.00219237,998.3995,4.184064,59.5675,14.2202,1044.166,1.0459,1.67104,728.8551,7.3525
18.68,0.00219348,998.398,4.184056,59.57,14.2208,1043.864,1.0456,1.67216,728.8404,7.35
18.69,0.00219459,998.3965,4.184048,59.5725,14.2214,1043.562,1.0453,1.67328,728.8257,7.3475
18.7,0.0021957,998.395,4.18404,59.575,14.222,1043.26,1.045,1.6744,728.811,7.345
18.71,0.00219681,998.3935,4.184032,59.5775,14.2226,1042.958,1.0447,1.67552,728.7963,7.3425
18.72,0.00219792,998.392,4.184024,59.58,14.2232,1042.656,1.0444,1.67664,728.7816,7.34
18.73,0.00219903,998.3905,4.184016,59.5825,14.2238,1042.354,1.0441,1.67776,728.7669,7.3375
18.74,0.00220014,998.389,4.184008,59.585,14.2244,1042.052,1.0438,1.67888,728.7522,7.335
18.75,0.00220125,998.3875,4.184,59.5875,14.225,1041.75,1.0435,1.68,728.7375,7.3325
18.76,0.00220236,998.386,4.183992,59.59,14.2256,1041.448,1.0432,1.68112,728.7228,7.33
18.77,0.00220347,998.3845,4.183984,59.5925,14.2262,1041.146,1.0429,1.68224,728.7081,7.3275
18.78,0.00220458,998.383,4.183976,59.595,14.2268,1040.844,1.0426,1.68336,728.6934,7.325
18.79,0.00220569,998.3815,4.183968,59.5975,14.2274,1040.542,1.0423,1.68448,728.6787,7.3225
18.8,0.0022068,998.38,4.18396,59.6,14.228,1040.24,1.042,1.6856,728.664,7.32
18.81,0.00220791,998.3785,4.183952,59.6025,14.2286,1039.938,1.0417,1.68672,728.6493,7.3175
18.82,0.00220902,998.377,4.183944,59.605,14.2292,1039.636,1.0414,1.68784,728.6346,7.315
18.83,0.00221013,998.3755,4.183936,59.6075,14.2298,1039.334,1.0411,1.68896,728.6199,7.3125
18.84,0.00221124,998.374,4.183928,59.61,14.2304,1039.032,1.0408,1.69008,728.6052,7.31
18.85,0.00221235,998.3725,4.18392,59.6125,14.231,1038.73,1.0405,1.6912,728.5905,7.3075
18.86,0.00221346,998.371,4.183912,59.615,14.2316,1038.428,1.0402,1.69232,728.5758,7.305
18.87,0.00221457,998.3695,4.183904,59.6175,14.2322,1038.126,1.0399,1.69344,728.5611,7.3025
18.88,0.00221568,998.368,4.183896,59.62,14.2328,1037.824,1.0396,1.69456,728.5464,7.3
18.89,0.00221679,998.3665,4.183888,59.6225,14.2334,1037.522,1.0393,1.69568,728.5317,7.2975
18.9,0.0022179,998.365,4.18388,59.625,14.234,1037.22,1.039,1.6968,728.517,7.295
18.91,0.00221901,998.3635,4.183872,59.6275,14.2346,1036.918,1.0387,1.69792,728.5023,7.2925
18.92,0.00222012,998.362,4.183864,59.63,14.2352,1036.616,1.0384,1.69904,728.4876,7.29
18.93,0.00222123,998.3605,4.183856,59.6325,14.2358,1036.314,1.0381,1.70016,728.4729,7.2875
18.94,0.00222234,998.359,4.183848,59.635,14.2364,1036.012,1.0378,1.70128,728.4582,7.285
18.95,0.00222345,998.3575,4.18384,59.6375,14.237,1035.71,1.0375,1.7024,728.4435,7.2825
18.96,0.00222456,998.356,4.183832,59.64,14.2376,1035.408,1.0372,1.70352,728.4288,7.28
18.97,0.00222567,998.3545,4.183824,59.6425,14.2382,1035.106,1.0369,1.70464,728.4141,7.2775
18.98,0.00222678,998.353,4.183816,59.645,14.2388,1034.804,1.0366,1.70576,728.3994,7.275
18.99,0.00222789,998.3515,4.183808,59.6475,14.2394,1034.502,1.0363,1.70688,728.3847,7.2725
19,0.002229,998.35,4.1838,59.65,14.24,1034.2,1.036,1.708,728.37,7.27
19.01,0.00223011,998.3485,4.183792,59.6525,14.2406,1033.898,1.0357,1.70912,728.3553,7.2675
19.02,0.00223122,998.347,4.183784,59.655,14.2412,1033.596,1.0354,1.71024,728.3406,7.265
19.03,0.00223233,998.3455,4.183776,59.6575,14.2418,1033.294,1.0351,1.71136,728.3259,7.2625
19.04,0.00223344,998.344,4.183768,59.66,14.2424,1032.992,1.0348,1.71248,728.3112,7.26
19.05,0.00223455,998.3425,4.18376,59.6625,14.243,1032.69,1.0345,1.7136,728.2965,7.2575
19.06,0.00223566,998.341,4.183752,59.665,14.2436,1032.388,1.0342,1.71472,728.2818,7.255
19.07,0.00223677,998.3395,4.183744,59.6675,14.2442,1032.086,1.0339,1.71584,728.2671,7.2525
19.08,0.00223788,998.338,4.183736,59.67,14.2448,1031.784,1.0336,1.71696,728.2524,7.25
19.09,0.00223899,998.3365,4.183728,59.6725,14.2454,1031.482,1.0333,1.71808,728.2377,7.2475
19.1,0.0022401,998.335,4.18372,59.675,14.246,1031.18,1.033,1.7192,728.223,7.245
19.11,0.00224121,998.3335,4.183712,59.6775,14.2466,1030.878,1.0327,1.72032,728.2083,7.2425
19.12,0.00224232,998.332,4.183704,59.68,14.2472,1030.576,1.0324,1.72144,728.1936,7.24
19.13,0.00224343,998.3305,4.183696,59.6825,14.2478,1030.274,1.0321,1.72256,728.1789,7.2375
19.14,0.00224454,998.329,4.183688,59.685,14.2484,1029.972,1.0318,1.72368,728.1642,7.235
19.15,0.00224565,998.3275,4.18368,59.6875,14.249,1029.67,1.0315,1.7248,728.1495,7.2325
19.16,0.00224676,998.326,4.183672,59.69,14.2496,1029.368,1.0312,1.72592,728.1348,7.23
19.17,0.00224787,998.3245,4.183664,59.6925,14.2502,1029.066,1.0309,1.72704,728.1201,7.2275
19.18,0.00224898,998.323,4.183656,59.695,14.2508,1028.764,1.0306,1.72816,728.1054,7.225
19.19,0.00225009,998.3215,4.183648,59.6975,14.2514,1028.462,1.0303,1.72928,728.0907,7.2225
19.2,0.0022512,998.32,4.18364,59.7,14.252,1028.16,1.03,1.7304,728.076,7.22
19.21,0.00225231,998.3185,4.183632,59.7025,14.2526,1027.858,1.0297,1.73152,728.0613,7.2175
19.22,0.00225342,998.317,4.183624,59.705,14.2532,1027.556,1.0294,1.73264,728.0466,7.215
19.23,0.00225453,998.3155,4.183616,59.7075,14.2538,1027.254,1.0291,1.73376,728.0319,7.2125
19.24,0.00225564,998.314,4.183608,59.71,14.2544,1026.952,1.0288,1.73488,728.0172,7.21
19.25,0.00225675,998.3125,4.1836,59.7125,14.255,1026.65,1.0285,1.736,728.0025,7.2075
19.26,0.00225786,998.311,4.183592,59.715,14.2556,1026.348,1.0282,1.73712,727.9878,7.205
19.27,0.00225897,998.3095,4.183584,59.7175,14.2562,1026.046,1.0279,1.73824,727.9731,7.2025
19.28,0.00226008,998.308,4.183576,59.72,14.2568,1025.744,1.0276,1.73936,727.9584,7.2
19.29,0.00226119,998.3065,4.183568,59.7225,14.2574,1025.442,1.0273,1.74048,727.9437,7.1975
19.3,0.0022623,998.305,4.18356,59.725,14.258,1025.14,1.027,1.7416,727.929,7.195
19.31,0.00226341,998.3035,4.183552,59.7275,14.2586,1024.838,1.0267,1.74272,727.9143,7.1925
19.32,0.00226452,998.302,4.183544,59.73,14.2592,1024.536,1.0264,1.74384,727.8996,7.19
19.33,0.00226563,998.3005,4.183536,59.7325,14.2598,1024.234,1.0261,1.74496,727.8849,7.1875
19.34,0.00226674,998.299,4.183528,59.735,14.2604,1023.932,1.0258,1.74608,727.8702,7.185
19.35,0.00226785,998.2975,4.18352,59.7375,14.261,1023.63,1.0255,1.7472,727.8555,7.1825
19.36,0.00226896,998.296,4.183512,59.74,14.2616,1023.328,1.0252,1.74832,727.8408,7.18
19.37,0.00227007,998.2945,4.183504,59.7425,14.2622,1023.026,1.0249,1.74944,727.8261,7.1775
19.38,0.00227118,998.293,4.183496,59.745,14.2628,1022.724,1.0246,1.75056,727.8114,7.175
19.39,0.00227229,998.2915,4.183488,59.7475,14.2634,1022.422,1.0243,1.75168,727.7967,7.1725
19.4,0.0022734,998.29,4.18348,59.75,14.264,1022.12,1.024,1.7528,727.782,7.17
19.41,0.00227451,998.2885,4.183472,59.7525,14.2646,1021.818,1.0237,1.75392,727.7673,7.1675
19.42,0.00227562,998.287,4.183464,59.755,14.2652,1021.516,1.0234,1.75504,727.7526,7.165
19.43,0.00227673,998.2855,4.183456,59.7575,14.2658,1021.214,1.0231,1.75616,727.7379,7.1625
19.44,0.00227784,998.284,4.183448,59.76,14.2664,1020.912,1.0228,1.75728,727.7232,7.16
19.45,0.00227895,998.2825,4.18344,59.7625,14.267,1020.61,1.0225,1.7584,727.7085,7.1575
19.46,0.00228006,998.281,4.183432,59.765,14.2676,1020.308,1.0222,1.75952,727.6938,7.155
19.47,0.00228117,998.2795,4.183424,59.7675,14.2682,1020.006,1.0219,1.76064,727.6791,7.1525
19.48,0.00228228,998.278,4.183416,59.77,14.2688,1019.704,1.0216,1.76176,727.6644,7.15
19.49,0.00228339,998.2765,4.183408,59.7725,14.2694,1019.402,1.0213,1.76288,727.6497,7.1475
19.5,0.0022845,998.275,4.1834,59.775,14.27,1019.1,1.021,1.764,727.635,7.145
19.51,0.00228561,998.2735,4.183392,59.7775,14.2706,1018.798,1.0207,1.76512,727.6203,7.1425
19.52,0.00228672,998.272,4.183384,59.78,14.2712,1018.496,1.0204,1.76624,727.6056,7.14
19.53,0.00228783,998.2705,4.183376,59.7825,14.2718,1018.194,1.0201,1.76736,727.5909,7.1375
19.54,0.00228894,998.269,4.183368,59.785,14.2724,1017.892,1.0198,1.76848,727.5762,7.135
19.55,0.00229005,998.2675,4.18336,59.7875,14.273,1017.59,1.0195,1.7696,727.5615,7.1325
19.56,0.00229116,998.266,4.183352,59.79,14.2736,1017.288,1.0192,1.77072,727.5468,7.13
19.57,0.00229227,998.2645,4.183344,59.7925,14.2742,1016.986,1.0189,1.77184,727.5321,7.1275
19.58,0.00229338,998.263,4.183336,59.795,14.2748,1016.684,1.0186,1.77296,727.5174,7.125
19.59,0.00229449,998.2615,4.183328,59.7975,14.2754,1016.382,1.0183,1.77408,727.5027,7.1225
19.6,0.0022956,998.26,4.18332,59.8,14.276,1016.08,1.018,1.7752,727.488,7.12
19.61,0.00229671,998.2585,4.183312,59.8025,14.2766,1015.778,1.0177,1.77632,727.4733,7.1175
19.62,0.00229782,998.257,4.183304,59.805,14.2772,1015.476,1.0174,1.77744,727.4586,7.115
19.63,0.00229893,998.2555,4.183296,59.8075,14.2778,1015.174,1.0171,1.77856,727.4439,7.1125
19.64,0.00230004,998.254,4.183288,59.81,14.2784,1014.872,1.0168,1.77968,727.4292,7.11
19.65,0.00230115,998.2525,4.18328,59.8125,14.279,1014.57,1.0165,1.7808,727.4145,7.1075
19.66,0.00230226,998.251,4.183272,59.815,14.2796,1014.268,1.0162,1.78192,727.3998,7.105
19.67,0.00230337,998.2495,4.183264,59.8175,14.2802,1013.966,1.0159,1.78304,727.3851,7.1025
19.68,0.00230448,998.248,4.183256,59.82,14.2808,1013.664,1.0156,1.78416,727.3704,7.1
19.69,0.00230559,998.2465,4.183248,59.8225,14.2814,1013.362,1.0153,1.78528,727.3557,7.0975
19.7,0.0023067,998.245,4.18324,59.825,14.282,1013.06,1.015,1.7864,727.341,7.095
19.71,0.00230781,998.2435,4.183232,59.8275,14.2826,1012.758,1.0147,1.78752,727.3263,7.0925
19.72,0.00230892,998.242,4.183224,59.83,14.2832,1012.456,1.0144,1.78864,727.3116,7.09
19.73,0.00231003,998.2405,4.183216,59.8325,14.2838,1012.154,1.0141,1.78976,727.2969,7.0875
19.74,0.00231114,998.239,4.183208,59.835,14.2844,1011.852,1.0138,1.79088,727.2822,7.085
19.75,0.00231225,998.2375,4.1832,59.8375,14.285,1011.55,1.0135,1.792,727.2675,7.0825
19.76,0.00231336,998.236,4.183192,59.84,14.2856,1011.248,1.0132,1.79312,727.2528,7.08
19.77,0.00231447,998.2345,4.183184,59.8425,14.2862,1010.946,1.0129,1.79424,727.2381,7.0775
19.78,0.00231558,998.233,4.183176,59.845,14.2868,1010.644,1.0126,1.79536,727.2234,7.075
19.79,0.00231669,998.2315,4.183168,59.8475,14.2874,1010.342,1.0123,1.79648,727.2087,7.0725
19.8,0.0023178,998.23,4.18316,59.85,14.288,1010.04,1.012,1.7976,727.194,7.07
19.81,0.00231891,998.2285,4.183152,59.8525,14.2886,1009.738,1.0117,1.79872,727.1793,7.0675
19.82,0.00232002,998.227,4.183144,59.855,14.2892,1009.436,1.0114,1.79984,727.1646,7.065
19.83,0.00232113,998.2255,4.183136,59.8575,14.2898,1009.134,1.0111,1.80096,727.1499,7.0625
19.84,0.00232224,998.224,4.183128,59.86,14.2904,1008.832,1.0108,1.80208,727.1352,7.06
19.85,0.00232335,998.2225,4.18312,59.8625,14.291,1008.53,1.0105,1.8032,727.1205,7.0575
19.86,0.00232446,998.221,4.183112,59.865,14.2916,1008.228,1.0102,1.80432,727.1058,7.055
19.87,0.00232557,998.2195,4.183104,59.8675,14.2922,1007.926,1.0099,1.80544,727.0911,7.0525
19.88,0.00232668,998.218,4.183096,59.87,14.2928,1007.624,1.0096,1.80656,727.0764,7.05
19.89,0.00232779,998.2165,4.183088,59.8725,14.2934,1007.322,1.0093,1.80768,727.0617,7.0475
19.9,0.0023289,998.215,4.18308,59.875,14.294,1007.02,1.009,1.8088,727.047,7.045
19.91,0.00233001,998.2135,4.183072,59.8775,14.2946,1006.718,1.0087,1.80992,727.0323,7.0425
19.92,0.00233112,998.212,4.183064,59.88,14.2952,1006.416,1.0084,1.81104,727.0176,7.04
19.93,0.00233223,998.2105,4.183056,59.8825,14.2958,1006.114,1.0081,1.81216,727.0029,7.0375
19.94,0.00233334,998.209,4.183048,59.885,14.2964,1005.812,1.0078,1.81328,726.9882,7.035
19.95,0.00233445,998.2075,4.18304,59.8875,14.297,1005.51,1.0075,1.8144,726.9735,7.0325
19.96,0.00233556,998.206,4.183032,59.89,14.2976,1005.208,1.0072,1.81552,726.9588,7.03
19.97,0.00233667,998.2045,4.183024,59.8925,14.2982,1004.906,1.0069,1.81664,726.9441,7.0275
19.98,0.00233778,998.203,4.183016,59.895,14.2988,1004.604,1.0066,1.81776,726.9294,7.025
19.99,0.00233889,998.2015,4.183008,59.8975,14.2994,1004.302,1.0063,1.81888,726.9147,7.0225
20,0.00234,998.2,4.183,59.9,14.3,1004,1.006,1.82,726.9,7.02
20.01,0.0023419,998.1975,4.182991,59.9019,14.3006,1003.7975,1.005799,1.82139,726.8853,7.0184
20.02,0.0023438,998.195,4.182982,59.9038,14.3012,1003.595,1.005598,1.82278,726.8706,7.0168
20.03,0.0023457,998.1925,4.182973,59.9057,14.3018,1003.3925,1.005397,1.82417,726.8559,7.0152
20.04,0.0023476,998.19,4.182964,59.9076,14.3024,1003.19,1.005196,1.82556,726.8412,7.0136
20.05,0.0023495,998.1875,4.182955,59.9095,14.303,1002.9875,1.004995,1.82695,726.8265,7.012
20.06,0.0023514,998.185,4.182946,59.9114,14.3036,1002.785,1.004794,1.82834,726.8118,7.0104
20.07,0.0023533,998.1825,4.182937,59.9133,14.3042,1002.5825,1.004593,1.82973,726.7971,7.0088
20.08,0.0023552,998.18,4.182928,59.9152,14.3048,1002.38,1.004392,1.83112,726.7824,7.0072
20.09,0.0023571,998.1775,4.182919,59.9171,14.3054,1002.1775,1.004191,1.83251,726.7677,7.0056
20.1,0.002359,998.175,4.18291,59.919,14.306,1001.975,1.00399,1.8339,726.753,7.004
20.11,0.0023609,998.1725,4.182901,59.9209,14.3066,1001.7725,1.003789,1.83529,726.7383,7.0024
20.12,0.0023628,998.17,4.182892,59.9228,14.3072,1001.57,1.003588,1.83668,726.7236,7.0008
20.13,0.0023647,998.1675,4.182883,59.9247,14.3078,1001.3675,1.003387,1.83807,726.7089,6.9992
20.14,0.0023666,998.165,4.182874,59.9266,14.3084,1001.165,1.003186,1.83946,726.6942,6.9976
20.15,0.0023685,998.1625,4.182865,59.9285,14.309,1000.9625,1.002985,1.84085,726.6795,6.996
20.16,0.0023704,998.16,4.182856,59.9304,14.3096,1000.76,1.002784,1.84224,726.6648,6.9944
20.17,0.0023723,998.1575,4.182847,59.9323,14.3102,1000.5575,1.002583,1.84363,726.6501,6.9928
20.18,0.0023742,998.155,4.182838,59.9342,14.3108,1000.355,1.002382,1.84502,726.6354,6.9912
20.19,0.0023761,998.1525,4.182829,59.9361,14.3114,1000.1525,1.002181,1.84641,726.6207,6.9896
20.2,0.002378,998.15,4.18282,59.938,14.312,999.95,1.00198,1.8478,726.606,6.988
20.21,0.0023799,998.1475,4.182811,59.9399,14.3126,999.7475,1.001779,1.84919,726.5913,6.9864
20.22,0.0023818,998.145,4.182802,59.9418,14.3132,999.545,1.001578,1.85058,726.5766,6.9848
20.23,0.0023837,998.1425,4.182793,59.9437,14.3138,999.3425,1.001377,1.85197,726.5619,6.9832
20.24,0.0023856,998.14,4.182784,59.9456,14.3144,999.14,1.001176,1.85336,726.5472,6.9816
20.25,0.0023875,998.1375,4.182775,59.9475,14.315,998.9375,1.000975,1.85475,726.5325,6.98
20.26,0.0023894,998.135,4.182766,59.9494,14.3156,998.735,1.000774,1.85614,726.5178,6.9784
20.27,0.0023913,998.1325,4.182757,59.9513,14.3162,998.5325,1.000573,1.85753,726.5031,6.9768
20.28,0.0023932,998.13,4.182748,59.9532,14.3168,998.33,1.000372,1.85892,726.4884,6.9752
20.29,0.0023951,998.1275,4.182739,59.9551,14.3174,998.1275,1.000171,1.86031,726.4737,6.9736
20.3,0.002397,998.125,4.18273,59.957,14.318,997.925,0.99997,1.8617,726.459,6.972
20.31,0.0023989,998.1225,4.182721,59.9589,14.3186,997.7225,0.999769,1.86309,726.4443,6.9704
20.32,0.0024008,998.12,4.182712,59.9608,14.3192,997.52,0.999568,1.86448,726.4296,6.9688
20.33,0.0024027,998.1175,4.182703,59.9627,14.3198,997.3175,0.999367,1.86587,726.4149,6.9672
20.34,0.0024046,998.115,4.182694,59.9646,14.3204,997.115,0.999166,1.86726,726.4002,6.9656
20.35,0.0024065,998.1125,4.182685,59.9665,14.321,996.9125,0.998965,1.86865,726.3855,6.964
20.36,0.0024084,998.11,4.182676,59.9684,14.3216,996.71,0.998764,1.87004,726.3708,6.9624
20.37,0.0024103,998.1075,4.182667,59.9703,14.3222,996.5075,0.998563,1.87143,726.3561,6.9608
20.38,0.0024122,998.105,4.182658,59.9722,14.3228,996.305,0.998362,1.87282,726.3414,6.9592
20.39,0.0024141,998.1025,4.182649,59.9741,14.3234,996.1025,0.998161,1.87421,726.3267,6.9576
20.4,0.002416,998.1,4.18264,59.976,14.324,995.9,0.99796,1.8756,726.312,6.956
20.41,0.0024179,998.0975,4.182631,59.9779,14.3246,995.6975,0.997759,1.87699,726.2973,6.9544
20.42,0.0024198,998.095,4.182622,59.9798,14.3252,995.495,0.997558,1.87838,726.2826,6.9528
20.43,0.0024217,998.0925,4.182613,59.9817,14.3258,995.2925,0.997357,1.87977,726.2679,6.9512
20.44,0.0024236,998.09,4.182604,59.9836,14.3264,995.09,0.997156,1.88116,726.2532,6.9496
20.45,0.0024255,998.0875,4.182595,59.9855,14.327,994.8875,0.996955,1.88255,726.2385,6.948
20.46,0.0024274,998.085,4.182586,59.9874,14.3276,994.685,0.996754,1.88394,726.2238,6.9464
20.47,0.0024293,998.0825,4.182577,59.9893,14.3282,994.4825,0.996553,1.88533,726.2091,6.9448
20.48,0.0024312,998.08,4.182568,59.9912,14.3288,994.28,0.996352,1.88672,726.1944,6.9432
20.49,0.0024331,998.0775,4.182559,59.9931,14.3294,994.0775,0.996151,1.88811,726.1797,6.9416
20.5,0.002435,998.075,4.18255,59.995,14.33,993.875,0.99595,1.8895,726.165,6.94
20.51,0.0024369,998.0725,4.182541,59.9969,14.3306,993.6725,0.995749,1.89089,726.1503,6.9384
20.52,0.0024388,998.07,4.182532,59.9988,14.3312,993.47,0.995548,1.89228,726.1356,6.9368
20.53,0.0024407,998.0675,4.182523,60.0007,14.3318,993.2675,0.995347,1.89367,726.1209,6.9352
20.54,0.0024426,998.065,4.182514,60.0026,14.3324,993.065,0.995146,1.89506,726.1062,6.9336
20.55,0.0024445,998.0625,4.182505,60.0045,14.333,992.8625,0.994945,1.89645,726.0915,6.932
20.56,0.0024464,998.06,4.182496,60.0064,14.3336,992.66,0.994744,1.89784,726.0768,6.9304
20.57,0.0024483,998.0575,4.182487,60.0083,14.3342,992.4575,0.994543,1.89923,726.0621,6.9288
20.58,0.0024502,998.055,4.182478,60.0102,14.3348,992.255,0.994342,1.90062,726.0474,6.9272
20.59,0.0024521,998.0525,4.182469,60.0121,14.3354,992.0525,0.994141,1.90201,726.0327,6.9256
20.6,0.002454,998.05,4.18246,60.014,14.336,991.85,0.99394,1.9034,726.018,6.924
20.61,0.0024559,998.0475,4.182451,60.0159,14.3366,991.6475,0.993739,1.90479,726.0033,6.9224
20.62,0.0024578,998.045,4.182442,60.0178,14.3372,991.445,0.993538,1.90618,725.9886,6.9208
20.63,0.0024597,998.0425,4.182433,60.0197,14.3378,991.2425,0.993337,1.90757,725.9739,6.9192
20.64,0.0024616,998.04,4.182424,60.0216,14.3384,991.04,0.993136,1.90896,725.9592,6.9176
20.65,0.0024635,998.0375,4.182415,60.0235,14.339,990.8375,0.992935,1.91035,725.9445,6.916
20.66,0.0024654,998.035,4.182406,60.0254,14.3396,990.635,0.992734,1.91174,725.9298,6.9144
20.67,0.0024673,998.0325,4.182397,60.0273,14.3402,990.4325,0.992533,1.91313,725.9151,6.9128
20.68,0.0024692,998.03,4.182388,60.0292,14.3408,990.23,0.992332,1.91452,725.9004,6.9112
20.69,0.0024711,998.0275,4.182379,60.0311,14.3414,990.0275,0.992131,1.91591,725.8857,6.9096
20.7,0.002473,998.025,4.18237,60.033,14.342,989.825,0.99193,1.9173,725.871,6.908
20.71,0.0024749,998.0225,4.182361,60.0349,14.3426,989.6225,0.991729,1.91869,725.8563,6.9064
20.72,0.0024768,998.02,4.182352,60.0368,14.3432,989.42,0.991528,1.92008,725.8416,6.9048
20.73,0.0024787,998.0175,4.182343,60.0387,14.3438,989.2175,0.991327,1.92147,725.8269,6.9032
20.74,0.0024806,998.015,4.182334,60.0406,14.3444,989.015,0.991126,1.92286,725.8122,6.9016
20.75,0.0024825,998.0125,4.182325,60.0425,14.345,988.8125,0.990925,1.92425,725.7975,6.9
20.76,0.0024844,998.01,4.182316,60.0444,14.3456,988.61,0.990724,1.92564,725.7828,6.8984
20.77,0.0024863,998.0075,4.182307,60.0463,14.3462,988.4075,0.990523,1.92703,725.7681,6.8968
20.78,0.0024882,998.005,4.182298,60.0482,14.3468,988.205,0.990322,1.92842,725.7534,6.8952
20.79,0.0024901,998.0025,4.182289,60.0501,14.3474,988.0025,0.990121,1.92981,725.7387,6.8936
20.8,0.002492,998,4.18228,60.052,14.348,987.8,0.98992,1.9312,725.724,6.892
20.81,0.0024939,997.9975,4.182271,60.0539,14.3486,987.5975,0.989719,1.93259,725.7093,6.8904
20.82,0.0024958,997.995,4.182262,60.0558,14.3492,987.395,0.989518,1.93398,725.6946,6.8888
20.83,0.0024977,997.9925,4.182253,60.0577,14.3498,987.1925,0.989317,1.93537,725.6799,6.8872
20.84,0.0024996,997.99,4.182244,60.0596,14.3504,986.99,0.989116,1.93676,725.6652,6.8856
20.85,0.0025015,997.9875,4.182235,60.0615,14.351,986.7875,0.988915,1.93815,725.6505,6.884
20.86,0.0025034,997.985,4.182226,60.0634,14.3516,986.585,0.988714,1.93954,725.6358,6.8824
20.87,0.0025053,997.9825,4.182217,60.0653,14.3522,986.3825,0.988513,1.94093,725.6211,6.8808
20.88,0.0025072,997.98,4.182208,60.0672,14.3528,986.18,0.988312,1.94232,725.6064,6.8792
20.89,0.0025091,997.9775,4.182199,60.0691,14.3534,985.9775,0.988111,1.94371,725.5917,6.8776
20.9,0.002511,997.975,4.18219,60.071,14.354,985.775,0.98791,1.9451,725.577,6.876
20.91,0.0025129,997.9725,4.182181,60.0729,14.3546,985.5725,0.987709,1.94649,725.5623,6.8744
20.92,0.0025148,997.97,4.182172,60.0748,14.3552,985.37,0.987508,1.94788,725.5476,6.8728
20.93,0.0025167,997.9675,4.182163,60.0767,14.3558,985.1675,0.987307,1.94927,725.5329,6.8712
20.94,0.0025186,997.965,4.182154,60.0786,14.3564,984.965,0.987106,1.95066,725.5182,6.8696
20.95,0.0025205,997.9625,4.182145,60.0805,14.357,984.7625,0.986905,1.95205,725.5035,6.868
20.96,0.0025224,997.96,4.182136,60.0824,14.3576,984.56,0.986704,1.95344,725.4888,6.8664
20.97,0.0025243,997.9575,4.182127,60.0843,14.3582,984.3575,0.986503,1.95483,725.4741,6.8648
20.98,0.0025262,997.955,4.182118,60.0862,14.3588,984.155,0.986302,1.95622,725.4594,6.8632
20.99,0.0025281,997.9525,4.182109,60.0881,14.3594,983.9525,0.986101,1.95761,725.4447,6.8616
21,0.00253,997.95,4.1821,60.09,14.36,983.75,0.9859,1.959,725.43,6.86
21.01,0.0025319,997.9475,4.182091,60.0919,14.3606,983.5475,0.985699,1.96039,725.4153,6.8584
21.02,0.0025338,997.945,4.182082,60.0938,14.3612,983.345,0.985498,1.96178,725.4006,6.8568
21.03,0.0025357,997.9425,4.182073,60.0957,14.3618,983.1425,0.985297,1.96317,725.3859,6.8552
21.04,0.0025376,997.94,4.182064,60.0976,14.3624,982.94,0.985096,1.96456,725.3712,6.8536
21.05,0.0025395,997.9375,4.182055,60.0995,14.363,982.7375,0.984895,1.96595,725.3565,6.852
21.06,0.0025414,997.935,4.182046,60.1014,14.3636,982.535,0.984694,1.96734,725.3418,6.8504
21.07,0.0025433,997.9325,4.182037,60.1033,14.3642,982.3325,0.984493,1.96873,725.3271,6.8488
21.08,0.0025452,997.93,4.182028,60.1052,14.3648,982.13,0.984292,1.97012,725.3124,6.8472
21.09,0.0025471,997.9275,4.182019,60.1071,14.3654,981.9275,0.984091,1.97151,725.2977,6.8456
21.1,0.002549,997.925,4.18201,60.109,14.366,981.725,0.98389,1.9729,725.283,6.844
21.11,0.0025509,997.9225,4.182001,60.1109,14.3666,981.5225,0.983689,1.97429,725.2683,6.8424
21.12,0.0025528,997.92,4.181992,60.1128,14.3672,981.32,0.983488,1.97568,725.2536,6.8408
21.13,0.0025547,997.9175,4.181983,60.1147,14.3678,981.1175,0.983287,1.97707,725.2389,6.8392
21.14,0.0025566,997.915,4.181974,60.1166,14.3684,980.915,0.983086,1.97846,725.2242,6.8376
21.15,0.0025585,997.9125,4.181965,60.1185,14.369,980.7125,0.982885,1.97985,725.2095,6.836
21.16,0.0025604,997.91,4.181956,60.1204,14.3696,980.51,0.982684,1.98124,725.1948,6.8344
21.17,0.0025623,997.9075,4.181947,60.1223,14.3702,980.3075,0.982483,1.98263,725.1801,6.8328
21.18,0.0025642,997.905,4.181938,60.1242,14.3708,980.105,0.982282,1.98402,725.1654,6.8312
21.19,0.0025661,997.9025,4.181929,60.1261,14.3714,979.9025,0.982081,1.98541,725.1507,6.8296
21.2,0.002568,997.9,4.18192,60.128,14.372,979.7,0.98188,1.9868,725.136,6.828
21.21,0.0025699,997.8975,4.181911,60.1299,14.3726,979.4975,0.981679,1.98819,725.1213,6.8264
21.22,0.0025718,997.895,4.181902,60.1318,14.3732,979.295,0.981478,1.98958,725.1066,6.8248
21.23,0.0025737,997.8925,4.181893,60.1337,14.3738,979.0925,0.981277,1.99097,725.0919,6.8232
21.24,0.0025756,997.89,4.181884,60.1356,14.3744,978.89,0.981076,1.99236,725.0772,6.8216
21.25,0.0025775,997.8875,4.181875,60.1375,14.375,978.6875,0.980875,1.99375,725.0625,6.82
21.26,0.0025794,997.885,4.181866,60.1394,14.3756,978.485,0.980674,1.99514,725.0478,6.8184
21.27,0.0025813,997.8825,4.181857,60.1413,14.3762,978.2825,0.980473,1.99653,725.0331,6.8168
21.28,0.0025832,997.88,4.181848,60.1432,14.3768,978.08,0.980272,1.99792,725.0184,6.8152
21.29,0.0025851,997.8775,4.181839,60.1451,14.3774,977.8775,0.980071,1.99931,725.0037,6.8136
21.3,0.002587,997.875,4.18183,60.147,14.378,977.675,0.97987,2.0007,724.989,6.812
21.31,0.0025889,997.8725,4.181821,60.1489,14.3786,977.4725,0.979669,2.00209,724.9743,6.8104
21.32,0.0025908,997.87,4.181812,60.1508,14.3792,977.27,0.979468,2.00348,724.9596,6.8088
21.33,0.0025927,997.8675,4.181803,60.1527,14.3798,977.0675,0.979267,2.00487,724.9449,6.8072
21.34,0.0025946,997.865,4.181794,60.1546,14.3804,976.865,0.979066,2.00626,724.9302,6.8056
21.35,0.0025965,997.8625,4.181785,60.1565,14.381,976.6625,0.978865,2.00765,724.9155,6.804
21.36,0.0025984,997.86,4.181776,60.1584,14.3816,976.46,0.978664,2.00904,724.9008,6.8024
21.37,0.0026003,997.8575,4.181767,60.1603,14.3822,976.2575,0.978463,2.01043,724.8861,6.8008
21.38,0.0026022,997.855,4.181758,60.1622,14.3828,976.055,0.978262,2.01182,724.8714,6.7992
21.39,0.0026041,997.8525,4.181749,60.1641,14.3834,975.8525,0.978061,2.01321,724.8567,6.7976
21.4,0.002606,997.85,4.18174,60.166,14.384,975.65,0.97786,2.0146,724.842,6.796
21.41,0.0026079,997.8475,4.181731,60.1679,14.3846,975.4475,0.977659,2.01599,724.8273,6.7944
21.42,0.0026098,997.845,4.181722,60.1698,14.3852,975.245,0.977458,2.01738,724.8126,6.7928
21.43,0.0026117,997.8425,4.181713,60.1717,14.3858,975.0425,0.977257,2.01877,724.7979,6.7912
21.44,0.0026136,997.84,4.181704,60.1736,14.3864,974.84,0.977056,2.02016,724.7832,6.7896
21.45,0.0026155,997.8375,4.181695,60.1755,14.387,974.6375,0.976855,2.02155,724.7685,6.788
21.46,0.0026174,997.835,4.181686,60.1774,14.3876,974.435,0.976654,2.02294,724.7538,6.7864
21.47,0.0026193,997.8325,4.181677,60.1793,14.3882,974.2325,0.976453,2.02433,724.7391,6.7848
21.48,0.0026212,997.83,4.181668,60.1812,14.3888,974.03,0.976252,2.02572,724.7244,6.7832
21.49,0.0026231,997.8275,4.181659,60.1831,14.3894,973.8275,0.976051,2.02711,724.7097,6.7816
21.5,0.002625,997.825,4.18165,60.185,14.39,973.625,0.97585,2.0285,724.695,6.78
21.51,0.0026269,997.8225,4.181641,60.1869,14.3906,973.4225,0.975649,2.02989,724.6803,6.7784
21.52,0.0026288,997.82,4.181632,60.1888,14.3912,973.22,0.975448,2.03128,724.6656,6.7768
21.53,0.0026307,997.8175,4.181623,60.1907,14.3918,973.0175,0.975247,2.03267,724.6509,6.7752
21.54,0.0026326,997.815,4.181614,60.1926,14.3924,972.815,0.975046,2.03406,724.6362,6.7736
21.55,0.0026345,997.8125,4.181605,60.1945,14.393,972.6125,0.974845,2.03545,724.6215,6.772
21.56,0.0026364,997.81,4.181596,60.1964,14.3936,972.41,0.974644,2.03684,724.6068,6.7704
21.57,0.0026383,997.8075,4.181587,60.1983,14.3942,972.2075,0.974443,2.03823,724.5921,6.7688
21.58,0.0026402,997.805,4.181578,60.2002,14.3948,972.005,0.974242,2.03962,724.5774,6.7672
21.59,0.0026421,997.8025,4.181569,60.2021,14.3954,971.8025,0.974041,2.04101,724.5627,6.7656
21.6,0.002644,997.8,4.18156,60.204,14.396,971.6,0.97384,2.0424,724.548,6.764
21.61,0.0026459,997.7975,4.181551,60.2059,14.3966,971.3975,0.973639,2.04379,724.5333,6.7624
21.62,0.0026478,997.795,4.181542,60.2078,14.3972,971.195,0.973438,2.04518,724.5186,6.7608
21.63,0.0026497,997.7925,4.181533,60.2097,14.3978,970.9925,0.973237,2.04657,724.5039,6.7592
21.64,0.0026516,997.79,4.181524,60.2116,14.3984,970.79,0.973036,2.04796,724.4892,6.7576
21.65,0.0026535,997.7875,4.181515,60.2135,14.399,970.5875,0.972835,2.04935,724.4745,6.756
21.66,0.0026554,997.785,4.181506,60.2154,14.3996,970.385,0.972634,2.05074,724.4598,6.7544
21.67,0.0026573,997.7825,4.181497,60.2173,14.4002,970.1825,0.972433,2.05213,724.4451,6.7528
21.68,0.0026592,997.78,4.181488,60.2192,14.4008,969.98,0.972232,2.05352,724.4304,6.7512
21.69,0.0026611,997.7775,4.181479,60.2211,14.4014,969.7775,0.972031,2.05491,724.4157,6.7496
21.7,0.002663,997.775,4.18147,60.223,14.402,969.575,0.97183,2.0563,724.401,6.748
21.71,0.0026649,997.7725,4.181461,60.2249,14.4026,969.3725,0.971629,2.05769,724.3863,6.7464
21.72,0.0026668,997.77,4.181452,60.2268,14.4032,969.17,0.971428,2.05908,724.3716,6.7448
21.73,0.0026687,997.7675,4.181443,60.2287,14.4038,968.9675,0.971227,2.06047,724.3569,6.7432
21.74,0.0026706,997.765,4.181434,60.2306,14.4044,968.765,0.971026,2.06186,724.3422,6.7416
21.75,0.0026725,997.7625,4.181425,60.2325,14.405,968.5625,0.970825,2.06325,724.3275,6.74
21.76,0.0026744,997.76,4.181416,60.2344,14.4056,968.36,0.970624,2.06464,724.3128,6.7384
21.77,0.0026763,997.7575,4.181407,60.2363,14.4062,968.1575,0.970423,2.06603,724.2981,6.7368
21.78,0.0026782,997.755,4.181398,60.2382,14.4068,967.955,0.970222,2.06742,724.2834,6.7352
21.79,0.0026801,997.7525,4.181389,60.2401,14.4074,967.7525,0.970021,2.06881,724.2687,6.7336
21.8,0.002682,997.75,4.18138,60.242,14.408,967.55,0.96982,2.0702,724.254,6.732
21.81,0.0026839,997.7475,4.181371,60.2439,14.4086,967.3475,0.969619,2.07159,724.2393,6.7304
21.82,0.0026858,997.745,4.181362,60.2458,14.4092,967.145,0.969418,2.07298,724.2246,6.7288
21.83,0.0026877,997.7425,4.181353,60.2477,14.4098,966.9425,0.969217,2.07437,724.2099,6.7272
21.84,0.0026896,997.74,4.181344,60.2496,14.4104,966.74,0.969016,2.07576,724.1952,6.7256
21.85,0.0026915,997.7375,4.181335,60.2515,14.411,966.5375,0.968815,2.07715,724.1805,6.724
21.86,0.0026934,997.735,4.181326,60.2534,14.4116,966.335,0.968614,2.07854,724.1658,6.7224
21.87,0.0026953,997.7325,4.181317,60.2553,14.4122,966.1325,0.968413,2.07993,724.1511,6.7208
21.88,0.0026972,997.73,4.181308,60.2572,14.4128,965.93,0.968212,2.08132,724.1364,6.7192
21.89,0.0026991,997.7275,4.181299,60.2591,14.4134,965.7275,0.968011,2.08271,724.1217,6.7176
21.9,0.002701,997.725,4.18129,60.261,14.414,965.525,0.96781,2.0841,724.107,6.716
21.91,0.0027029,997.7225,4.181281,60.2629,14.4146,965.3225,0.967609,2.08549,724.0923,6.7144
21.92,0.0027048,997.72,4.181272,60.2648,14.4152,965.12,0.967408,2.08688,724.0776,6.7128
21.93,0.0027067,997.7175,4.181263,60.2667,14.4158,964.9175,0.967207,2.08827,724.0629,6.7112
21.94,0.0027086,997.715,4.181254,60.2686,14.4164,964.715,0.967006,2.08966,724.0482,6.7096
21.95,0.0027105,997.7125,4.181245,60.2705,14.417,964.5125,0.966805,2.09105,724.0335,6.708
21.96,0.0027124,997.71,4.181236,60.2724,14.4176,964.31,0.966604,2.09244,724.0188,6.7064
21.97,0.0027143,997.7075,4.181227,60.2743,14.4182,964.1075,0.966403,2.09383,724.0041,6.7048
21.98,0.0027162,997.705,4.181218,60.2762,14.4188,963.905,0.966202,2.09522,723.9894,6.7032
21.99,0.0027181,997.7025,4.181209,60.2781,14.4194,963.7025,0.966001,2.09661,723.9747,6.7016
22,0.00272,997.7,4.1812,60.28,14.42,963.5,0.9658,2.098,723.96,6.7
22.01,0.0027219,997.6975,4.181191,60.2819,14.4206,963.2975,0.965599,2.09939,723.9453,6.6984
22.02,0.0027238,997.695,4.181182,60.2838,14.4212,963.095,0.965398,2.10078,723.9306,6.6968
22.03,0.0027257,997.6925,4.181173,60.2857,14.4218,962.8925,0.965197,2.10217,723.9159,6.6952
22.04,0.0027276,997.69,4.181164,60.2876,14.4224,962.69,0.964996,2.10356,723.9012,6.6936
22.05,0.0027295,997.6875,4.181155,60.2895,14.423,962.4875,0.964795,2.10495,723.8865,6.692
22.06,0.0027314,997.685,4.181146,60.2914,14.4236,962.285,0.964594,2.10634,723.8718,6.6904
22.07,0.0027333,997.6825,4.181137,60.2933,14.4242,962.0825,0.964393,2.10773,723.8571,6.6888
22.08,0.0027352,997.68,4.181128,60.2952,14.4248,961.88,0.964192,2.10912,723.8424,6.6872
22.09,0.0027371,997.6775,4.181119,60.2971,14.4254,961.6775,0.963991,2.11051,723.8277,6.6856
22.1,0.002739,997.675,4.18111,60.299,14.426,961.475,0.96379,2.1119,723.813,6.684
22.11,0.0027409,997.6725,4.181101,60.3009,14.4266,961.2725,0.963589,2.11329,723.7983,6.6824
22.12,0.0027428,997.67,4.181092,60.3028,14.4272,961.07,0.963388,2.11468,723.7836,6.6808
22.13,0.0027447,997.6675,4.181083,60.3047,14.4278,960.8675,0.963187,2.11607,723.7689,6.6792
22.14,0.0027466,997.665,4.181074,60.3066,14.4284,960.665,0.962986,2.11746,723.7542,6.6776
22.15,0.0027485,997.6625,4.181065,60.3085,14.429,960.4625,0.962785,2.11885,723.7395,6.676
22.16,0.0027504,997.66,4.181056,60.3104,14.4296,960.26,0.962584,2.12024,723.7248,6.6744
22.17,0.0027523,997.6575,4.181047,60.3123,14.4302,960.0575,0.962383,2.12163,723.7101,6.6728
22.18,0.0027542,997.655,4.181038,60.3142,14.4308,959.855,0.962182,2.12302,723.6954,6.6712
22.19,0.0027561,997.6525,4.181029,60.3161,14.4314,959.6525,0.961981,2.12441,723.6807,6.6696
22.2,0.002758,997.65,4.18102,60.318,14.432,959.45,0.96178,2.1258,723.666,6.668
22.21,0.0027599,997.6475,4.181011,60.3199,14.4326,959.2475,0.961579,2.12719,723.6513,6.6664
22.22,0.0027618,997.645,4.181002,60.3218,14.4332,959.045,0.961378,2.12858,723.6366,6.6648
22.23,0.0027637,997.6425,4.180993,60.3237,14.4338,958.8425,0.961177,2.12997,723.6219,6.6632
22.24,0.0027656,997.64,4.180984,60.3256,14.4344,958.64,0.960976,2.13136,723.6072,6.6616
22.25,0.0027675,997.6375,4.180975,60.3275,14.435,958.4375,0.960775,2.13275,723.5925,6.66
22.26,0.0027694,997.635,4.180966,60.3294,14.4356,958.235,0.960574,2.13414,723.5778,6.6584
22.27,0.0027713,997.6325,4.180957,60.3313,14.4362,958.0325,0.960373,2.13553,723.5631,6.6568
22.28,0.0027732,997.63,4.180948,60.3332,14.4368,957.83,0.960172,2.13692,723.5484,6.6552
22.29,0.0027751,997.6275,4.180939,60.3351,14.4374,957.6275,0.959971,2.13831,723.5337,6.6536
22.3,0.002777,997.625,4.18093,60.337,14.438,957.425,0.95977,2.1397,723.519,6.652
22.31,0.0027789,997.6225,4.180921,60.3389,14.4386,957.2225,0.959569,2.14109,723.5043,6.6504
22.32,0.0027808,997.62,4.180912,60.3408,14.4392,957.02,0.959368,2.14248,723.4896,6.6488
22.33,0.0027827,997.6175,4.180903,60.3427,14.4398,956.8175,0.959167,2.14387,723.4749,6.6472
22.34,0.0027846,997.615,4.180894,60.3446,14.4404,956.615,0.958966,2.14526,723.4602,6.6456
22.35,0.0027865,997.6125,4.180885,60.3465,14.441,956.4125,0.958765,2.14665,723.4455,6.644
22.36,0.0027884,997.61,4.180876,60.3484,14.4416,956.21,0.958564,2.14804,723.4308,6.6424
22.37,0.0027903,997.6075,4.180867,60.3503,14.4422,956.0075,0.958363,2.14943,723.4161,6.6408
22.38,0.0027922,997.605,4.180858,60.3522,14.4428,955.805,0.958162,2.15082,723.4014,6.6392
22.39,0.0027941,997.6025,4.180849,60.3541,14.4434,955.6025,0.957961,2.15221,723.3867,6.6376
22.4,0.002796,997.6,4.18084,60.356,14.444,955.4,0.95776,2.1536,723.372,6.636
22.41,0.0027979,997.5975,4.180831,60.3579,14.4446,955.1975,0.957559,2.15499,723.3573,6.6344
22.42,0.0027998,997.595,4.180822,60.3598,14.4452,954.995,0.957358,2.15638,723.3426,6.6328
22.43,0.0028017,997.5925,4.180813,60.3617,14.4458,954.7925,0.957157,2.15777,723.3279,6.6312
22.44,0.0028036,997.59,4.180804,60.3636,14.4464,954.59,0.956956,2.15916,723.3132,6.6296
22.45,0.0028055,997.5875,4.180795,60.3655,14.447,954.3875,0.956755,2.16055,723.2985,6.628
22.46,0.0028074,997.585,4.180786,60.3674,14.4476,954.185,0.956554,2.16194,723.2838,6.6264
22.47,0.0028093,997.5825,4.180777,60.3693,14.4482,953.9825,0.956353,2.16333,723.2691,6.6248
22.48,0.0028112,997.58,4.180768,60.3712,14.4488,953.78,0.956152,2.16472,723.2544,6.6232
22.49,0.0028131,997.5775,4.180759,60.3731,14.4494,953.5775,0.955951,2.16611,723.2397,6.6216
22.5,0.002815,997.575,4.18075,60.375,14.45,953.375,0.95575,2.1675,723.225,6.62
22.51,0.0028169,997.5725,4.180741,60.3769,14.4506,953.1725,0.955549,2.16889,723.2103,6.6184
22.52,0.0028188,997.57,4.180732,60.3788,14.4512,952.97,0.955348,2.17028,723.1956,6.6168
22.53,0.0028207,997.5675,4.180723,60.3807,14.4518,952.7675,0.955147,2.17167,723.1809,6.6152
22.54,0.0028226,997.565,4.180714,60.3826,14.4524,952.565,0.954946,2.17306,723.1662,6.6136
22.55,0.0028245,997.5625,4.180705,60.3845,14.453,952.3625,0.954745,2.17445,723.1515,6.612
22.56,0.0028264,997.56,4.180696,60.3864,14.4536,952.16,0.954544,2.17584,723.1368,6.6104
22.57,0.0028283,997.5575,4.180687,60.3883,14.4542,951.9575,0.954343,2.17723,723.1221,6.6088
22.58,0.0028302,997.555,4.180678,60.3902,14.4548,951.755,0.954142,2.17862,723.1074,6.6072
22.59,0.0028321,997.5525,4.180669,60.3921,14.4554,951.5525,0.953941,2.18001,723.0927,6.6056
22.6,0.002834,997.55,4.18066,60.394,14.456,951.35,0.95374,2.1814,723.078,6.604
22.61,0.0028359,997.5475,4.180651,60.3959,14.4566,951.1475,0.953539,2.18279,723.0633,6.6024
22.62,0.0028378,997.545,4.180642,60.3978,14.4572,950.945,0.953338,2.18418,723.0486,6.6008
22.63,0.0028397,997.5425,4.180633,60.3997,14.4578,950.7425,0.953137,2.18557,723.0339,6.5992
22.64,0.0028416,997.54,4.180624,60.4016,14.4584,950.54,0.952936,2.18696,723.0192,6.5976
22.65,0.0028435,997.5375,4.180615,60.4035,14.459,950.3375,0.952735,2.18835,723.0045,6.596
22.66,0.0028454,997.535,4.180606,60.4054,14.4596,950.135,0.952534,2.18974,722.9898,6.5944
22.67,0.0028473,997.5325,4.180597,60.4073,14.4602,949.9325,0.952333,2.19113,722.9751,6.5928
22.68,0.0028492,997.53,4.180588,60.4092,14.4608,949.73,0.952132,2.19252,722.9604,6.5912
22.69,0.0028511,997.5275,4.180579,60.4111,14.4614,949.5275,0.951931,2.19391,722.9457,6.5896
22.7,0.002853,997.525,4.18057,60.413,14.462,949.325,0.95173,2.1953,722.931,6.588
22.71,0.0028549,997.5225,4.180561,60.4149,14.4626,949.1225,0.951529,2.19669,722.9163,6.5864
22.72,0.0028568,997.52,4.180552,60.4168,14.4632,948.92,0.951328,2.19808,722.9016,6.5848
22.73,0.0028587,997.5175,4.180543,60.4187,14.4638,948.7175,0.951127,2.19947,722.8869,6.5832
22.74,0.0028606,997.515,4.180534,60.4206,14.4644,948.515,0.950926,2.20086,722.8722,6.5816
22.75,0.0028625,997.5125,4.180525,60.4225,14.465,948.3125,0.950725,2.20225,722.8575,6.58
22.76,0.0028644,997.51,4.180516,60.4244,14.4656,948.11,0.950524,2.20364,722.8428,6.5784
22.77,0.0028663,997.5075,4.180507,60.4263,14.4662,947.9075,0.950323,2.20503,722.8281,6.5768
22.78,0.0028682,997.505,4.180498,60.4282,14.4668,947.705,0.950122,2.20642,722.8134,6.5752
22.79,0.0028701,997.5025,4.180489,60.4301,14.4674,947.5025,0.949921,2.20781,722.7987,6.5736
22.8,0.002872,997.5,4.18048,60.432,14.468,947.3,0.94972,2.2092,722.784,6.572
22.81,0.0028739,997.4975,4.180471,60.4339,14.4686,947.0975,0.949519,2.21059,722.7693,6.5704
22.82,0.0028758,997.495,4.180462,60.4358,14.4692,946.895,0.949318,2.21198,722.7546,6.5688
22.83,0.0028777,997.4925,4.180453,60.4377,14.4698,946.6925,0.949117,2.21337,722.7399,6.5672
22.84,0.0028796,997.49,4.180444,60.4396,14.4704,946.49,0.948916,2.21476,722.7252,6.5656
22.85,0.0028815,997.4875,4.180435,60.4415,14.471,946.2875,0.948715,2.21615,722.7105,6.564
22.86,0.0028834,997.485,4.180426,60.4434,14.4716,946.085,0.948514,2.21754,722.6958,6.5624
22.87,0.0028853,997.4825,4.180417,60.4453,14.4722,945.8825,0.948313,2.21893,722.6811,6.5608
22.88,0.0028872,997.48,4.180408,60.4472,14.4728,945.68,0.948112,2.22032,722.6664,6.5592
22.89,0.0028891,997.4775,4.180399,60.4491,14.4734,945.4775,0.947911,2.22171,722.6517,6.5576
22.9,0.002891,997.475,4.18039,60.451,14.474,945.275,0.94771,2.2231,722.637,6.556
22.91,0.0028929,997.4725,4.180381,60.4529,14.4746,945.0725,0.947509,2.22449,722.6223,6.5544
22.92,0.0028948,997.47,4.180372,60.4548,14.4752,944.87,0.947308,2.22588,722.6076,6.5528
22.93,0.0028967,997.4675,4.180363,60.4567,14.4758,944.6675,0.947107,2.22727,722.5929,6.5512
22.94,0.0028986,997.465,4.180354,60.4586,14.4764,944.465,0.946906,2.22866,722.5782,6.5496
22.95,0.0029005,997.4625,4.180345,60.4605,14.477,944.2625,0.946705,2.23005,722.5635,6.548
22.96,0.0029024,997.46,4.180336,60.4624,14.4776,944.06,0.946504,2.23144,722.5488,6.5464
22.97,0.0029043,997.4575,4.180327,60.4643,14.4782,943.8575,0.946303,2.23283,722.5341,6.5448
22.98,0.0029062,997.455,4.180318,60.4662,14.4788,943.655,0.946102,2.23422,722.5194,6.5432
22.99,0.0029081,997.4525,4.180309,60.4681,14.4794,943.4525,0.945901,2.23561,722.5047,6.5416
23,0.00291,997.45,4.1803,60.47,14.48,943.25,0.9457,2.237,722.49,6.54
23.01,0.0029119,997.4475,4.180291,60.4719,14.4806,943.0475,0.945499,2.23839,722.4753,6.5384
23.02,0.0029138,997.445,4.180282,60.4738,14.4812,942.845,0.945298,2.23978,722.4606,6.5368
23.03,0.0029157,997.4425,4.180273,60.4757,14.4818,942.6425,0.945097,2.24117,722.4459,6.5352
23.04,0.0029176,997.44,4.180264,60.4776,14.4824,942.44,0.944896,2.24256,722.4312,6.5336
23.05,0.0029195,997.4375,4.180255,60.4795,14.483,942.2375,0.944695,2.24395,722.4165,6.532
23.06,0.0029214,997.435,4.180246,60.4814,14.4836,942.035,0.944494,2.24534,722.4018,6.5304
23.07,0.0029233,997.4325,4.180237,60.4833,14.4842,941.8325,0.944293,2.24673,722.3871,6.5288
23.08,0.0029252,997.43,4.180228,60.4852,14.4848,941.63,0.944092,2.24812,722.3724,6.5272
23.09,0.0029271,997.4275,4.180219,60.4871,14.4854,941.4275,0.943891,2.24951,722.3577,6.5256
23.1,0.002929,997.425,4.18021,60.489,14.486,941.225,0.94369,2.2509,722.343,6.524
23.11,0.0029309,997.4225,4.180201,60.4909,14.4866,941.0225,0.943489,2.25229,722.3283,6.5224
23.12,0.0029328,997.42,4.180192,60.4928,14.4872,940.82,0.943288,2.25368,722.3136,6.5208
23.13,0.0029347,997.4175,4.180183,60.4947,14.4878,940.6175,0.943087,2.25507,722.2989,6.5192
23.14,0.0029366,997.415,4.180174,60.4966,14.4884,940.415,0.942886,2.25646,722.2842,6.5176
23.15,0.0029385,997.4125,4.180165,60.4985,14.489,940.2125,0.942685,2.25785,722.2695,6.516
23.16,0.0029404,997.41,4.180156,60.5004,14.4896,940.01,0.942484,2.25924,722.2548,6.5144
23.17,0.0029423,997.4075,4.180147,60.5023,14.4902,939.8075,0.942283,2.26063,722.2401,6.5128
23.18,0.0029442,997.405,4.180138,60.5042,14.4908,939.605,0.942082,2.26202,722.2254,6.5112
23.19,0.0029461,997.4025,4.180129,60.5061,14.4914,939.4025,0.941881,2.26341,722.2107,6.5096
23.2,0.002948,997.4,4.18012,60.508,14.492,939.2,0.94168,2.2648,722.196,6.508
23.21,0.0029499,997.3975,4.180111,60.5099,14.4926,938.9975,0.941479,2.26619,722.1813,6.5064
23.22,0.0029518,997.395,4.180102,60.5118,14.4932,938.795,0.941278,2.26758,722.1666,6.5048
23.23,0.0029537,997.3925,4.180093,60.5137,14.4938,938.5925,0.941077,2.26897,722.1519,6.5032
23.24,0.0029556,997.39,4.180084,60.5156,14.4944,938.39,0.940876,2.27036,722.1372,6.5016
23.25,0.0029575,997.3875,4.180075,60.5175,14.495,938.1875,0.940675,2.27175,722.1225,6.5
23.26,0.0029594,997.385,4.180066,60.5194,14.4956,937.985,0.940474,2.27314,722.1078,6.4984
23.27,0.0029613,997.3825,4.180057,60.5213,14.4962,937.7825,0.940273,2.27453,722.0931,6.4968
23.28,0.0029632,997.38,4.180048,60.5232,14.4968,937.58,0.940072,2.27592,722.0784,6.4952
23.29,0.0029651,997.3775,4.180039,60.5251,14.4974,937.3775,0.939871,2.27731,722.0637,6.4936
23.3,0.002967,997.375,4.18003,60.527,14.498,937.175,0.93967,2.2787,722.049,6.492
23.31,0.0029689,997.3725,4.180021,60.5289,14.4986,936.9725,0.939469,2.28009,722.0343,6.4904
23.32,0.0029708,997.37,4.180012,60.5308,14.4992,936.77,0.939268,2.28148,722.0196,6.4888
23.33,0.0029727,997.3675,4.180003,60.5327,14.4998,936.5675,0.939067,2.28287,722.0049,6.4872
23.34,0.0029746,997.365,4.179994,60.5346,14.5004,936.365,0.938866,2.28426,721.9902,6.4856
23.35,0.0029765,997.3625,4.179985,60.5365,14.501,936.1625,0.938665,2.28565,721.9755,6.484
23.36,0.0029784,997.36,4.179976,60.5384,14.5016,935.96,0.938464,2.28704,721.9608,6.4824
23.37,0.0029803,997.3575,4.179967,60.5403,14.5022,935.7575,0.938263,2.28843,721.9461,6.4808
23.38,0.0029822,997.355,4.179958,60.5422,14.5028,935.555,0.938062,2.28982,721.9314,6.4792
23.39,0.0029841,997.3525,4.179949,60.5441,14.5034,935.3525,0.937861,2.29121,721.9167,6.4776
23.4,0.002986,997.35,4.17994,60.546,14.504,935.15,0.93766,2.2926,721.902,6.476
23.41,0.0029879,997.3475,4.179931,60.5479,14.5046,934.9475,0.937459,2.29399,721.8873,6.4744
23.42,0.0029898,997.345,4.179922,60.5498,14.5052,934.745,0.937258,2.29538,721.8726,6.4728
23.43,0.0029917,997.3425,4.179913,60.5517,14.5058,934.5425,0.937057,2.29677,721.8579,6.4712
23.44,0.0029936,997.34,4.179904,60.5536,14.5064,934.34,0.936856,2.29816,721.8432,6.4696
23.45,0.0029955,997.3375,4.179895,60.5555,14.507,934.1375,0.936655,2.29955,721.8285,6.468
23.46,0.0029974,997.335,4.179886,60.5574,14.5076,933.935,0.936454,2.30094,721.8138,6.4664
23.47,0.0029993,997.3325,4.179877,60.5593,14.5082,933.7325,0.936253,2.30233,721.7991,6.4648
23.48,0.0030012,997.33,4.179868,60.5612,14.5088,933.53,0.936052,2.30372,721.7844,6.4632
23.49,0.0030031,997.3275,4.179859,60.5631,14.5094,933.3275,0.935851,2.30511,721.7697,6.4616
23.5,0.003005,997.325,4.17985,60.565,14.51,933.125,0.93565,2.3065,721.755,6.46
23.51,0.0030069,997.3225,4.179841,60.5669,14.5106,932.9225,0.935449,2.30789,721.7403,6.4584
23.52,0.0030088,997.32,4.179832,60.5688,14.5112,932.72,0.935248,2.30928,721.7256,6.4568
23.53,0.0030107,997.3175,4.179823,60.5707,14.5118,932.5175,0.935047,2.31067,721.7109,6.4552
23.54,0.0030126,997.315,4.179814,60.5726,14.5124,932.315,0.934846,2.31206,721.6962,6.4536
23.55,0.0030145,997.3125,4.179805,60.5745,14.513,932.1125,0.934645,2.31345,721.6815,6.452
23.56,0.0030164,997.31,4.179796,60.5764,14.5136,931.91,0.934444,2.31484,721.6668,6.4504
23.57,0.0030183,997.3075,4.179787,60.5783,14.5142,931.7075,0.934243,2.31623,721.6521,6.4488
23.58,0.0030202,997.305,4.179778,60.5802,14.5148,931.505,0.934042,2.31762,721.6374,6.4472
23.59,0.0030221,997.3025,4.179769,60.5821,14.5154,931.3025,0.933841,2.31901,721.6227,6.4456
23.6,0.003024,997.3,4.17976,60.584,14.516,931.1,0.93364,2.3204,721.608,6.444
23.61,0.0030259,997.2975,4.179751,60.5859,14.5166,930.8975,0.933439,2.32179,721.5933,6.4424
23.62,0.0030278,997.295,4.179742,60.5878,14.5172,930.695,0.933238,2.32318,721.5786,6.4408
23.63,0.0030297,997.2925,4.179733,60.5897,14.5178,930.4925,0.933037,2.32457,721.5639,6.4392
23.64,0.0030316,997.29,4.179724,60.5916,14.5184,930.29,0.932836,2.32596,721.5492,6.4376
23.65,0.0030335,997.2875,4.179715,60.5935,14.519,930.0875,0.932635,2.32735,721.5345,6.436
23.66,0.0030354,997.285,4.179706,60.5954,14.5196,929.885,0.932434,2.32874,721.5198,6.4344
23.67,0.0030373,997.2825,4.179697,60.5973,14.5202,929.6825,0.932233,2.33013,721.5051,6.4328
23.68,0.0030392,997.28,4.179688,60.5992,14.5208,929.48,0.932032,2.33152,721.4904,6.4312
23.69,0.0030411,997.2775,4.179679,60.6011,14.5214,929.2775,0.931831,2.33291,721.4757,6.4296
23.7,0.003043,997.275,4.17967,60.603,14.522,929.075,0.93163,2.3343,721.461,6.428
23.71,0.0030449,997.2725,4.179661,60.6049,14.5226,928.8725,0.931429,2.33569,721.4463,6.4264
23.72,0.0030468,997.27,4.179652,60.6068,14.5232,928.67,0.931228,2.33708,721.4316,6.4248
23.73,0.0030487,997.2675,4.179643,60.6087,14.5238,928.4675,0.931027,2.33847,721.4169,6.4232
23.74,0.0030506,997.265,4.179634,60.6106,14.5244,928.265,0.930826,2.33986,721.4022,6.4216
23.75,0.0030525,997.2625,4.179625,60.6125,14.525,928.0625,0.930625,2.34125,721.3875,6.42
23.76,0.0030544,997.26,4.179616,60.6144,14.5256,927.86,0.930424,2.34264,721.3728,6.4184
23.77,0.0030563,997.2575,4.179607,60.6163,14.5262,927.6575,0.930223,2.34403,721.3581,6.4168
23.78,0.0030582,997.255,4.179598,60.6182,14.5268,927.455,0.930022,2.34542,721.3434,6.4152
23.79,0.0030601,997.2525,4.179589,60.6201,14.5274,927.2525,0.929821,2.34681,721.3287,6.4136
23.8,0.003062,997.25,4.17958,60.622,14.528,927.05,0.92962,2.3482,721.314,6.412
23.81,0.0030639,997.2475,4.179571,60.6239,14.5286,926.8475,0.929419,2.34959,721.2993,6.4104
23.82,0.0030658,997.245,4.179562,60.6258,14.5292,926.645,0.929218,2.35098,721.2846,6.4088
23.83,0.0030677,997.2425,4.179553,60.6277,14.5298,926.4425,0.929017,2.35237,721.2699,6.4072
23.84,0.0030696,997.24,4.179544,60.6296,14.5304,926.24,0.928816,2.35376,721.2552,6.4056
23.85,0.0030715,997.2375,4.179535,60.6315,14.531,926.0375,0.928615,2.35515,721.2405,6.404
23.86,0.0030734,997.235,4.179526,60.6334,14.5316,925.835,0.928414,2.35654,721.2258,6.4024
23.87,0.0030753,997.2325,4.179517,60.6353,14.5322,925.6325,0.928213,2.35793,721.2111,6.4008
23.88,0.0030772,997.23,4.179508,60.6372,14.5328,925.43,0.928012,2.35932,721.1964,6.3992
23.89,0.0030791,997.2275,4.179499,60.6391,14.5334,925.2275,0.927811,2.36071,721.1817,6.3976
23.9,0.003081,997.225,4.17949,60.641,14.534,925.025,0.92761,2.3621,721.167,6.396
23.91,0.0030829,997.2225,4.179481,60.6429,14.5346,924.8225,0.927409,2.36349,721.1523,6.3944
23.92,0.0030848,997.22,4.179472,60.6448,14.5352,924.62,0.927208,2.36488,721.1376,6.3928
23.93,0.0030867,997.2175,4.179463,60.6467,14.5358,924.4175,0.927007,2.36627,721.1229,6.3912
23.94,0.0030886,997.215,4.179454,60.6486,14.5364,924.215,0.926806,2.36766,721.1082,6.3896
23.95,0.0030905,997.2125,4.179445,60.6505,14.537,924.0125,0.926605,2.36905,721.0935,6.388
23.96,0.0030924,997.21,4.179436,60.6524,14.5376,923.81,0.926404,2.37044,721.0788,6.3864
23.97,0.0030943,997.2075,4.179427,60.6543,14.5382,923.6075,0.926203,2.37183,721.0641,6.3848
23.98,0.0030962,997.205,4.179418,60.6562,14.5388,923.405,0.926002,2.37322,721.0494,6.3832
23.99,0.0030981,997.2025,4.179409,60.6581,14.5394,923.2025,0.925801,2.37461,721.0347,6.3816
24,0.0031,997.2,4.1794,60.66,14.54,923,0.9256,2.376,721.02,6.38
24.01,0.0031019,997.1975,4.179391,60.6619,14.5406,922.7975,0.925399,2.37739,721.0053,6.3784
24.02,0.0031038,997.195,4.179382,60.6638,14.5412,922.595,0.925198,2.37878,720.9906,6.3768
24.03,0.0031057,997.1925,4.179373,60.6657,14.5418,922.3925,0.924997,2.38017,720.9759,6.3752
24.04,0.0031076,997.19,4.179364,60.6676,14.5424,922.19,0.924796,2.38156,720.9612,6.3736
24.05,0.0031095,997.1875,4.179355,60.6695,14.543,921.9875,0.924595,2.38295,720.9465,6.372
24.06,0.0031114,997.185,4.179346,60.6714,14.5436,921.785,0.924394,2.38434,720.9318,6.3704
24.07,0.0031133,997.1825,4.179337,60.6733,14.5442,921.5825,0.924193,2.38573,720.9171,6.3688
24.08,0.0031152,997.18,4.179328,60.6752,14.5448,921.38,0.923992,2.38712,720.9024,6.3672
24.09,0.0031171,997.1775,4.179319,60.6771,14.5454,921.1775,0.923791,2.38851,720.8877,6.3656
24.1,0.003119,997.175,4.17931,60.679,14.546,920.975,0.92359,2.3899,720.873,6.364
24.11,0.0031209,997.1725,4.179301,60.6809,14.5466,920.7725,0.923389,2.39129,720.8583,6.3624
24.12,0.0031228,997.17,4.179292,60.6828,14.5472,920.57,0.923188,2.39268,720.8436,6.3608
24.13,0.0031247,997.1675,4.179283,60.6847,14.5478,920.3675,0.922987,2.39407,720.8289,6.3592
24.14,0.0031266,997.165,4.179274,60.6866,14.5484,920.165,0.922786,2.39546,720.8142,6.3576
24.15,0.0031285,997.1625,4.179265,60.6885,14.549,919.9625,0.922585,2.39685,720.7995,6.356
24.16,0.0031304,997.16,4.179256,60.6904,14.5496,919.76,0.922384,2.39824,720.7848,6.3544
24.17,0.0031323,997.1575,4.179247,60.6923,14.5502,919.5575,0.922183,2.39963,720.7701,6.3528
24.18,0.0031342,997.155,4.179238,60.6942,14.5508,919.355,0.921982,2.40102,720.7554,6.3512
24.19,0.0031361,997.1525,4.179229,60.6961,14.5514,919.1525,0.921781,2.40241,720.7407,6.3496
24.2,0.003138,997.15,4.17922,60.698,14.552,918.95,0.92158,2.4038,720.726,6.348
24.21,0.0031399,997.1475,4.179211,60.6999,14.5526,918.7475,0.921379,2.40519,720.7113,6.3464
24.22,0.0031418,997.145,4.179202,60.7018,14.5532,918.545,0.921178,2.40658,720.6966,6.3448
24.23,0.0031437,997.1425,4.179193,60.7037,14.5538,918.3425,0.920977,2.40797,720.6819,6.3432
24.24,0.0031456,997.14,4.179184,60.7056,14.5544,918.14,0.920776,2.40936,720.6672,6.3416
24.25,0.0031475,997.1375,4.179175,60.7075,14.555,917.9375,0.920575,2.41075,720.6525,6.34
24.26,0.0031494,997.135,4.179166,60.7094,14.5556,917.735,0.920374,2.41214,720.6378,6.3384
24.27,0.0031513,997.1325,4.179157,60.7113,14.5562,917.5325,0.920173,2.41353,720.6231,6.3368
24.28,0.0031532,997.13,4.179148,60.7132,14.5568,917.33,0.919972,2.41492,720.6084,6.3352
24.29,0.0031551,997.1275,4.179139,60.7151,14.5574,917.1275,0.919771,2.41631,720.5937,6.3336
24.3,0.003157,997.125,4.17913,60.717,14.558,916.925,0.91957,2.4177,720.579,6.332
24.31,0.0031589,997.1225,4.179121,60.7189,14.5586,916.7225,0.919369,2.41909,720.5643,6.3304
24.32,0.0031608,997.12,4.179112,60.7208,14.5592,916.52,0.919168,2.42048,720.5496,6.3288
24.33,0.0031627,997.1175,4.179103,60.7227,14.5598,916.3175,0.918967,2.42187,720.5349,6.3272
24.34,0.0031646,997.115,4.179094,60.7246,14.5604,916.115,0.918766,2.42326,720.5202,6.3256
24.35,0.0031665,997.1125,4.179085,60.7265,14.561,915.9125,0.918565,2.42465,720.5055,6.324
24.36,0.0031684,997.11,4.179076,60.7284,14.5616,915.71,0.918364,2.42604,720.4908,6.3224
24.37,0.0031703,997.1075,4.179067,60.7303,14.5622,915.5075,0.918163,2.42743,720.4761,6.3208
24.38,0.0031722,997.105,4.179058,60.7322,14.5628,915.305,0.917962,2.42882,720.4614,6.3192
24.39,0.0031741,997.1025,4.179049,60.7341,14.5634,915.1025,0.917761,2.43021,720.4467,6.3176
24.4,0.003176,997.1,4.17904,60.736,14.564,914.9,0.91756,2.4316,720.432,6.316
24.41,0.0031779,997.0975,4.179031,60.7379,14.5646,914.6975,0.917359,2.43299,720.4173,6.3144
24.42,0.0031798,997.095,4.179022,60.7398,14.5652,914.495,0.917158,2.43438,720.4026,6.3128
24.43,0.0031817,997.0925,4.179013,60.7417,14.5658,914.2925,0.916957,2.43577,720.3879,6.3112
24.44,0.0031836,997.09,4.179004,60.7436,14.5664,914.09,0.916756,2.43716,720.3732,6.3096
24.45,0.0031855,997.0875,4.178995,60.7455,14.567,913.8875,0.916555,2.43855,720.3585,6.308
24.46,0.0031874,997.085,4.178986,60.7474,14.5676,913.685,0.916354,2.43994,720.3438,6.3064
24.47,0.0031893,997.0825,4.178977,60.7493,14.5682,913.4825,0.916153,2.44133,720.3291,6.3048
24.48,0.0031912,997.08,4.178968,60.7512,14.5688,913.28,0.915952,2.44272,720.3144,6.3032
24.49,0.0031931,997.0775,4.178959,60.7531,14.5694,913.0775,0.915751,2.44411,720.2997,6.3016
24.5,0.003195,997.075,4.17895,60.755,14.57,912.875,0.91555,2.4455,720.285,6.3
24.51,0.0031969,997.0725,4.178941,60.7569,14.5706,912.6725,0.915349,2.44689,720.2703,6.2984
24.52,0.0031988,997.07,4.178932,60.7588,14.5712,912.47,0.915148,2.44828,720.2556,6.2968
24.53,0.0032007,997.0675,4.178923,60.7607,14.5718,912.2675,0.914947,2.44967,720.2409,6.2952
24.54,0.0032026,997.065,4.178914,60.7626,14.5724,912.065,0.914746,2.45106,720.2262,6.2936
24.55,0.0032045,997.0625,4.178905,60.7645,14.573,911.8625,0.914545,2.45245,720.2115,6.292
24.56,0.0032064,997.06,4.178896,60.7664,14.5736,911.66,0.914344,2.45384,720.1968,6.2904
24.57,0.0032083,997.0575,4.178887,60.7683,14.5742,911.4575,0.914143,2.45523,720.1821,6.2888
24.58,0.0032102,997.055,4.178878,60.7702,14.5748,911.255,0.913942,2.45662,720.1674,6.2872
24.59,0.0032121,997.0525,4.178869,60.7721,14.5754,911.0525,0.913741,2.45801,720.1527,6.2856
24.6,0.003214,997.05,4.17886,60.774,14.576,910.85,0.91354,2.4594,720.138,6.284
24.61,0.0032159,997.0475,4.178851,60.7759,14.5766,910.6475,0.913339,2.46079,720.1233,6.2824
24.62,0.0032178,997.045,4.178842,60.7778,14.5772,910.445,0.913138,2.46218,720.1086,6.2808
24.63,0.0032197,997.0425,4.178833,60.7797,14.5778,910.2425,0.912937,2.46357,720.0939,6.2792
24.64,0.0032216,997.04,4.178824,60.7816,14.5784,910.04,0.912736,2.46496,720.0792,6.2776
24.65,0.0032235,997.0375,4.178815,60.7835,14.579,909.8375,0.912535,2.46635,720.0645,6.276
24.66,0.0032254,997.035,4.178806,60.7854,14.5796,909.635,0.912334,2.46774,720.0498,6.2744
24.67,0.0032273,997.0325,4.178797,60.7873,14.5802,909.4325,0.912133,2.46913,720.0351,6.2728
24.68,0.0032292,997.03,4.178788,60.7892,14.5808,909.23,0.911932,2.47052,720.0204,6.2712
24.69,0.0032311,997.0275,4.178779,60.7911,14.5814,909.0275,0.911731,2.47191,720.0057,6.2696
24.7,0.003233,997.025,4.17877,60.793,14.582,908.825,0.91153,2.4733,719.991,6.268
24.71,0.0032349,997.0225,4.178761,60.7949,14.5826,908.6225,0.911329,2.47469,719.9763,6.2664
24.72,0.0032368,997.02,4.178752,60.7968,14.5832,908.42,0.911128,2.47608,719.9616,6.2648
24.73,0.0032387,997.0175,4.178743,60.7987,14.5838,908.2175,0.910927,2.47747,719.9469,6.2632
24.74,0.0032406,997.015,4.178734,60.8006,14.5844,908.015,0.910726,2.47886,719.9322,6.2616
24.75,0.0032425,997.0125,4.178725,60.8025,14.585,907.8125,0.910525,2.48025,719.9175,6.26
24.76,0.0032444,997.01,4.178716,60.8044,14.5856,907.61,0.910324,2.48164,719.9028,6.2584
24.77,0.0032463,997.0075,4.178707,60.8063,14.5862,907.4075,0.910123,2.48303,719.8881,6.2568
24.78,0.0032482,997.005,4.178698,60.8082,14.5868,907.205,0.909922,2.48442,719.8734,6.2552
24.79,0.0032501,997.0025,4.178689,60.8101,14.5874,907.0025,0.909721,2.48581,719.8587,6.2536
24.8,0.003252,997,4.17868,60.812,14.588,906.8,0.90952,2.4872,719.844,6.252
24.81,0.0032539,996.9975,4.178671,60.8139,14.5886,906.5975,0.909319,2.48859,719.8293,6.2504
24.82,0.0032558,996.995,4.178662,60.8158,14.5892,906.395,0.909118,2.48998,719.8146,6.2488
24.83,0.0032577,996.9925,4.178653,60.8177,14.5898,906.1925,0.908917,2.49137,719.7999,6.2472
24.84,0.0032596,996.99,4.178644,60.8196,14.5904,905.99,0.908716,2.49276,719.7852,6.2456
24.85,0.0032615,996.9875,4.178635,60.8215,14.591,905.7875,0.908515,2.49415,719.7705,6.244
24.86,0.0032634,996.985,4.178626,60.8234,14.5916,905.585,0.908314,2.49554,719.7558,6.2424
24.87,0.0032653,996.9825,4.178617,60.8253,14.5922,905.3825,0.908113,2.49693,719.7411,6.2408
24.88,0.0032672,996.98,4.178608,60.8272,14.5928,905.18,0.907912,2.49832,719.7264,6.2392
24.89,0.0032691,996.9775,4.178599,60.8291,14.5934,904.9775,0.907711,2.49971,719.7117,6.2376
24.9,0.003271,996.975,4.17859,60.831,14.594,904.775,0.90751,2.5011,719.697,6.236
24.91,0.0032729,996.9725,4.178581,60.8329,14.5946,904.5725,0.907309,2.50249,719.6823,6.2344
24.92,0.0032748,996.97,4.178572,60.8348,14.5952,904.37,0.907108,2.50388,719.6676,6.2328
24.93,0.0032767,996.9675,4.178563,60.8367,14.5958,904.1675,0.906907,2.50527,719.6529,6.2312
24.94,0.0032786,996.965,4.178554,60.8386,14.5964,903.965,0.906706,2.50666,719.6382,6.2296
24.95,0.0032805,996.9625,4.178545,60.8405,14.597,903.7625,0.906505,2.50805,719.6235,6.228
24.96,0.0032824,996.96,4.178536,60.8424,14.5976,903.56,0.906304,2.50944,719.6088,6.2264
24.97,0.0032843,996.9575,4.178527,60.8443,14.5982,903.3575,0.906103,2.51083,719.5941,6.2248
24.98,0.0032862,996.955,4.178518,60.8462,14.5988,903.155,0.905902,2.51222,719.5794,6.2232
24.99,0.0032881,996.9525,4.178509,60.8481,14.5994,902.9525,0.905701,2.51361,719.5647,6.2216
25,0.00329,996.95,4.1785,60.85,14.6,902.75,0.9055,2.515,719.55,6.22
25.01,0.0032919,996.9475,4.178491,60.8519,14.6006,902.5475,0.905299,2.51639,719.5353,6.2184
25.02,0.0032938,996.945,4.178482,60.8538,14.6012,902.345,0.905098,2.51778,719.5206,6.2168
25.03,0.0032957,996.9425,4.178473,60.8557,14.6018,902.1425,0.904897,2.51917,719.5059,6.2152
25.04,0.0032976,996.94,4.178464,60.8576,14.6024,901.94,0.904696,2.52056,719.4912,6.2136
25.05,0.0032995,996.9375,4.178455,60.8595,14.603,901.7375,0.904495,2.52195,719.4765,6.212
25.06,0.0033014,996.935,4.178446,60.8614,14.6036,901.535,0.904294,2.52334,719.4618,6.2104
25.07,0.0033033,996.9325,4.178437,60.8633,14.6042,901.3325,0.904093,2.52473,719.4471,6.2088
25.08,0.0033052,996.93,4.178428,60.8652,14.6048,901.13,0.903892,2.52612,719.4324,6.2072
25.09,0.0033071,996.9275,4.178419,60.8671,14.6054,900.9275,0.903691,2.52751,719.4177,6.2056
25.1,0.003309,996.925,4.17841,60.869,14.606,900.725,0.90349,2.5289,719.403,6.204
25.11,0.0033109,996.9225,4.178401,60.8709,14.6066,900.5225,0.903289,2.53029,719.3883,6.2024
25.12,0.0033128,996.92,4.178392,60.8728,14.6072,900.32,0.903088,2.53168,719.3736,6.2008
25.13,0.0033147,996.9175,4.178383,60.8747,14.6078,900.1175,0.902887,2.53307,719.3589,6.1992
25.14,0.0033166,996.915,4.178374,60.8766,14.6084,899.915,0.902686,2.53446,719.3442,6.1976
25.15,0.0033185,996.9125,4.178365,60.8785,14.609,899.7125,0.902485,2.53585,719.3295,6.196
25.16,0.0033204,996.91,4.178356,60.8804,14.6096,899.51,0.902284,2.53724,719.3148,6.1944
25.17,0.0033223,996.9075,4.178347,60.8823,14.6102,899.3075,0.902083,2.53863,719.3001,6.1928
25.18,0.0033242,996.905,4.178338,60.8842,14.6108,899.105,0.901882,2.54002,719.2854,6.1912
25.19,0.0033261,996.9025,4.178329,60.8861,14.6114,898.9025,0.901681,2.54141,719.2707,6.1896
25.2,0.003328,996.9,4.17832,60.888,14.612,898.7,0.90148,2.5428,719.256,6.188
25.21,0.0033299,996.8975,4.178311,60.8899,14.6126,898.4975,0.901279,2.54419,719.2413,6.1864
25.22,0.0033318,996.895,4.178302,60.8918,14.6132,898.295,0.901078,2.54558,719.2266,6.1848
25.23,0.0033337,996.8925,4.178293,60.8937,14.6138,898.0925,0.900877,2.54697,719.2119,6.1832
25.24,0.0033356,996.89,4.178284,60.8956,14.6144,897.89,0.900676,2.54836,719.1972,6.1816
25.25,0.0033375,996.8875,4.178275,60.8975,14.615,897.6875,0.900475,2.54975,719.1825,6.18
25.26,0.0033394,996.885,4.178266,60.8994,14.6156,897.485,0.900274,2.55114,719.1678,6.1784
25.27,0.0033413,996.8825,4.178257,60.9013,14.6162,897.2825,0.900073,2.55253,719.1531,6.1768
25.28,0.0033432,996.88,4.178248,60.9032,14.6168,897.08,0.899872,2.55392,719.1384,6.1752
25.29,0.0033451,996.8775,4.178239,60.9051,14.6174,896.8775,0.899671,2.55531,719.1237,6.1736
25.3,0.003347,996.875,4.17823,60.907,14.618,896.675,0.89947,2.5567,719.109,6.172
25.31,0.0033489,996.8725,4.178221,60.9089,14.6186,896.4725,0.899269,2.55809,719.0943,6.1704
25.32,0.0033508,996.87,4.178212,60.9108,14.6192,896.27,0.899068,2.55948,719.0796,6.1688
25.33,0.0033527,996.8675,4.178203,60.9127,14.6198,896.0675,0.898867,2.56087,719.0649,6.1672
25.34,0.0033546,996.865,4.178194,60.9146,14.6204,895.865,0.898666,2.56226,719.0502,6.1656
25.35,0.0033565,996.8625,4.178185,60.9165,14.621,895.6625,0.898465,2.56365,719.0355,6.164
25.36,0.0033584,996.86,4.178176,60.9184,14.6216,895.46,0.898264,2.56504,719.0208,6.1624
25.37,0.0033603,996.8575,4.178167,60.9203,14.6222,895.2575,0.898063,2.56643,719.0061,6.1608
25.38,0.0033622,996.855,4.178158,60.9222,14.6228,895.055,0.897862,2.56782,718.9914,6.1592
25.39,0.0033641,996.8525,4.178149,60.9241,14.6234,894.8525,0.897661,2.56921,718.9767,6.1576
25.4,0.003366,996.85,4.17814,60.926,14.624,894.65,0.89746,2.5706,718.962,6.156
25.41,0.0033679,996.8475,4.178131,60.9279,14.6246,894.4475,0.897259,2.57199,718.9473,6.1544
25.42,0.0033698,996.845,4.178122,60.9298,14.6252,894.245,0.897058,2.57338,718.9326,6.1528
25.43,0.0033717,996.8425,4.178113,60.9317,14.6258,894.0425,0.896857,2.57477,718.9179,6.1512
25.44,0.0033736,996.84,4.178104,60.9336,14.6264,893.84,0.896656,2.57616,718.9032,6.1496
25.45,0.0033755,996.8375,4.178095,60.9355,14.627,893.6375,0.896455,2.57755,718.8885,6.148
25.46,0.0033774,996.835,4.178086,60.9374,14.6276,893.435,0.896254,2.57894,718.8738,6.1464
25.47,0.0033793,996.8325,4.178077,60.9393,14.6282,893.2325,0.896053,2.58033,718.8591,6.1448
25.48,0.0033812,996.83,4.178068,60.9412,14.6288,893.03,0.895852,2.58172,718.8444,6.1432
25.49,0.0033831,996.8275,4.178059,60.9431,14.6294,892.8275,0.895651,2.58311,718.8297,6.1416
25.5,0.003385,996.825,4.17805,60.945,14.63,892.625,0.89545,2.5845,718.815,6.14
25.51,0.0033869,996.8225,4.178041,60.9469,14.6306,892.4225,0.895249,2.58589,718.8003,6.1384
25.52,0.0033888,996.82,4.178032,60.9488,14.6312,892.22,0.895048,2.58728,718.7856,6.1368
25.53,0.0033907,996.8175,4.178023,60.9507,14.6318,892.0175,0.894847,2.58867,718.7709,6.1352
25.54,0.0033926,996.815,4.178014,60.9526,14.6324,891.815,0.894646,2.59006,718.7562,6.1336
25.55,0.0033945,996.8125,4.178005,60.9545,14.633,891.6125,0.894445,2.59145,718.7415,6.132
25.56,0.0033964,996.81,4.177996,60.9564,14.6336,891.41,0.894244,2.59284,718.7268,6.1304
25.57,0.0033983,996.8075,4.177987,60.9583,14.6342,891.2075,0.894043,2.59423,718.7121,6.1288
25.58,0.0034002,996.805,4.177978,60.9602,14.6348,891.005,0.893842,2.59562,718.6974,6.1272
25.59,0.0034021,996.8025,4.177969,60.9621,14.6354,890.8025,0.893641,2.59701,718.6827,6.1256
25.6,0.003404,996.8,4.17796,60.964,14.636,890.6,0.89344,2.5984,718.668,6.124
25.61,0.0034059,996.7975,4.177951,60.9659,14.6366,890.3975,0.893239,2.59979,718.6533,6.1224
25.62,0.0034078,996.795,4.177942,60.9678,14.6372,890.195,0.893038,2.60118,718.6386,6.1208
25.63,0.0034097,996.7925,4.177933,60.9697,14.6378,889.9925,0.892837,2.60257,718.6239,6.1192
25.64,0.0034116,996.79,4.177924,60.9716,14.6384,889.79,0.892636,2.60396,718.6092,6.1176
25.65,0.0034135,996.7875,4.177915,60.9735,14.639,889.5875,0.892435,2.60535,718.5945,6.116
25.66,0.0034154,996.785,4.177906,60.9754,14.6396,889.385,0.892234,2.60674,718.5798,6.1144
25.67,0.0034173,996.7825,4.177897,60.9773,14.6402,889.1825,0.892033,2.60813,718.5651,6.1128
25.68,0.0034192,996.78,4.177888,60.9792,14.6408,888.98,0.891832,2.60952,718.5504,6.1112
25.69,0.0034211,996.7775,4.177879,60.9811,14.6414,888.7775,0.891631,2.61091,718.5357,6.1096
25.7,0.003423,996.775,4.17787,60.983,14.642,888.575,0.89143,2.6123,718.521,6.108
25.71,0.0034249,996.7725,4.177861,60.9849,14.6426,888.3725,0.891229,2.61369,718.5063,6.1064
25.72,0.0034268,996.77,4.177852,60.9868,14.6432,888.17,0.891028,2.61508,718.4916,6.1048
25.73,0.0034287,996.7675,4.177843,60.9887,14.6438,887.9675,0.890827,2.61647,718.4769,6.1032
25.74,0.0034306,996.765,4.177834,60.9906,14.6444,887.765,0.890626,2.61786,718.4622,6.1016
25.75,0.0034325,996.7625,4.177825,60.9925,14.645,887.5625,0.890425,2.61925,718.4475,6.1
25.76,0.0034344,996.76,4.177816,60.9944,14.6456,887.36,0.890224,2.62064,718.4328,6.0984
25.77,0.0034363,996.7575,4.177807,60.9963,14.6462,887.1575,0.890023,2.62203,718.4181,6.0968
25.78,0.0034382,996.755,4.177798,60.9982,14.6468,886.955,0.889822,2.62342,718.4034,6.0952
25.79,0.0034401,996.7525,4.177789,61.0001,14.6474,886.7525,0.889621,2.62481,718.3887,6.0936
25.8,0.003442,996.75,4.17778,61.002,14.648,886.55,0.88942,2.6262,718.374,6.092
25.81,0.0034439,996.7475,4.177771,61.0039,14.6486,886.3475,0.889219,2.62759,718.3593,6.0904
25.82,0.0034458,996.745,4.177762,61.0058,14.6492,886.145,0.889018,2.62898,718.3446,6.0888
25.83,0.0034477,996.7425,4.177753,61.0077,14.6498,885.9425,0.888817,2.63037,718.3299,6.0872
25.84,0.0034496,996.74,4.177744,61.0096,14.6504,885.74,0.888616,2.63176,718.3152,6.0856
25.85,0.0034515,996.7375,4.177735,61.0115,14.651,885.5375,0.888415,2.63315,718.3005,6.084
25.86,0.0034534,996.735,4.177726,61.0134,14.6516,885.335,0.888214,2.63454,718.2858,6.0824
25.87,0.0034553,996.7325,4.177717,61.0153,14.6522,885.1325,0.888013,2.63593,718.2711,6.0808
25.88,0.0034572,996.73,4.177708,61.0172,14.6528,884.93,0.887812,2.63732,718.2564,6.0792
25.89,0.0034591,996.7275,4.177699,61.0191,14.6534,884.7275,0.887611,2.63871,718.2417,6.0776
25.9,0.003461,996.725,4.17769,61.021,14.654,884.525,0.88741,2.6401,718.227,6.076
25.91,0.0034629,996.7225,4.177681,61.0229,14.6546,884.3225,0.887209,2.64149,718.2123,6.0744
25.92,0.0034648,996.72,4.177672,61.0248,14.6552,884.12,0.887008,2.64288,718.1976,6.0728
25.93,0.0034667,996.7175,4.177663,61.0267,14.6558,883.9175,0.886807,2.64427,718.1829,6.0712
25.94,0.0034686,996.715,4.177654,61.0286,14.6564,883.715,0.886606,2.64566,718.1682,6.0696
25.95,0.0034705,996.7125,4.177645,61.0305,14.657,883.5125,0.886405,2.64705,718.1535,6.068
25.96,0.0034724,996.71,4.177636,61.0324,14.6576,883.31,0.886204,2.64844,718.1388,6.0664
25.97,0.0034743,996.7075,4.177627,61.0343,14.6582,883.1075,0.886003,2.64983,718.1241,6.0648
25.98,0.0034762,996.705,4.177618,61.0362,14.6588,882.905,0.885802,2.65122,718.1094,6.0632
25.99,0.0034781,996.7025,4.177609,61.0381,14.6594,882.7025,0.885601,2.65261,718.0947,6.0616
26,0.00348,996.7,4.1776,61.04,14.66,882.5,0.8854,2.654,718.08,6.06
26.01,0.0034819,996.6975,4.177591,61.0419,14.6606,882.2975,0.885199,2.65539,718.0653,6.0584
26.02,0.0034838,996.695,4.177582,61.0438,14.6612,882.095,0.884998,2.65678,718.0506,6.0568
26.03,0.0034857,996.6925,4.177573,61.0457,14.6618,881.8925,0.884797,2.65817,718.0359,6.0552
26.04,0.0034876,996.69,4.177564,61.0476,14.6624,881.69,0.884596,2.65956,718.0212,6.0536
26.05,0.0034895,996.6875,4.177555,61.0495,14.663,881.4875,0.884395,2.66095,718.0065,6.052
26.06,0.0034914,996.685,4.177546,61.0514,14.6636,881.285,0.884194,2.66234,717.9918,6.0504
26.07,0.0034933,996.6825,4.177537,61.0533,14.6642,881.0825,0.883993,2.66373,717.9771,6.0488
26.08,0.0034952,996.68,4.177528,61.0552,14.6648,880.88,0.883792,2.66512,717.9624,6.0472
26.09,0.0034971,996.6775,4.177519,61.0571,14.6654,880.6775,0.883591,2.66651,717.9477,6.0456
26.1,0.003499,996.675,4.17751,61.059,14.666,880.475,0.88339,2.6679,717.933,6.044
26.11,0.0035009,996.6725,4.177501,61.0609,14.6666,880.2725,0.883189,2.66929,717.9183,6.0424
26.12,0.0035028,996.67,4.177492,61.0628,14.6672,880.07,0.882988,2.67068,717.9036,6.0408
26.13,0.0035047,996.6675,4.177483,61.0647,14.6678,879.8675,0.882787,2.67207,717.8889,6.0392
26.14,0.0035066,996.665,4.177474,61.0666,14.6684,879.665,0.882586,2.67346,717.8742,6.0376
26.15,0.0035085,996.6625,4.177465,61.0685,14.669,879.4625,0.882385,2.67485,717.8595,6.036
26.16,0.0035104,996.66,4.177456,61.0704,14.6696,879.26,0.882184,2.67624,717.8448,6.0344
26.17,0.0035123,996.6575,4.177447,61.0723,14.6702,879.0575,0.881983,2.67763,717.8301,6.0328
26.18,0.0035142,996.655,4.177438,61.0742,14.6708,878.855,0.881782,2.67902,717.8154,6.0312
26.19,0.0035161,996.6525,4.177429,61.0761,14.6714,878.6525,0.881581,2.68041,717.8007,6.0296
26.2,0.003518,996.65,4.17742,61.078,14.672,878.45,0.88138,2.6818,717.786,6.028
26.21,0.0035199,996.6475,4.177411,61.0799,14.6726,878.2475,0.881179,2.68319,717.7713,6.0264
26.22,0.0035218,996.645,4.177402,61.0818,14.6732,878.045,0.880978,2.68458,717.7566,6.0248
26.23,0.0035237,996.6425,4.177393,61.0837,14.6738,877.8425,0.880777,2.68597,717.7419,6.0232
26.24,0.0035256,996.64,4.177384,61.0856,14.6744,877.64,0.880576,2.68736,717.7272,6.0216
26.25,0.0035275,996.6375,4.177375,61.0875,14.675,877.4375,0.880375,2.68875,717.7125,6.02
26.26,0.0035294,996.635,4.177366,61.0894,14.6756,877.235,0.880174,2.69014,717.6978,6.0184
26.27,0.0035313,996.6325,4.177357,61.0913,14.6762,877.0325,0.879973,2.69153,717.6831,6.0168
26.28,0.0035332,996.63,4.177348,61.0932,14.6768,876.83,0.879772,2.69292,717.6684,6.0152
26.29,0.0035351,996.6275,4.177339,61.0951,14.6774,876.6275,0.879571,2.69431,717.6537,6.0136
26.3,0.003537,996.625,4.17733,61.097,14.678,876.425,0.87937,2.6957,717.639,6.012
26.31,0.0035389,996.6225,4.177321,61.0989,14.6786,876.2225,0.879169,2.69709,717.6243,6.0104
26.32,0.0035408,996.62,4.177312,61.1008,14.6792,876.02,0.878968,2.69848,717.6096,6.0088
26.33,0.0035427,996.6175,4.177303,61.1027,14.6798,875.8175,0.878767,2.69987,717.5949,6.0072
26.34,0.0035446,996.615,4.177294,61.1046,14.6804,875.615,0.878566,2.70126,717.5802,6.0056
26.35,0.0035465,996.6125,4.177285,61.1065,14.681,875.4125,0.878365,2.70265,717.5655,6.004
26.36,0.0035484,996.61,4.177276,61.1084,14.6816,875.21,0.878164,2.70404,717.5508,6.0024
26.37,0.0035503,996.6075,4.177267,61.1103,14.6822,875.0075,0.877963,2.70543,717.5361,6.0008
26.38,0.0035522,996.605,4.177258,61.1122,14.6828,874.805,0.877762,2.70682,717.5214,5.9992
26.39,0.0035541,996.6025,4.177249,61.1141,14.6834,874.6025,0.877561,2.70821,717.5067,5.9976
26.4,0.003556,996.6,4.17724,61.116,14.684,874.4,0.87736,2.7096,717.492,5.996
26.41,0.0035579,996.5975,4.177231,61.1179,14.6846,874.1975,0.877159,2.71099,717.4773,5.9944
26.42,0.0035598,996.595,4.177222,61.1198,14.6852,873.995,0.876958,2.71238,717.4626,5.9928
26.43,0.0035617,996.5925,4.177213,61.1217,14.6858,873.7925,0.876757,2.71377,717.4479,5.9912
26.44,0.0035636,996.59,4.177204,61.1236,14.6864,873.59,0.876556,2.71516,717.4332,5.9896
26.45,0.0035655,996.5875,4.177195,61.1255,14.687,873.3875,0.876355,2.71655,717.4185,5.988
26.46,0.0035674,996.585,4.177186,61.1274,14.6876,873.185,0.876154,2.71794,717.4038,5.9864
26.47,0.0035693,996.5825,4.177177,61.1293,14.6882,872.9825,0.875953,2.71933,717.3891,5.9848
26.48,0.0035712,996.58,4.177168,61.1312,14.6888,872.78,0.875752,2.72072,717.3744,5.9832
26.49,0.0035731,996.5775,4.177159,61.1331,14.6894,872.5775,0.875551,2.72211,717.3597,5.9816
26.5,0.003575,996.575,4.17715,61.135,14.69,872.375,0.87535,2.7235,717.345,5.98
26.51,0.0035769,996.5725,4.177141,61.1369,14.6906,872.1725,0.875149,2.72489,717.3303,5.9784
26.52,0.0035788,996.57,4.177132,61.1388,14.6912,871.97,0.874948,2.72628,717.3156,5.9768
26.53,0.0035807,996.5675,4.177123,61.1407,14.6918,871.7675,0.874747,2.72767,717.3009,5.9752
26.54,0.0035826,996.565,4.177114,61.1426,14.6924,871.565,0.874546,2.72906,717.2862,5.9736
26.55,0.0035845,996.5625,4.177105,61.1445,14.693,871.3625,0.874345,2.73045,717.2715,5.972
26.56,0.0035864,996.56,4.177096,61.1464,14.6936,871.16,0.874144,2.73184,717.2568,5.9704
26.57,0.0035883,996.5575,4.177087,61.1483,14.6942,870.9575,0.873943,2.73323,717.2421,5.9688
26.58,0.0035902,996.555,4.177078,61.1502,14.6948,870.755,0.873742,2.73462,717.2274,5.9672
26.59,0.0035921,996.5525,4.177069,61.1521,14.6954,870.5525,0.873541,2.73601,717.2127,5.9656
26.6,0.003594,996.55,4.17706,61.154,14.696,870.35,0.87334,2.7374,717.198,5.964
26.61,0.0035959,996.5475,4.177051,61.1559,14.6966,870.1475,0.873139,2.73879,717.1833,5.9624
26.62,0.0035978,996.545,4.177042,61.1578,14.6972,869.945,0.872938,2.74018,717.1686,5.9608
26.63,0.0035997,996.5425,4.177033,61.1597,14.6978,869.7425,0.872737,2.74157,717.1539,5.9592
26.64,0.0036016,996.54,4.177024,61.1616,14.6984,869.54,0.872536,2.74296,717.1392,5.9576
26.65,0.0036035,996.5375,4.177015,61.1635,14.699,869.3375,0.872335,2.74435,717.1245,5.956
26.66,0.0036054,996.535,4.177006,61.1654,14.6996,869.135,0.872134,2.74574,717.1098,5.9544
26.67,0.0036073,996.5325,4.176997,61.1673,14.7002,868.9325,0.871933,2.74713,717.0951,5.9528
26.68,0.0036092,996.53,4.176988,61.1692,14.7008,868.73,0.871732,2.74852,717.0804,5.9512
26.69,0.0036111,996.5275,4.176979,61.1711,14.7014,868.5275,0.871531,2.74991,717.0657,5.9496
26.7,0.003613,996.525,4.17697,61.173,14.702,868.325,0.87133,2.7513,717.051,5.948
26.71,0.0036149,996.5225,4.176961,61.1749,14.7026,868.1225,0.871129,2.75269,717.0363,5.9464
26.72,0.0036168,996.52,4.176952,61.1768,14.7032,867.92,0.870928,2.75408,717.0216,5.9448
26.73,0.0036187,996.5175,4.176943,61.1787,14.7038,867.7175,0.870727,2.75547,717.0069,5.9432
26.74,0.0036206,996.515,4.176934,61.1806,14.7044,867.515,0.870526,2.75686,716.9922,5.9416
26.75,0.0036225,996.5125,4.176925,61.1825,14.705,867.3125,0.870325,2.75825,716.9775,5.94
26.76,0.0036244,996.51,4.176916,61.1844,14.7056,867.11,0.870124,2.75964,716.9628,5.9384
26.77,0.0036263,996.5075,4.176907,61.1863,14.7062,866.9075,0.869923,2.76103,716.9481,5.9368
26.78,0.0036282,996.505,4.176898,61.1882,14.7068,866.705,0.869722,2.76242,716.9334,5.9352
26.79,0.0036301,996.5025,4.176889,61.1901,14.7074,866.5025,0.869521,2.76381,716.9187,5.9336
26.8,0.003632,996.5,4.17688,61.192,14.708,866.3,0.86932,2.7652,716.904,5.932
26.81,0.0036339,996.4975,4.176871,61.1939,14.7086,866.0975,0.869119,2.76659,716.8893,5.9304
26.82,0.0036358,996.495,4.176862,61.1958,14.7092,865.895,0.868918,2.76798,716.8746,5.9288
26.83,0.0036377,996.4925,4.176853,61.1977,14.7098,865.6925,0.868717,2.76937,716.8599,5.9272
26.84,0.0036396,996.49,4.176844,61.1996,14.7104,865.49,0.868516,2.77076,716.8452,5.9256
26.85,0.0036415,996.4875,4.176835,61.2015,14.711,865.2875,0.868315,2.77215,716.8305,5.924
26.86,0.0036434,996.485,4.176826,61.2034,14.7116,865.085,0.868114,2.77354,716.8158,5.9224
26.87,0.0036453,996.4825,4.176817,61.2053,14.7122,864.8825,0.867913,2.77493,716.8011,5.9208
26.88,0.0036472,996.48,4.176808,61.2072,14.7128,864.68,0.867712,2.77632,716.7864,5.9192
26.89,0.0036491,996.4775,4.176799,61.2091,14.7134,864.4775,0.867511,2.77771,716.7717,5.9176
26.9,0.003651,996.475,4.17679,61.211,14.714,864.275,0.86731,2.7791,716.757,5.916
26.91,0.0036529,996.4725,4.176781,61.2129,14.7146,864.0725,0.867109,2.78049,716.7423,5.9144
26.92,0.0036548,996.47,4.176772,61.2148,14.7152,863.87,0.866908,2.78188,716.7276,5.9128
26.93,0.0036567,996.4675,4.176763,61.2167,14.7158,863.6675,0.866707,2.78327,716.7129,5.9112
26.94,0.0036586,996.465,4.176754,61.2186,14.7164,863.465,0.866506,2.78466,716.6982,5.9096
26.95,0.0036605,996.4625,4.176745,61.2205,14.717,863.2625,0.866305,2.78605,716.6835,5.908
26.96,0.0036624,996.46,4.176736,61.2224,14.7176,863.06,0.866104,2.78744,716.6688,5.9064
26.97,0.0036643,996.4575,4.176727,61.2243,14.7182,862.8575,0.865903,2.78883,716.6541,5.9048
26.98,0.0036662,996.455,4.176718,61.2262,14.7188,862.655,0.865702,2.79022,716.6394,5.9032
26.99,0.0036681,996.4525,4.176709,61.2281,14.7194,862.4525,0.865501,2.79161,716.6247,5.9016
27,0.00367,996.45,4.1767,61.23,14.72,862.25,0.8653,2.793,716.61,5.9
27.01,0.0036719,996.4475,4.176691,61.2319,14.7206,862.0475,0.865099,2.79439,716.5953,5.8984
27.02,0.0036738,996.445,4.176682,61.2338,14.7212,861.845,0.864898,2.79578,716.5806,5.8968
27.03,0.0036757,996.4425,4.176673,61.2357,14.7218,861.6425,0.864697,2.79717,716.5659,5.8952
27.04,0.0036776,996.44,4.176664,61.2376,14.7224,861.44,0.864496,2.79856,716.5512,5.8936
27.05,0.0036795,996.4375,4.176655,61.2395,14.723,861.2375,0.864295,2.79995,716.5365,5.892
27.06,0.0036814,996.435,4.176646,61.2414,14.7236,861.035,0.864094,2.80134,716.5218,5.8904
27.07,0.0036833,996.4325,4.176637,61.2433,14.7242,860.8325,0.863893,2.80273,716.5071,5.8888
27.08,0.0036852,996.43,4.176628,61.2452,14.7248,860.63,0.863692,2.80412,716.4924,5.8872
27.09,0.0036871,996.4275,4.176619,61.2471,14.7254,860.4275,0.863491,2.80551,716.4777,5.8856
27.1,0.003689,996.425,4.17661,61.249,14.726,860.225,0.86329,2.8069,716.463,5.884
27.11,0.0036909,996.4225,4.176601,61.2509,14.7266,860.0225,0.863089,2.80829,716.4483,5.8824
27.12,0.0036928,996.42,4.176592,61.2528,14.7272,859.82,0.862888,2.80968,716.4336,5.8808
27.13,0.0036947,996.4175,4.176583,61.2547,14.7278,859.6175,0.862687,2.81107,716.4189,5.8792
27.14,0.0036966,996.415,4.176574,61.2566,14.7284,859.415,0.862486,2.81246,716.4042,5.8776
27.15,0.0036985,996.4125,4.176565,61.2585,14.729,859.2125,0.862285,2.81385,716.3895,5.876
27.16,0.0037004,996.41,4.176556,61.2604,14.7296,859.01,0.862084,2.81524,716.3748,5.8744
27.17,0.0037023,996.4075,4.176547,61.2623,14.7302,858.8075,0.861883,2.81663,716.3601,5.8728
27.18,0.0037042,996.405,4.176538,61.2642,14.7308,858.605,0.861682,2.81802,716.3454,5.8712
27.19,0.0037061,996.4025,4.176529,61.2661,14.7314,858.4025,0.861481,2.81941,716.3307,5.8696
27.2,0.003708,996.4,4.17652,61.268,14.732,858.2,0.86128,2.8208,716.316,5.868
27.21,0.0037099,996.3975,4.176511,61.2699,14.7326,857.9975,0.861079,2.82219,716.3013,5.8664
27.22,0.0037118,996.395,4.176502,61.2718,14.7332,857.795,0.860878,2.82358,716.2866,5.8648
27.23,0.0037137,996.3925,4.176493,61.2737,14.7338,857.5925,0.860677,2.82497,716.2719,5.8632
27.24,0.0037156,996.39,4.176484,61.2756,14.7344,857.39,0.860476,2.82636,716.2572,5.8616
27.25,0.0037175,996.3875,4.176475,61.2775,14.735,857.1875,0.860275,2.82775,716.2425,5.86
27.26,0.0037194,996.385,4.176466,61.2794,14.7356,856.985,0.860074,2.82914,716.2278,5.8584
27.27,0.0037213,996.3825,4.176457,61.2813,14.7362,856.7825,0.859873,2.83053,716.2131,5.8568
27.28,0.0037232,996.38,4.176448,61.2832,14.7368,856.58,0.859672,2.83192,716.1984,5.8552
27.29,0.0037251,996.3775,4.176439,61.2851,14.7374,856.3775,0.859471,2.83331,716.1837,5.8536
27.3,0.003727,996.375,4.17643,61.287,14.738,856.175,0.85927,2.8347,716.169,5.852
27.31,0.0037289,996.3725,4.176421,61.2889,14.7386,855.9725,0.859069,2.83609,716.1543,5.8504
27.32,0.0037308,996.37,4.176412,61.2908,14.7392,855.77,0.858868,2.83748,716.1396,5.8488
27.33,0.0037327,996.3675,4.176403,61.2927,14.7398,855.5675,0.858667,2.83887,716.1249,5.8472
27.34,0.0037346,996.365,4.176394,61.2946,14.7404,855.365,0.858466,2.84026,716.1102,5.8456
27.35,0.0037365,996.3625,4.176385,61.2965,14.741,855.1625,0.858265,2.84165,716.0955,5.844
27.36,0.0037384,996.36,4.176376,61.2984,14.7416,854.96,0.858064,2.84304,716.0808,5.8424
27.37,0.0037403,996.3575,4.176367,61.3003,14.7422,854.7575,0.857863,2.84443,716.0661,5.8408
27.38,0.0037422,996.355,4.176358,61.3022,14.7428,854.555,0.857662,2.84582,716.0514,5.8392
27.39,0.0037441,996.3525,4.176349,61.3041,14.7434,854.3525,0.857461,2.84721,716.0367,5.8376
27.4,0.003746,996.35,4.17634,61.306,14.744,854.15,0.85726,2.8486,716.022,5.836
27.41,0.0037479,996.3475,4.176331,61.3079,14.7446,853.9475,0.857059,2.84999,716.0073,5.8344
27.42,0.0037498,996.345,4.176322,61.3098,14.7452,853.745,0.856858,2.85138,715.9926,5.8328
27.43,0.0037517,996.3425,4.176313,61.3117,14.7458,853.5425,0.856657,2.85277,715.9779,5.8312
27.44,0.0037536,996.34,4.176304,61.3136,14.7464,853.34,0.856456,2.85416,715.9632,5.8296
27.45,0.0037555,996.3375,4.176295,61.3155,14.747,853.1375,0.856255,2.85555,715.9485,5.828
27.46,0.0037574,996.335,4.176286,61.3174,14.7476,852.935,0.856054,2.85694,715.9338,5.8264
27.47,0.0037593,996.3325,4.176277,61.3193,14.7482,852.7325,0.855853,2.85833,715.9191,5.8248
27.48,0.0037612,996.33,4.176268,61.3212,14.7488,852.53,0.855652,2.85972,715.9044,5.8232
27.49,0.0037631,996.3275,4.176259,61.3231,14.7494,852.3275,0.855451,2.86111,715.8897,5.8216
27.5,0.003765,996.325,4.17625,61.325,14.75,852.125,0.85525,2.8625,715.875,5.82
27.51,0.0037669,996.3225,4.176241,61.3269,14.7506,851.9225,0.855049,2.86389,715.8603,5.8184
27.52,0.0037688,996.32,4.176232,61.3288,14.7512,851.72,0.854848,2.86528,715.8456,5.8168
27.53,0.0037707,996.3175,4.176223,61.3307,14.7518,851.5175,0.854647,2.86667,715.8309,5.8152
27.54,0.0037726,996.315,4.176214,61.3326,14.7524,851.315,0.854446,2.86806,715.8162,5.8136
27.55,0.0037745,996.3125,4.176205,61.3345,14.753,851.1125,0.854245,2.86945,715.8015,5.812
27.56,0.0037764,996.31,4.176196,61.3364,14.7536,850.91,0.854044,2.87084,715.7868,5.8104
27.57,0.0037783,996.3075,4.176187,61.3383,14.7542,850.7075,0.853843,2.87223,715.7721,5.8088
27.58,0.0037802,996.305,4.176178,61.3402,14.7548,850.505,0.853642,2.87362,715.7574,5.8072
27.59,0.0037821,996.3025,4.176169,61.3421,14.7554,850.3025,0.853441,2.87501,715.7427,5.8056
27.6,0.003784,996.3,4.17616,61.344,14.756,850.1,0.85324,2.8764,715.728,5.804
27.61,0.0037859,996.2975,4.176151,61.3459,14.7566,849.8975,0.853039,2.87779,715.7133,5.8024
27.62,0.0037878,996.295,4.176142,61.3478,14.7572,849.695,0.852838,2.87918,715.6986,5.8008
27.63,0.0037897,996.2925,4.176133,61.3497,14.7578,849.4925,0.852637,2.88057,715.6839,5.7992
27.64,0.0037916,996.29,4.176124,61.3516,14.7584,849.29,0.852436,2.88196,715.6692,5.7976
27.65,0.0037935,996.2875,4.176115,61.3535,14.759,849.0875,0.852235,2.88335,715.6545,5.796
27.66,0.0037954,996.285,4.176106,61.3554,14.7596,848.885,0.852034,2.88474,715.6398,5.7944
27.67,0.0037973,996.2825,4.176097,61.3573,14.7602,848.6825,0.851833,2.88613,715.6251,5.7928
27.68,0.0037992,996.28,4.176088,61.3592,14.7608,848.48,0.851632,2.88752,715.6104,5.7912
27.69,0.0038011,996.2775,4.176079,61.3611,14.7614,848.2775,0.851431,2.88891,715.5957,5.7896
27.7,0.003803,996.275,4.17607,61.363,14.762,848.075,0.85123,2.8903,715.581,5.788
27.71,0.0038049,996.2725,4.176061,61.3649,14.7626,847.8725,0.851029,2.89169,715.5663,5.7864
27.72,0.0038068,996.27,4.176052,61.3668,14.7632,847.67,0.850828,2.89308,715.5516,5.7848
27.73,0.0038087,996.2675,4.176043,61.3687,14.7638,847.4675,0.850627,2.89447,715.5369,5.7832
27.74,0.0038106,996.265,4.176034,61.3706,14.7644,847.265,0.850426,2.89586,715.5222,5.7816
27.75,0.0038125,996.2625,4.176025,61.3725,14.765,847.0625,0.850225,2.89725,715.5075,5.78
27.76,0.0038144,996.26,4.176016,61.3744,14.7656,846.86,0.850024,2.89864,715.4928,5.7784
27.77,0.0038163,996.2575,4.176007,61.3763,14.7662,846.6575,0.849823,2.90003,715.4781,5.7768
27.78,0.0038182,996.255,4.175998,61.3782,14.7668,846.455,0.849622,2.90142,715.4634,5.7752
27.79,0.0038201,996.2525,4.175989,61.3801,14.7674,846.2525,0.849421,2.90281,715.4487,5.7736
27.8,0.003822,996.25,4.17598,61.382,14.768,846.05,0.84922,2.9042,715.434,5.772
27.81,0.0038239,996.2475,4.175971,61.3839,14.7686,845.8475,0.849019,2.90559,715.4193,5.7704
27.82,0.0038258,996.245,4.175962,61.3858,14.7692,845.645,0.848818,2.90698,715.4046,5.7688
27.83,0.0038277,996.2425,4.175953,61.3877,14.7698,845.4425,0.848617,2.90837,715.3899,5.7672
27.84,0.0038296,996.24,4.175944,61.3896,14.7704,845.24,0.848416,2.90976,715.3752,5.7656
27.85,0.0038315,996.2375,4.175935,61.3915,14.771,845.0375,0.848215,2.91115,715.3605,5.764
27.86,0.0038334,996.235,4.175926,61.3934,14.7716,844.835,0.848014,2.91254,715.3458,5.7624
27.87,0.0038353,996.2325,4.175917,61.3953,14.7722,844.6325,0.847813,2.91393,715.3311,5.7608
27.88,0.0038372,996.23,4.175908,61.3972,14.7728,844.43,0.847612,2.91532,715.3164,5.7592
27.89,0.0038391,996.2275,4.175899,61.3991,14.7734,844.2275,0.847411,2.91671,715.3017,5.7576
27.9,0.003841,996.225,4.17589,61.401,14.774,844.025,0.84721,2.9181,715.287,5.756
27.91,0.0038429,996.2225,4.175881,61.4029,14.7746,843.8225,0.847009,2.91949,715.2723,5.7544
27.92,0.0038448,996.22,4.175872,61.4048,14.7752,843.62,0.846808,2.92088,715.2576,5.7528
27.93,0.0038467,996.2175,4.175863,61.4067,14.7758,843.4175,0.846607,2.92227,715.2429,5.7512
27.94,0.0038486,996.215,4.175854,61.4086,14.7764,843.215,0.846406,2.92366,715.2282,5.7496
27.95,0.0038505,996.2125,4.175845,61.4105,14.777,843.0125,0.846205,2.92505,715.2135,5.748
27.96,0.0038524,996.21,4.175836,61.4124,14.7776,842.81,0.846004,2.92644,715.1988,5.7464
27.97,0.0038543,996.2075,4.175827,61.4143,14.7782,842.6075,0.845803,2.92783,715.1841,5.7448
27.98,0.0038562,996.205,4.175818,61.4162,14.7788,842.405,0.845602,2.92922,715.1694,5.7432
27.99,0.0038581,996.2025,4.175809,61.4181,14.7794,842.2025,0.845401,2.93061,715.1547,5.7416
28,0.00386,996.2,4.1758,61.42,14.78,842,0.8452,2.932,715.14,5.74
28.01,0.0038619,996.1975,4.175791,61.4219,14.7806,841.7975,0.844999,2.93339,715.1253,5.7384
28.02,0.0038638,996.195,4.175782,61.4238,14.7812,841.595,0.844798,2.93478,715.1106,5.7368
28.03,0.0038657,996.1925,4.175773,61.4257,14.7818,841.3925,0.844597,2.93617,715.0959,5.7352
28.04,0.0038676,996.19,4.175764,61.4276,14.7824,841.19,0.844396,2.93756,715.0812,5.7336
28.05,0.0038695,996.1875,4.175755,61.4295,14.783,840.9875,0.844195,2.93895,715.0665,5.732
28.06,0.0038714,996.185,4.175746,61.4314,14.7836,840.785,0.843994,2.94034,715.0518,5.7304
28.07,0.0038733,996.1825,4.175737,61.4333,14.7842,840.5825,0.843793,2.94173,715.0371,5.7288
28.08,0.0038752,996.18,4.175728,61.4352,14.7848,840.38,0.843592,2.94312,715.0224,5.7272
28.09,0.0038771,996.1775,4.175719,61.4371,14.7854,840.1775,0.843391,2.94451,715.0077,5.7256
28.1,0.003879,996.175,4.17571,61.439,14.786,839.975,0.84319,2.9459,714.993,5.724
28.11,0.0038809,996.1725,4.175701,61.4409,14.7866,839.7725,0.842989,2.94729,714.9783,5.7224
28.12,0.0038828,996.17,4.175692,61.4428,14.7872,839.57,0.842788,2.94868,714.9636,5.7208
28.13,0.0038847,996.1675,4.175683,61.4447,14.7878,839.3675,0.842587,2.95007,714.9489,5.7192
28.14,0.0038866,996.165,4.175674,61.4466,14.7884,839.165,0.842386,2.95146,714.9342,5.7176
28.15,0.0038885,996.1625,4.175665,61.4485,14.789,838.9625,0.842185,2.95285,714.9195,5.716
28.16,0.0038904,996.16,4.175656,61.4504,14.7896,838.76,0.841984,2.95424,714.9048,5.7144
28.17,0.0038923,996.1575,4.175647,61.4523,14.7902,838.5575,0.841783,2.95563,714.8901,5.7128
28.18,0.0038942,996.155,4.175638,61.4542,14.7908,838.355,0.841582,2.95702,714.8754,5.7112
28.19,0.0038961,996.1525,4.175629,61.4561,14.7914,838.1525,0.841381,2.95841,714.8607,5.7096
28.2,0.003898,996.15,4.17562,61.458,14.792,837.95,0.84118,2.9598,714.846,5.708
28.21,0.0038999,996.1475,4.175611,61.4599,14.7926,837.7475,0.840979,2.96119,714.8313,5.7064
28.22,0.0039018,996.145,4.175602,61.4618,14.7932,837.545,0.840778,2.96258,714.8166,5.7048
28.23,0.0039037,996.1425,4.175593,61.4637,14.7938,837.3425,0.840577,2.96397,714.8019,5.7032
28.24,0.0039056,996.14,4.175584,61.4656,14.7944,837.14,0.840376,2.96536,714.7872,5.7016
28.25,0.0039075,996.1375,4.175575,61.4675,14.795,836.9375,0.840175,2.96675,714.7725,5.7
28.26,0.0039094,996.135,4.175566,61.4694,14.7956,836.735,0.839974,2.96814,714.7578,5.6984
28.27,0.0039113,996.1325,4.175557,61.4713,14.7962,836.5325,0.839773,2.96953,714.7431,5.6968
28.28,0.0039132,996.13,4.175548,61.4732,14.7968,836.33,0.839572,2.97092,714.7284,5.6952
28.29,0.0039151,996.1275,4.175539,61.4751,14.7974,836.1275,0.839371,2.97231,714.7137,5.6936
28.3,0.003917,996.125,4.17553,61.477,14.798,835.925,0.83917,2.9737,714.699,5.692
28.31,0.0039189,996.1225,4.175521,61.4789,14.7986,835.7225,0.838969,2.97509,714.6843,5.6904
28.32,0.0039208,996.12,4.175512,61.4808,14.7992,835.52,0.838768,2.97648,714.6696,5.6888
28.33,0.0039227,996.1175,4.175503,61.4827,14.7998,835.3175,0.838567,2.97787,714.6549,5.6872
28.34,0.0039246,996.115,4.175494,61.4846,14.8004,835.115,0.838366,2.97926,714.6402,5.6856
28.35,0.0039265,996.1125,4.175485,61.4865,14.801,834.9125,0.838165,2.98065,714.6255,5.684
28.36,0.0039284,996.11,4.175476,61.4884,14.8016,834.71,0.837964,2.98204,714.6108,5.6824
28.37,0.0039303,996.1075,4.175467,61.4903,14.8022,834.5075,0.837763,2.98343,714.5961,5.6808
28.38,0.0039322,996.105,4.175458,61.4922,14.8028,834.305,0.837562,2.98482,714.5814,5.6792
28.39,0.0039341,996.1025,4.175449,61.4941,14.8034,834.1025,0.837361,2.98621,714.5667,5.6776
28.4,0.003936,996.1,4.17544,61.496,14.804,833.9,0.83716,2.9876,714.552,5.676
28.41,0.0039379,996.0975,4.175431,61.4979,14.8046,833.6975,0.836959,2.98899,714.5373,5.6744
28.42,0.0039398,996.095,4.175422,61.4998,14.8052,833.495,0.836758,2.99038,714.5226,5.6728
28.43,0.0039417,996.0925,4.175413,61.5017,14.8058,833.2925,0.836557,2.99177,714.5079,5.6712
28.44,0.0039436,996.09,4.175404,61.5036,14.8064,833.09,0.836356,2.99316,714.4932,5.6696
28.45,0.0039455,996.0875,4.175395,61.5055,14.807,832.8875,0.836155,2.99455,714.4785,5.668
28.46,0.0039474,996.085,4.175386,61.5074,14.8076,832.685,0.835954,2.99594,714.4638,5.6664
28.47,0.0039493,996.0825,4.175377,61.5093,14.8082,832.4825,0.835753,2.99733,714.4491,5.6648
28.48,0.0039512,996.08,4.175368,61.5112,14.8088,832.28,0.835552,2.99872,714.4344,5.6632
28.49,0.0039531,996.0775,4.175359,61.5131,14.8094,832.0775,0.835351,3.00011,714.4197,5.6616
28.5,0.003955,996.075,4.17535,61.515,14.81,831.875,0.83515,3.0015,714.405,5.66
28.51,0.0039569,996.0725,4.175341,61.5169,14.8106,831.6725,0.834949,3.00289,714.3903,5.6584
28.52,0.0039588,996.07,4.175332,61.5188,14.8112,831.47,0.834748,3.00428,714.3756,5.6568
28.53,0.0039607,996.0675,4.175323,61.5207,14.8118,831.2675,0.834547,3.00567,714.3609,5.6552
28.54,0.0039626,996.065,4.175314,61.5226,14.8124,831.065,0.834346,3.00706,714.3462,5.6536
28.55,0.0039645,996.0625,4.175305,61.5245,14.813,830.8625,0.834145,3.00845,714.3315,5.652
28.56,0.0039664,996.06,4.175296,61.5264,14.8136,830.66,0.833944,3.00984,714.3168,5.6504
28.57,0.0039683,996.0575,4.175287,61.5283,14.8142,830.4575,0.833743,3.01123,714.3021,5.6488
28.58,0.0039702,996.055,4.175278,61.5302,14.8148,830.255,0.833542,3.01262,714.2874,5.6472
28.59,0.0039721,996.0525,4.175269,61.5321,14.8154,830.0525,0.833341,3.01401,714.2727,5.6456
28.6,0.003974,996.05,4.17526,61.534,14.816,829.85,0.83314,3.0154,714.258,5.644
28.61,0.0039759,996.0475,4.175251,61.5359,14.8166,829.6475,0.832939,3.01679,714.2433,5.6424
28.62,0.0039778,996.045,4.175242,61.5378,14.8172,829.445,0.832738,3.01818,714.2286,5.6408
28.63,0.0039797,996.0425,4.175233,61.5397,14.8178,829.2425,0.832537,3.01957,714.2139,5.6392
28.64,0.0039816,996.04,4.175224,61.5416,14.8184,829.04,0.832336,3.02096,714.1992,5.6376
28.65,0.0039835,996.0375,4.175215,61.5435,14.819,828.8375,0.832135,3.02235,714.1845,5.636
28.66,0.0039854,996.035,4.175206,61.5454,14.8196,828.635,0.831934,3.02374,714.1698,5.6344
28.67,0.0039873,996.0325,4.175197,61.5473,14.8202,828.4325,0.831733,3.02513,714.1551,5.6328
28.68,0.0039892,996.03,4.175188,61.5492,14.8208,828.23,0.831532,3.02652,714.1404,5.6312
28.69,0.0039911,996.0275,4.175179,61.5511,14.8214,828.0275,0.831331,3.02791,714.1257,5.6296
28.7,0.003993,996.025,4.17517,61.553,14.822,827.825,0.83113,3.0293,714.111,5.628
28.71,0.0039949,996.0225,4.175161,61.5549,14.8226,827.6225,0.830929,3.03069,714.0963,5.6264
28.72,0.0039968,996.02,4.175152,61.5568,14.8232,827.42,0.830728,3.03208,714.0816,5.6248
28.73,0.0039987,996.0175,4.175143,61.5587,14.8238,827.2175,0.830527,3.03347,714.0669,5.6232
28.74,0.0040006,996.015,4.175134,61.5606,14.8244,827.015,0.830326,3.03486,714.0522,5.6216
28.75,0.0040025,996.0125,4.175125,61.5625,14.825,826.8125,0.830125,3.03625,714.0375,5.62
28.76,0.0040044,996.01,4.175116,61.5644,14.8256,826.61,0.829924,3.03764,714.0228,5.6184
28.77,0.0040063,996.0075,4.175107,61.5663,14.8262,826.4075,0.829723,3.03903,714.0081,5.6168
28.78,0.0040082,996.005,4.175098,61.5682,14.8268,826.205,0.829522,3.04042,713.9934,5.6152
28.79,0.0040101,996.0025,4.175089,61.5701,14.8274,826.0025,0.829321,3.04181,713.9787,5.6136
28.8,0.004012,996,4.17508,61.572,14.828,825.8,0.82912,3.0432,713.964,5.612
28.81,0.0040139,995.9975,4.175071,61.5739,14.8286,825.5975,0.828919,3.04459,713.9493,5.6104
28.82,0.0040158,995.995,4.175062,61.5758,14.8292,825.395,0.828718,3.04598,713.9346,5.6088
28.83,0.0040177,995.9925,4.175053,61.5777,14.8298,825.1925,0.828517,3.04737,713.9199,5.6072
28.84,0.0040196,995.99,4.175044,61.5796,14.8304,824.99,0.828316,3.04876,713.9052,5.6056
28.85,0.0040215,995.9875,4.175035,61.5815,14.831,824.7875,0.828115,3.05015,713.8905,5.604
28.86,0.0040234,995.985,4.175026,61.5834,14.8316,824.585,0.827914,3.05154,713.8758,5.6024
28.87,0.0040253,995.9825,4.175017,61.5853,14.8322,824.3825,0.827713,3.05293,713.8611,5.6008
28.88,0.0040272,995.98,4.175008,61.5872,14.8328,824.18,0.827512,3.05432,713.8464,5.5992
28.89,0.0040291,995.9775,4.174999,61.5891,14.8334,823.9775,0.827311,3.05571,713.8317,5.5976
28.9,0.004031,995.975,4.17499,61.591,14.834,823.775,0.82711,3.0571,713.817,5.596
28.91,0.0040329,995.9725,4.174981,61.5929,14.8346,823.5725,0.826909,3.05849,713.8023,5.5944
28.92,0.0040348,995.97,4.174972,61.5948,14.8352,823.37,0.826708,3.05988,713.7876,5.5928
28.93,0.0040367,995.9675,4.174963,61.5967,14.8358,823.1675,0.826507,3.06127,713.7729,5.5912
28.94,0.0040386,995.965,4.174954,61.5986,14.8364,822.965,0.826306,3.06266,713.7582,5.5896
28.95,0.0040405,995.9625,4.174945,61.6005,14.837,822.7625,0.826105,3.06405,713.7435,5.588
28.96,0.0040424,995.96,4.174936,61.6024,14.8376,822.56,0.825904,3.06544,713.7288,5.5864
28.97,0.0040443,995.9575,4.174927,61.6043,14.8382,822.3575,0.825703,3.06683,713.7141,5.5848
28.98,0.0040462,995.955,4.174918,61.6062,14.8388,822.155,0.825502,3.06822,713.6994,5.5832
28.99,0.0040481,995.9525,4.174909,61.6081,14.8394,821.9525,0.825301,3.06961,713.6847,5.5816
29,0.00405,995.95,4.1749,61.61,14.84,821.75,0.8251,3.071,713.67,5.58
29.01,0.0040519,995.9475,4.174891,61.6119,14.8406,821.5475,0.824899,3.07239,713.6553,5.5784
29.02,0.0040538,995.945,4.174882,61.6138,14.8412,821.345,0.824698,3.07378,713.6406,5.5768
29.03,0.0040557,995.9425,4.174873,61.6157,14.8418,821.1425,0.824497,3.07517,713.6259,5.5752
29.04,0.0040576,995.94,4.174864,61.6176,14.8424,820.94,0.824296,3.07656,713.6112,5.5736
29.05,0.0040595,995.9375,4.174855,61.6195,14.843,820.7375,0.824095,3.07795,713.5965,5.572
29.06,0.0040614,995.935,4.174846,61.6214,14.8436,820.535,0.823894,3.07934,713.5818,5.5704
29.07,0.0040633,995.9325,4.174837,61.6233,14.8442,820.3325,0.823693,3.08073,713.5671,5.5688
29.08,0.0040652,995.93,4.174828,61.6252,14.8448,820.13,0.823492,3.08212,713.5524,5.5672
29.09,0.0040671,995.9275,4.174819,61.6271,14.8454,819.9275,0.823291,3.08351,713.5377,5.5656
29.1,0.004069,995.925,4.17481,61.629,14.846,819.725,0.82309,3.0849,713.523,5.564
29.11,0.0040709,995.9225,4.174801,61.6309,14.8466,819.5225,0.822889,3.08629,713.5083,5.5624
29.12,0.0040728,995.92,4.174792,61.6328,14.8472,819.32,0.822688,3.08768,713.4936,5.5608
29.13,0.0040747,995.9175,4.174783,61.6347,14.8478,819.1175,0.822487,3.08907,713.4789,5.5592
29.14,0.0040766,995.915,4.174774,61.6366,14.8484,818.915,0.822286,3.09046,713.4642,5.5576
29.15,0.0040785,995.9125,4.174765,61.6385,14.849,818.7125,0.822085,3.09185,713.4495,5.556
29.16,0.0040804,995.91,4.174756,61.6404,14.8496,818.51,0.821884,3.09324,713.4348,5.5544
29.17,0.0040823,995.9075,4.174747,61.6423,14.8502,818.3075,0.821683,3.09463,713.4201,5.5528
29.18,0.0040842,995.905,4.174738,61.6442,14.8508,818.105,0.821482,3.09602,713.4054,5.5512
29.19,0.0040861,995.9025,4.174729,61.6461,14.8514,817.9025,0.821281,3.09741,713.3907,5.5496
29.2,0.004088,995.9,4.17472,61.648,14.852,817.7,0.82108,3.0988,713.376,5.548
29.21,0.0040899,995.8975,4.174711,61.6499,14.8526,817.4975,0.820879,3.10019,713.3613,5.5464
29.22,0.0040918,995.895,4.174702,61.6518,14.8532,817.295,0.820678,3.10158,713.3466,5.5448
29.23,0.0040937,995.8925,4.174693,61.6537,14.8538,817.0925,0.820477,3.10297,713.3319,5.5432
29.24,0.0040956,995.89,4.174684,61.6556,14.8544,816.89,0.820276,3.10436,713.3172,5.5416
29.25,0.0040975,995.8875,4.174675,61.6575,14.855,816.6875,0.820075,3.10575,713.3025,5.54
29.26,0.0040994,995.885,4.174666,61.6594,14.8556,816.485,0.819874,3.10714,713.2878,5.5384
29.27,0.0041013,995.8825,4.174657,61.6613,14.8562,816.2825,0.819673,3.10853,713.2731,5.5368
29.28,0.0041032,995.88,4.174648,61.6632,14.8568,816.08,0.819472,3.10992,713.2584,5.5352
29.29,0.0041051,995.8775,4.174639,61.6651,14.8574,815.8775,0.819271,3.11131,713.2437,5.5336
29.3,0.004107,995.875,4.17463,61.667,14.858,815.675,0.81907,3.1127,713.229,5.532
29.31,0.0041089,995.8725,4.174621,61.6689,14.8586,815.4725,0.818869,3.11409,713.2143,5.5304
29.32,0.0041108,995.87,4.174612,61.6708,14.8592,815.27,0.818668,3.11548,713.1996,5.5288
29.33,0.0041127,995.8675,4.174603,61.6727,14.8598,815.0675,0.818467,3.11687,713.1849,5.5272
29.34,0.0041146,995.865,4.174594,61.6746,14.8604,814.865,0.818266,3.11826,713.1702,5.5256
29.35,0.0041165,995.8625,4.174585,61.6765,14.861,814.6625,0.818065,3.11965,713.1555,5.524
29.36,0.0041184,995.86,4.174576,61.6784,14.8616,814.46,0.817864,3.12104,713.1408,5.5224
29.37,0.0041203,995.8575,4.174567,61.6803,14.8622,814.2575,0.817663,3.12243,713.1261,5.5208
29.38,0.0041222,995.855,4.174558,61.6822,14.8628,814.055,0.817462,3.12382,713.1114,5.5192
29.39,0.0041241,995.8525,4.174549,61.6841,14.8634,813.8525,0.817261,3.12521,713.0967,5.5176
29.4,0.004126,995.85,4.17454,61.686,14.864,813.65,0.81706,3.1266,713.082,5.516
29.41,0.0041279,995.8475,4.174531,61.6879,14.8646,813.4475,0.816859,3.12799,713.0673,5.5144
29.42,0.0041298,995.845,4.174522,61.6898,14.8652,813.245,0.816658,3.12938,713.0526,5.5128
29.43,0.0041317,995.8425,4.174513,61.6917,14.8658,813.0425,0.816457,3.13077,713.0379,5.5112
29.44,0.0041336,995.84,4.174504,61.6936,14.8664,812.84,0.816256,3.13216,713.0232,5.5096
29.45,0.0041355,995.8375,4.174495,61.6955,14.867,812.6375,0.816055,3.13355,713.0085,5.508
29.46,0.0041374,995.835,4.174486,61.6974,14.8676,812.435,0.815854,3.13494,712.9938,5.5064
29.47,0.0041393,995.8325,4.174477,61.6993,14.8682,812.2325,0.815653,3.13633,712.9791,5.5048
29.48,0.0041412,995.83,4.174468,61.7012,14.8688,812.03,0.815452,3.13772,712.9644,5.5032
29.49,0.0041431,995.8275,4.174459,61.7031,14.8694,811.8275,0.815251,3.13911,712.9497,5.5016
29.5,0.004145,995.825,4.17445,61.705,14.87,811.625,0.81505,3.1405,712.935,5.5
29.51,0.0041469,995.8225,4.174441,61.7069,14.8706,811.4225,0.814849,3.14189,712.9203,5.4984
29.52,0.0041488,995.82,4.174432,61.7088,14.8712,811.22,0.814648,3.14328,712.9056,5.4968
29.53,0.0041507,995.8175,4.174423,61.7107,14.8718,811.0175,0.814447,3.14467,712.8909,5.4952
29.54,0.0041526,995.815,4.174414,61.7126,14.8724,810.815,0.814246,3.14606,712.8762,5.4936
29.55,0.0041545,995.8125,4.174405,61.7145,14.873,810.6125,0.814045,3.14745,712.8615,5.492
29.56,0.0041564,995.81,4.174396,61.7164,14.8736,810.41,0.813844,3.14884,712.8468,5.4904
29.57,0.0041583,995.8075,4.174387,61.7183,14.8742,810.2075,0.813643,3.15023,712.8321,5.4888
29.58,0.0041602,995.805,4.174378,61.7202,14.8748,810.005,0.813442,3.15162,712.8174,5.4872
29.59,0.0041621,995.8025,4.174369,61.7221,14.8754,809.8025,0.813241,3.15301,712.8027,5.4856
29.6,0.004164,995.8,4.17436,61.724,14.876,809.6,0.81304,3.1544,712.788,5.484
29.61,0.0041659,995.7975,4.174351,61.7259,14.8766,809.3975,0.812839,3.15579,712.7733,5.4824
29.62,0.0041678,995.795,4.174342,61.7278,14.8772,809.195,0.812638,3.15718,712.7586,5.4808
29.63,0.0041697,995.7925,4.174333,61.7297,14.8778,808.9925,0.812437,3.15857,712.7439,5.4792
29.64,0.0041716,995.79,4.174324,61.7316,14.8784,808.79,0.812236,3.15996,712.7292,5.4776
29.65,0.0041735,995.7875,4.174315,61.7335,14.879,808.5875,0.812035,3.16135,712.7145,5.476
29.66,0.0041754,995.785,4.174306,61.7354,14.8796,808.385,0.811834,3.16274,712.6998,5.4744
29.67,0.0041773,995.7825,4.174297,61.7373,14.8802,808.1825,0.811633,3.16413,712.6851,5.4728
29.68,0.0041792,995.78,4.174288,61.7392,14.8808,807.98,0.811432,3.16552,712.6704,5.4712
29.69,0.0041811,995.7775,4.174279,61.7411,14.8814,807.7775,0.811231,3.16691,712.6557,5.4696
29.7,0.004183,995.775,4.17427,61.743,14.882,807.575,0.81103,3.1683,712.641,5.468
29.71,0.0041849,995.7725,4.174261,61.7449,14.8826,807.3725,0.810829,3.16969,712.6263,5.4664
29.72,0.0041868,995.77,4.174252,61.7468,14.8832,807.17,0.810628,3.17108,712.6116,5.4648
29.73,0.0041887,995.7675,4.174243,61.7487,14.8838,806.9675,0.810427,3.17247,712.5969,5.4632
29.74,0.0041906,995.765,4.174234,61.7506,14.8844,806.765,0.810226,3.17386,712.5822,5.4616
29.75,0.0041925,995.7625,4.174225,61.7525,14.885,806.5625,0.810025,3.17525,712.5675,5.46
29.76,0.0041944,995.76,4.174216,61.7544,14.8856,806.36,0.809824,3.17664,712.5528,5.4584
29.77,0.0041963,995.7575,4.174207,61.7563,14.8862,806.1575,0.809623,3.17803,712.5381,5.4568
29.78,0.0041982,995.755,4.174198,61.7582,14.8868,805.955,0.809422,3.17942,712.5234,5.4552
29.79,0.0042001,995.7525,4.174189,61.7601,14.8874,805.7525,0.809221,3.18081,712.5087,5.4536
29.8,0.004202,995.75,4.17418,61.762,14.888,805.55,0.80902,3.1822,712.494,5.452
29.81,0.0042039,995.7475,4.174171,61.7639,14.8886,805.3475,0.808819,3.18359,712.4793,5.4504
29.82,0.0042058,995.745,4.174162,61.7658,14.8892,805.145,0.808618,3.18498,712.4646,5.4488
29.83,0.0042077,995.7425,4.174153,61.7677,14.8898,804.9425,0.808417,3.18637,712.4499,5.4472
29.84,0.0042096,995.74,4.174144,61.7696,14.8904,804.74,0.808216,3.18776,712.4352,5.4456
29.85,0.0042115,995.7375,4.174135,61.7715,14.891,804.5375,0.808015,3.18915,712.4205,5.444
29.86,0.0042134,995.735,4.174126,61.7734,14.8916,804.335,0.807814,3.19054,712.4058,5.4424
29.87,0.0042153,995.7325,4.174117,61.7753,14.8922,804.1325,0.807613,3.19193,712.3911,5.4408
29.88,0.0042172,995.73,4.174108,61.7772,14.8928,803.93,0.807412,3.19332,712.3764,5.4392
29.89,0.0042191,995.7275,4.174099,61.7791,14.8934,803.7275,0.807211,3.19471,712.3617,5.4376
29.9,0.004221,995.725,4.17409,61.781,14.894,803.525,0.80701,3.1961,712.347,5.436
29.91,0.0042229,995.7225,4.174081,61.7829,14.8946,803.3225,0.806809,3.19749,712.3323,5.4344
29.92,0.0042248,995.72,4.174072,61.7848,14.8952,803.12,0.806608,3.19888,712.3176,5.4328
29.93,0.0042267,995.7175,4.174063,61.7867,14.8958,802.9175,0.806407,3.20027,712.3029,5.4312
29.94,0.0042286,995.715,4.174054,61.7886,14.8964,802.715,0.806206,3.20166,712.2882,5.4296
29.95,0.0042305,995.7125,4.174045,61.7905,14.897,802.5125,0.806005,3.20305,712.2735,5.428
29.96,0.0042324,995.71,4.174036,61.7924,14.8976,802.31,0.805804,3.20444,712.2588,5.4264
29.97,0.0042343,995.7075,4.174027,61.7943,14.8982,802.1075,0.805603,3.20583,712.2441,5.4248
29.98,0.0042362,995.705,4.174018,61.7962,14.8988,801.905,0.805402,3.20722,712.2294,5.4232
29.99,0.0042381,995.7025,4.174009,61.7981,14.8994,801.7025,0.805201,3.20861,712.2147,5.4216
30,0.00424,995.7,4.174,61.8,14.9,801.5,0.805,3.21,712.2,5.42
30.01,0.00424313,995.6965,4.174,61.8017,14.9004,801.3518,0.804854,3.21066,712.1843,5.41889
30.02,0.00424626,995.693,4.174,61.8034,14.9008,801.2036,0.804708,3.21132,712.1686,5.41778
30.03,0.00424939,995.6895,4.174,61.8051,14.9012,801.0554,0.804562,3.21198,712.1529,5.41667
30.04,0.00425252,995.686,4.174,61.8068,14.9016,800.9072,0.804416,3.21264,712.1372,5.41556
30.05,0.00425565,995.6825,4.174,61.8085,14.902,800.759,0.80427,3.2133,712.1215,5.41445
30.06,0.00425878,995.679,4.174,61.8102,14.9024,800.6108,0.804124,3.21396,712.1058,5.41334
30.07,0.00426191,995.6755,4.174,61.8119,14.9028,800.4626,0.803978,3.21462,712.0901,5.41223
30.08,0.00426504,995.672,4.174,61.8136,14.9032,800.3144,0.803832,3.21528,712.0744,5.41112
30.09,0.00426817,995.6685,4.174,61.8153,14.9036,800.1662,0.803686,3.21594,712.0587,5.41001
30.1,0.0042713,995.665,4.174,61.817,14.904,800.018,0.80354,3.2166,712.043,5.4089
30.11,0.00427443,995.6615,4.174,61.8187,14.9044,799.8698,0.803394,3.21726,712.0273,5.40779
30.12,0.00427756,995.658,4.174,61.8204,14.9048,799.7216,0.803248,3.21792,712.0116,5.40668
30.13,0.00428069,995.6545,4.174,61.8221,14.9052,799.5734,0.803102,3.21858,711.9959,5.40557
30.14,0.00428382,995.651,4.174,61.8238,14.9056,799.4252,0.802956,3.21924,711.9802,5.40446
30.15,0.00428695,995.6475,4.174,61.8255,14.906,799.277,0.80281,3.2199,711.9645,5.40335
30.16,0.00429008,995.644,4.174,61.8272,14.9064,799.1288,0.802664,3.22056,711.9488,5.40224
30.17,0.00429321,995.6405,4.174,61.8289,14.9068,798.9806,0.802518,3.22122,711.9331,5.40113
30.18,0.00429634,995.637,4.174,61.8306,14.9072,798.8324,0.802372,3.22188,711.9174,5.40002
30.19,0.00429947,995.6335,4.174,61.8323,14.9076,798.6842,0.802226,3.22254,711.9017,5.39891
30.2,0.0043026,995.63,4.174,61.834,14.908,798.536,0.80208,3.2232,711.886,5.3978
30.21,0.00430573,995.6265,4.174,61.8357,14.9084,798.3878,0.801934,3.22386,711.8703,5.39669
30.22,0.00430886,995.623,4.174,61.8374,14.9088,798.2396,0.801788,3.22452,711.8546,5.39558
30.23,0.00431199,995.6195,4.174,61.8391,14.9092,798.0914,0.801642,3.22518,711.8389,5.39447
30.24,0.00431512,995.616,4.174,61.8408,14.9096,797.9432,0.801496,3.22584,711.8232,5.39336
30.25,0.00431825,995.6125,4.174,61.8425,14.91,797.795,0.80135,3.2265,711.8075,5.39225
30.26,0.00432138,995.609,4.174,61.8442,14.9104,797.6468,0.801204,3.22716,711.7918,5.39114
30.27,0.00432451,995.6055,4.174,61.8459,14.9108,797.4986,0.801058,3.22782,711.7761,5.39003
30.28,0.00432764,995.602,4.174,61.8476,14.9112,797.3504,0.800912,3.22848,711.7604,5.38892
30.29,0.00433077,995.5985,4.174,61.8493,14.9116,797.2022,0.800766,3.22914,711.7447,5.38781
30.3,0.0043339,995.595,4.174,61.851,14.912,797.054,0.80062,3.2298,711.729,5.3867
30.31,0.00433703,995.5915,4.174,61.8527,14.9124,796.9058,0.800474,3.23046,711.7133,5.38559
30.32,0.00434016,995.588,4.174,61.8544,14.9128,796.7576,0.800328,3.23112,711.6976,5.38448
30.33,0.00434329,995.5845,4.174,61.8561,14.9132,796.6094,0.800182,3.23178,711.6819,5.38337
30.34,0.00434642,995.581,4.174,61.8578,14.9136,796.4612,0.800036,3.23244,711.6662,5.38226
30.35,0.00434955,995.5775,4.174,61.8595,14.914,796.313,0.79989,3.2331,711.6505,5.38115
30.36,0.00435268,995.574,4.174,61.8612,14.9144,796.1648,0.799744,3.23376,711.6348,5.38004
30.37,0.00435581,995.5705,4.174,61.8629,14.9148,796.0166,0.799598,3.23442,711.6191,5.37893
30.38,0.00435894,995.567,4.174,61.8646,14.9152,795.8684,0.799452,3.23508,711.6034,5.37782
30.39,0.00436207,995.5635,4.174,61.8663,14.9156,795.7202,0.799306,3.23574,711.5877,5.37671
30.4,0.0043652,995.56,4.174,61.868,14.916,795.572,0.79916,3.2364,711.572,5.3756
30.41,0.00436833,995.5565,4.174,61.8697,14.9164,795.4238,0.799014,3.23706,711.5563,5.37449
30.42,0.00437146,995.553,4.174,61.8714,14.9168,795.2756,0.798868,3.23772,711.5406,5.37338
30.43,0.00437459,995.5495,4.174,61.8731,14.9172,795.1274,0.798722,3.23838,711.5249,5.37227
30.44,0.00437772,995.546,4.174,61.8748,14.9176,794.9792,0.798576,3.23904,711.5092,5.37116
30.45,0.00438085,995.5425,4.174,61.8765,14.918,794.831,0.79843,3.2397,711.4935,5.37005
30.46,0.00438398,995.539,4.174,61.8782,14.9184,794.6828,0.798284,3.24036,711.4778,5.36894
30.47,0.00438711,995.5355,4.174,61.8799,14.9188,794.5346,0.798138,3.24102,711.4621,5.36783
30.48,0.00439024,995.532,4.174,61.8816,14.9192,794.3864,0.797992,3.24168,711.4464,5.36672
30.49,0.00439337,995.5285,4.174,61.8833,14.9196,794.2382,0.797846,3.24234,711.4307,5.36561
30.5,0.0043965,995.525,4.174,61.885,14.92,794.09,0.7977,3.243,711.415,5.3645
30.51,0.00439963,995.5215,4.174,61.8867,14.9204,793.9418,0.797554,3.24366,711.3993,5.36339
30.52,0.00440276,995.518,4.174,61.8884,14.9208,793.7936,0.797408,3.24432,711.3836,5.36228
30.53,0.00440589,995.5145,4.174,61.8901,14.9212,793.6454,0.797262,3.24498,711.3679,5.36117
30.54,0.00440902,995.511,4.174,61.8918,14.9216,793.4972,0.797116,3.24564,711.3522,5.36006
30.55,0.00441215,995.5075,4.174,61.8935,14.922,793.349,0.79697,3.2463,711.3365,5.35895
30.56,0.00441528,995.504,4.174,61.8952,14.9224,793.2008,0.796824,3.24696,711.3208,5.35784
30.57,0.00441841,995.5005,4.174,61.8969,14.9228,793.0526,0.796678,3.24762,711.3051,5.35673
30.58,0.00442154,995.497,4.174,61.8986,14.9232,792.9044,0.796532,3.24828,711.2894,5.35562
30.59,0.00442467,995.4935,4.174,61.9003,14.9236,792.7562,0.796386,3.24894,711.2737,5.35451
30.6,0.0044278,995.49,4.174,61.902,14.924,792.608,0.79624,3.2496,711.258,5.3534
30.61,0.00443093,995.4865,4.174,61.9037,14.9244,792.4598,0.796094,3.25026,711.2423,5.35229
30.62,0.00443406,995.483,4.174,61.9054,14.9248,792.3116,0.795948,3.25092,711.2266,5.35118
30.63,0.00443719,995.4795,4.174,61.9071,14.9252,792.1634,0.795802,3.25158,711.2109,5.35007
30.64,0.00444032,995.476,4.174,61.9088,14.9256,792.0152,0.795656,3.25224,711.1952,5.34896
30.65,0.00444345,995.4725,4.174,61.9105,14.926,791.867,0.79551,3.2529,711.1795,5.34785
30.66,0.00444658,995.469,4.174,61.9122,14.9264,791.7188,0.795364,3.25356,711.1638,5.34674
30.67,0.00444971,995.4655,4.174,61.9139,14.9268,791.5706,0.795218,3.25422,711.1481,5.34563
30.68,0.00445284,995.462,4.174,61.9156,14.9272,791.4224,0.795072,3.25488,711.1324,5.34452
30.69,0.00445597,995.4585,4.174,61.9173,14.9276,791.2742,0.794926,3.25554,711.1167,5.34341
30.7,0.0044591,995.455,4.174,61.919,14.928,791.126,0.79478,3.2562,711.101,5.3423
30.71,0.00446223,995.4515,4.174,61.9207,14.9284,790.9778,0.794634,3.25686,711.0853,5.34119
30.72,0.00446536,995.448,4.174,61.9224,14.9288,790.8296,0.794488,3.25752,711.0696,5.34008
30.73,0.00446849,995.4445,4.174,61.9241,14.9292,790.6814,0.794342,3.25818,711.0539,5.33897
30.74,0.00447162,995.441,4.174,61.9258,14.9296,790.5332,0.794196,3.25884,711.0382,5.33786
30.75,0.00447475,995.4375,4.174,61.9275,14.93,790.385,0.79405,3.2595,711.0225,5.33675
30.76,0.00447788,995.434,4.174,61.9292,14.9304,790.2368,0.793904,3.26016,711.0068,5.33564
30.77,0.00448101,995.4305,4.174,61.9309,14.9308,790.0886,0.793758,3.26082,710.9911,5.33453
30.78,0.00448414,995.427,4.174,61.9326,14.9312,789.9404,0.793612,3.26148,710.9754,5.33342
30.79,0.00448727,995.4235,4.174,61.9343,14.9316,789.7922,0.793466,3.26214,710.9597,5.33231
30.8,0.0044904,995.42,4.174,61.936,14.932,789.644,0.79332,3.2628,710.944,5.3312
30.81,0.00449353,995.4165,4.174,61.9377,14.9324,789.4958,0.793174,3.26346,710.9283,5.33009
30.82,0.00449666,995.413,4.174,61.9394,14.9328,789.3476,0.793028,3.26412,710.9126,5.32898
30.83,0.00449979,995.4095,4.174,61.9411,14.9332,789.1994,0.792882,3.26478,710.8969,5.32787
30.84,0.00450292,995.406,4.174,61.9428,14.9336,789.0512,0.792736,3.26544,710.8812,5.32676
30.85,0.00450605,995.4025,4.174,61.9445,14.934,788.903,0.79259,3.2661,710.8655,5.32565
30.86,0.00450918,995.399,4.174,61.9462,14.9344,788.7548,0.792444,3.26676,710.8498,5.32454
30.87,0.00451231,995.3955,4.174,61.9479,14.9348,788.6066,0.792298,3.26742,710.8341,5.32343
30.88,0.00451544,995.392,4.174,61.9496,14.9352,788.4584,0.792152,3.26808,710.8184,5.32232
30.89,0.00451857,995.3885,4.174,61.9513,14.9356,788.3102,0.792006,3.26874,710.8027,5.32121
30.9,0.0045217,995.385,4.174,61.953,14.936,788.162,0.79186,3.2694,710.787,5.3201
30.91,0.00452483,995.3815,4.174,61.9547,14.9364,788.0138,0.791714,3.27006,710.7713,5.31899
30.92,0.00452796,995.378,4.174,61.9564,14.9368,787.8656,0.791568,3.27072,710.7556,5.31788
30.93,0.00453109,995.3745,4.174,61.9581,14.9372,787.7174,0.791422,3.27138,710.7399,5.31677
30.94,0.00453422,995.371,4.174,61.9598,14.9376,787.5692,0.791276,3.27204,710.7242,5.31566
30.95,0.00453735,995.3675,4.174,61.9615,14.938,787.421,0.79113,3.2727,710.7085,5.31455
30.96,0.00454048,995.364,4.174,61.9632,14.9384,787.2728,0.790984,3.27336,710.6928,5.31344
30.97,0.00454361,995.3605,4.174,61.9649,14.9388,787.1246,0.790838,3.27402,710.6771,5.31233
30.98,0.00454674,995.357,4.174,61.9666,14.9392,786.9764,0.790692,3.27468,710.6614,5.31122
30.99,0.00454987,995.3535,4.174,61.9683,14.9396,786.8282,0.790546,3.27534,710.6457,5.31011
31,0.004553,995.35,4.174,61.97,14.94,786.68,0.7904,3.276,710.63,5.309
31.01,0.00455613,995.3465,4.174,61.9717,14.9404,786.5318,0.790254,3.27666,710.6143,5.30789
31.02,0.00455926,995.343,4.174,61.9734,14.9408,786.3836,0.790108,3.27732,710.5986,5.30678
31.03,0.00456239,995.3395,4.174,61.9751,14.9412,786.2354,0.789962,3.27798,710.5829,5.30567
31.04,0.00456552,995.336,4.174,61.9768,14.9416,786.0872,0.789816,3.27864,710.5672,5.30456
31.05,0.00456865,995.3325,4.174,61.9785,14.942,785.939,0.78967,3.2793,710.5515,5.30345
31.06,0.00457178,995.329,4.174,61.9802,14.9424,785.7908,0.789524,3.27996,710.5358,5.30234
31.07,0.00457491,995.3255,4.174,61.9819,14.9428,785.6426,0.789378,3.28062,710.5201,5.30123
31.08,0.00457804,995.322,4.174,61.9836,14.9432,785.4944,0.789232,3.28128,710.5044,5.30012
31.09,0.00458117,995.3185,4.174,61.9853,14.9436,785.3462,0.789086,3.28194,710.4887,5.29901
31.1,0.0045843,995.315,4.174,61.987,14.944,785.198,0.78894,3.2826,710.473,5.2979
31.11,0.00458743,995.3115,4.174,61.9887,14.9444,785.0498,0.788794,3.28326,710.4573,5.29679
31.12,0.00459056,995.308,4.174,61.9904,14.9448,784.9016,0.788648,3.28392,710.4416,5.29568
31.13,0.00459369,995.3045,4.174,61.9921,14.9452,784.7534,0.788502,3.28458,710.4259,5.29457
31.14,0.00459682,995.301,4.174,61.9938,14.9456,784.6052,0.788356,3.28524,710.4102,5.29346
31.15,0.00459995,995.2975,4.174,61.9955,14.946,784.457,0.78821,3.2859,710.3945,5.29235
31.16,0.00460308,995.294,4.174,61.9972,14.9464,784.3088,0.788064,3.28656,710.3788,5.29124
31.17,0.00460621,995.2905,4.174,61.9989,14.9468,784.1606,0.787918,3.28722,710.3631,5.29013
31.18,0.00460934,995.287,4.174,62.0006,14.9472,784.0124,0.787772,3.28788,710.3474,5.28902
31.19,0.00461247,995.2835,4.174,62.0023,14.9476,783.8642,0.787626,3.28854,710.3317,5.28791
31.2,0.0046156,995.28,4.174,62.004,14.948,783.716,0.78748,3.2892,710.316,5.2868
31.21,0.00461873,995.2765,4.174,62.0057,14.9484,783.5678,0.787334,3.28986,710.3003,5.28569
31.22,0.00462186,995.273,4.174,62.0074,14.9488,783.4196,0.787188,3.29052,710.2846,5.28458
31.23,0.00462499,995.2695,4.174,62.0091,14.9492,783.2714,0.787042,3.29118,710.2689,5.28347
31.24,0.00462812,995.266,4.174,62.0108,14.9496,783.1232,0.786896,3.29184,710.2532,5.28236
31.25,0.00463125,995.2625,4.174,62.0125,14.95,782.975,0.78675,3.2925,710.2375,5.28125
31.26,0.00463438,995.259,4.174,62.0142,14.9504,782.8268,0.786604,3.29316,710.2218,5.28014
31.27,0.00463751,995.2555,4.174,62.0159,14.9508,782.6786,0.786458,3.29382,710.2061,5.27903
31.28,0.00464064,995.252,4.174,62.0176,14.9512,782.5304,0.786312,3.29448,710.1904,5.27792
31.29,0.00464377,995.2485,4.174,62.0193,14.9516,782.3822,0.786166,3.29514,710.1747,5.27681
31.3,0.0046469,995.245,4.174,62.021,14.952,782.234,0.78602,3.2958,710.159,5.2757
31.31,0.00465003,995.2415,4.174,62.0227,14.9524,782.0858,0.785874,3.29646,710.1433,5.27459
31.32,0.00465316,995.238,4.174,62.0244,14.9528,781.9376,0.785728,3.29712,710.1276,5.27348
31.33,0.00465629,995.2345,4.174,62.0261,14.9532,781.7894,0.785582,3.29778,710.1119,5.27237
31.34,0.00465942,995.231,4.174,62.0278,14.9536,781.6412,0.785436,3.29844,710.0962,5.27126
31.35,0.00466255,995.2275,4.174,62.0295,14.954,781.493,0.78529,3.2991,710.0805,5.27015
31.36,0.00466568,995.224,4.174,62.0312,14.9544,781.3448,0.785144,3.29976,710.0648,5.26904
31.37,0.00466881,995.2205,4.174,62.0329,14.9548,781.1966,0.784998,3.30042,710.0491,5.26793
31.38,0.00467194,995.217,4.174,62.0346,14.9552,781.0484,0.784852,3.30108,710.0334,5.26682
31.39,0.00467507,995.2135,4.174,62.0363,14.9556,780.9002,0.784706,3.30174,710.0177,5.26571
31.4,0.0046782,995.21,4.174,62.038,14.956,780.752,0.78456,3.3024,710.002,5.2646
31.41,0.00468133,995.2065,4.174,62.0397,14.9564,780.6038,0.784414,3.30306,709.9863,5.26349
31.42,0.00468446,995.203,4.174,62.0414,14.9568,780.4556,0.784268,3.30372,709.9706,5.26238
31.43,0.00468759,995.1995,4.174,62.0431,14.9572,780.3074,0.784122,3.30438,709.9549,5.26127
31.44,0.00469072,995.196,4.174,62.0448,14.9576,780.1592,0.783976,3.30504,709.9392,5.26016
31.45,0.00469385,995.1925,4.174,62.0465,14.958,780.011,0.78383,3.3057,709.9235,5.25905
31.46,0.00469698,995.189,4.174,62.0482,14.9584,779.8628,0.783684,3.30636,709.9078,5.25794
31.47,0.00470011,995.1855,4.174,62.0499,14.9588,779.7146,0.783538,3.30702,709.8921,5.25683
31.48,0.00470324,995.182,4.174,62.0516,14.9592,779.5664,0.783392,3.30768,709.8764,5.25572
31.49,0.00470637,995.1785,4.174,62.0533,14.9596,779.4182,0.783246,3.30834,709.8607,5.25461
31.5,0.0047095,995.175,4.174,62.055,14.96,779.27,0.7831,3.309,709.845,5.2535
31.51,0.00471263,995.1715,4.174,62.0567,14.9604,779.1218,0.782954,3.30966,709.8293,5.25239
31.52,0.00471576,995.168,4.174,62.0584,14.9608,778.9736,0.782808,3.31032,709.8136,5.25128
31.53,0.00471889,995.1645,4.174,62.0601,14.9612,778.8254,0.782662,3.31098,709.7979,5.25017
31.54,0.00472202,995.161,4.174,62.0618,14.9616,778.6772,0.782516,3.31164,709.7822,5.24906
31.55,0.00472515,995.1575,4.174,62.0635,14.962,778.529,0.78237,3.3123,709.7665,5.24795
31.56,0.00472828,995.154,4.174,62.0652,14.9624,778.3808,0.782224,3.31296,709.7508,5.24684
31.57,0.00473141,995.1505,4.174,62.0669,14.9628,778.2326,0.782078,3.31362,709.7351,5.24573
31.58,0.00473454,995.147,4.174,62.0686,14.9632,778.0844,0.781932,3.31428,709.7194,5.24462
31.59,0.00473767,995.1435,4.174,62.0703,14.9636,777.9362,0.781786,3.31494,709.7037,5.24351
31.6,0.0047408,995.14,4.174,62.072,14.964,777.788,0.78164,3.3156,709.688,5.2424
31.61,0.00474393,995.1365,4.174,62.0737,14.9644,777.6398,0.781494,3.31626,709.6723,5.24129
31.62,0.00474706,995.133,4.174,62.0754,14.9648,777.4916,0.781348,3.31692,709.6566,5.24018
31.63,0.00475019,995.1295,4.174,62.0771,14.9652,777.3434,0.781202,3.31758,709.6409,5.23907
31.64,0.00475332,995.126,4.174,62.0788,14.9656,777.1952,0.781056,3.31824,709.6252,5.23796
31.65,0.00475645,995.1225,4.174,62.0805,14.966,777.047,0.78091,3.3189,709.6095,5.23685
31.66,0.00475958,995.119,4.174,62.0822,14.9664,776.8988,0.780764,3.31956,709.5938,5.23574
31.67,0.00476271,995.1155,4.174,62.0839,14.9668,776.7506,0.780618,3.32022,709.5781,5.23463
31.68,0.00476584,995.112,4.174,62.0856,14.9672,776.6024,0.780472,3.32088,709.5624,5.23352
31.69,0.00476897,995.1085,4.174,62.0873,14.9676,776.4542,0.780326,3.32154,709.5467,5.23241
31.7,0.0047721,995.105,4.174,62.089,14.968,776.306,0.78018,3.3222,709.531,5.2313
31.71,0.00477523,995.1015,4.174,62.0907,14.9684,776.1578,0.780034,3.32286,709.5153,5.23019
31.72,0.00477836,995.098,4.174,62.0924,14.9688,776.0096,0.779888,3.32352,709.4996,5.22908
31.73,0.00478149,995.0945,4.174,62.0941,14.9692,775.8614,0.779742,3.32418,709.4839,5.22797
31.74,0.00478462,995.091,4.174,62.0958,14.9696,775.7132,0.779596,3.32484,709.4682,5.22686
31.75,0.00478775,995.0875,4.174,62.0975,14.97,775.565,0.77945,3.3255,709.4525,5.22575
31.76,0.00479088,995.084,4.174,62.0992,14.9704,775.4168,0.779304,3.32616,709.4368,5.22464
31.77,0.00479401,995.0805,4.174,62.1009,14.9708,775.2686,0.779158,3.32682,709.4211,5.22353
31.78,0.00479714,995.077,4.174,62.1026,14.9712,775.1204,0.779012,3.32748,709.4054,5.22242
31.79,0.00480027,995.0735,4.174,62.1043,14.9716,774.9722,0.778866,3.32814,709.3897,5.22131
31.8,0.0048034,995.07,4.174,62.106,14.972,774.824,0.77872,3.3288,709.374,5.2202
31.81,0.00480653,995.0665,4.174,62.1077,14.9724,774.6758,0.778574,3.32946,709.3583,5.21909
31.82,0.00480966,995.063,4.174,62.1094,14.9728,774.5276,0.778428,3.33012,709.3426,5.21798
31.83,0.00481279,995.0595,4.174,62.1111,14.9732,774.3794,0.778282,3.33078,709.3269,5.21687
31.84,0.00481592,995.056,4.174,62.1128,14.9736,774.2312,0.778136,3.33144,709.3112,5.21576
31.85,0.00481905,995.0525,4.174,62.1145,14.974,774.083,0.77799,3.3321,709.2955,5.21465
31.86,0.00482218,995.049,4.174,62.1162,14.9744,773.9348,0.777844,3.33276,709.2798,5.21354
31.87,0.00482531,995.0455,4.174,62.1179,14.9748,773.7866,0.777698,3.33342,709.2641,5.21243
31.88,0.00482844,995.042,4.174,62.1196,14.9752,773.6384,0.777552,3.33408,709.2484,5.21132
31.89,0.00483157,995.0385,4.174,62.1213,14.9756,773.4902,0.777406,3.33474,709.2327,5.21021
31.9,0.0048347,995.035,4.174,62.123,14.976,773.342,0.77726,3.3354,709.217,5.2091
31.91,0.00483783,995.0315,4.174,62.1247,14.9764,773.1938,0.777114,3.33606,709.2013,5.20799
31.92,0.00484096,995.028,4.174,62.1264,14.9768,773.0456,0.776968,3.33672,709.1856,5.20688
31.93,0.00484409,995.0245,4.174,62.1281,14.9772,772.8974,0.776822,3.33738,709.1699,5.20577
31.94,0.00484722,995.021,4.174,62.1298,14.9776,772.7492,0.776676,3.33804,709.1542,5.20466
31.95,0.00485035,995.0175,4.174,62.1315,14.978,772.601,0.77653,3.3387,709.1385,5.20355
31.96,0.00485348,995.014,4.174,62.1332,14.9784,772.4528,0.776384,3.33936,709.1228,5.20244
31.97,0.00485661,995.0105,4.174,62.1349,14.9788,772.3046,0.776238,3.34002,709.1071,5.20133
31.98,0.00485974,995.007,4.174,62.1366,14.9792,772.1564,0.776092,3.34068,709.0914,5.20022
31.99,0.00486287,995.0035,4.174,62.1383,14.9796,772.0082,0.775946,3.34134,709.0757,5.19911
32,0.004866,995,4.174,62.14,14.98,771.86,0.7758,3.342,709.06,5.198
32.01,0.00486913,994.9965,4.174,62.1417,14.9804,771.7118,0.775654,3.34266,709.0443,5.19689
32.02,0.00487226,994.993,4.174,62.1434,14.9808,771.5636,0.775508,3.34332,709.0286,5.19578
32.03,0.00487539,994.9895,4.174,62.1451,14.9812,771.4154,0.775362,3.34398,709.0129,5.19467
32.04,0.00487852,994.986,4.174,62.1468,14.9816,771.2672,0.775216,3.34464,708.9972,5.19356
32.05,0.00488165,994.9825,4.174,62.1485,14.982,771.119,0.77507,3.3453,708.9815,5.19245
32.06,0.00488478,994.979,4.174,62.1502,14.9824,770.9708,0.774924,3.34596,708.9658,5.19134
32.07,0.00488791,994.9755,4.174,62.1519,14.9828,770.8226,0.774778,3.34662,708.9501,5.19023
32.08,0.00489104,994.972,4.174,62.1536,14.9832,770.6744,0.774632,3.34728,708.9344,5.18912
32.09,0.00489417,994.9685,4.174,62.1553,14.9836,770.5262,0.774486,3.34794,708.9187,5.18801
32.1,0.0048973,994.965,4.174,62.157,14.984,770.378,0.77434,3.3486,708.903,5.1869
32.11,0.00490043,994.9615,4.174,62.1587,14.9844,770.2298,0.774194,3.34926,708.8873,5.18579
32.12,0.00490356,994.958,4.174,62.1604,14.9848,770.0816,0.774048,3.34992,708.8716,5.18468
32.13,0.00490669,994.9545,4.174,62.1621,14.9852,769.9334,0.773902,3.35058,708.8559,5.18357
32.14,0.00490982,994.951,4.174,62.1638,14.9856,769.7852,0.773756,3.35124,708.8402,5.18246
32.15,0.00491295,994.9475,4.174,62.1655,14.986,769.637,0.77361,3.3519,708.8245,5.18135
32.16,0.00491608,994.944,4.174,62.1672,14.9864,769.4888,0.773464,3.35256,708.8088,5.18024
32.17,0.00491921,994.9405,4.174,62.1689,14.9868,769.3406,0.773318,3.35322,708.7931,5.17913
32.18,0.00492234,994.937,4.174,62.1706,14.9872,769.1924,0.773172,3.35388,708.7774,5.17802
32.19,0.00492547,994.9335,4.174,62.1723,14.9876,769.0442,0.773026,3.35454,708.7617,5.17691
32.2,0.0049286,994.93,4.174,62.174,14.988,768.896,0.77288,3.3552,708.746,5.1758
32.21,0.00493173,994.9265,4.174,62.1757,14.9884,768.7478,0.772734,3.35586,708.7303,5.17469
32.22,0.00493486,994.923,4.174,62.1774,14.9888,768.5996,0.772588,3.35652,708.7146,5.17358
32.23,0.00493799,994.9195,4.174,62.1791,14.9892,768.4514,0.772442,3.35718,708.6989,5.17247
32.24,0.00494112,994.916,4.174,62.1808,14.9896,768.3032,0.772296,3.35784,708.6832,5.17136
32.25,0.00494425,994.9125,4.174,62.1825,14.99,768.155,0.77215,3.3585,708.6675,5.17025
32.26,0.00494738,994.909,4.174,62.1842,14.9904,768.0068,0.772004,3.35916,708.6518,5.16914
32.27,0.00495051,994.9055,4.174,62.1859,14.9908,767.8586,0.771858,3.35982,708.6361,5.16803
32.28,0.00495364,994.902,4.174,62.1876,14.9912,767.7104,0.771712,3.36048,708.6204,5.16692
32.29,0.00495677,994.8985,4.174,62.1893,14.9916,767.5622,0.771566,3.36114,708.6047,5.16581
32.3,0.0049599,994.895,4.174,62.191,14.992,767.414,0.77142,3.3618,708.589,5.1647
32.31,0.00496303,994.8915,4.174,62.1927,14.9924,767.2658,0.771274,3.36246,708.5733,5.16359
32.32,0.00496616,994.888,4.174,62.1944,14.9928,767.1176,0.771128,3.36312,708.5576,5.16248
32.33,0.00496929,994.8845,4.174,62.1961,14.9932,766.9694,0.770982,3.36378,708.5419,5.16137
32.34,0.00497242,994.881,4.174,62.1978,14.9936,766.8212,0.770836,3.36444,708.5262,5.16026
32.35,0.00497555,994.8775,4.174,62.1995,14.994,766.673,0.77069,3.3651,708.5105,5.15915
32.36,0.00497868,994.874,4.174,62.2012,14.9944,766.5248,0.770544,3.36576,708.4948,5.15804
32.37,0.00498181,994.8705,4.174,62.2029,14.9948,766.3766,0.770398,3.36642,708.4791,5.15693
32.38,0.00498494,994.867,4.174,62.2046,14.9952,766.2284,0.770252,3.36708,708.4634,5.15582
32.39,0.00498807,994.8635,4.174,62.2063,14.9956,766.0802,0.770106,3.36774,708.4477,5.15471
32.4,0.0049912,994.86,4.174,62.208,14.996,765.932,0.76996,3.3684,708.432,5.1536
32.41,0.00499433,994.8565,4.174,62.2097,14.9964,765.7838,0.769814,3.36906,708.4163,5.15249
32.42,0.00499746,994.853,4.174,62.2114,14.9968,765.6356,0.769668,3.36972,708.4006,5.15138
32.43,0.00500059,994.8495,4.174,62.2131,14.9972,765.4874,0.769522,3.37038,708.3849,5.15027
32.44,0.00500372,994.846,4.174,62.2148,14.9976,765.3392,0.769376,3.37104,708.3692,5.14916
32.45,0.00500685,994.8425,4.174,62.2165,14.998,765.191,0.76923,3.3717,708.3535,5.14805
32.46,0.00500998,994.839,4.174,62.2182,14.9984,765.0428,0.769084,3.37236,708.3378,5.14694
32.47,0.00501311,994.8355,4.174,62.2199,14.9988,764.8946,0.768938,3.37302,708.3221,5.14583
32.48,0.00501624,994.832,4.174,62.2216,14.9992,764.7464,0.768792,3.37368,708.3064,5.14472
32.49,0.00501937,994.8285,4.174,62.2233,14.9996,764.5982,0.768646,3.37434,708.2907,5.14361
32.5,0.0050225,994.825,4.174,62.225,15,764.45,0.7685,3.375,708.275,5.1425
32.51,0.00502563,994.8215,4.174,62.2267,15.0004,764.3018,0.768354,3.37566,708.2593,5.14139
32.52,0.00502876,994.818,4.174,62.2284,15.0008,764.1536,0.768208,3.37632,708.2436,5.14028
32.53,0.00503189,994.8145,4.174,62.2301,15.0012,764.0054,0.768062,3.37698,708.2279,5.13917
32.54,0.00503502,994.811,4.174,62.2318,15.0016,763.8572,0.767916,3.37764,708.2122,5.13806
32.55,0.00503815,994.8075,4.174,62.2335,15.002,763.709,0.76777,3.3783,708.1965,5.13695
32.56,0.00504128,994.804,4.174,62.2352,15.0024,763.5608,0.767624,3.37896,708.1808,5.13584
32.57,0.00504441,994.8005,4.174,62.2369,15.0028,763.4126,0.767478,3.37962,708.1651,5.13473
32.58,0.00504754,994.797,4.174,62.2386,15.0032,763.2644,0.767332,3.38028,708.1494,5.13362
32.59,0.00505067,994.7935,4.174,62.2403,15.0036,763.1162,0.767186,3.38094,708.1337,5.13251
32.6,0.0050538,994.79,4.174,62.242,15.004,762.968,0.76704,3.3816,708.118,5.1314
32.61,0.00505693,994.7865,4.174,62.2437,15.0044,762.8198,0.766894,3.38226,708.1023,5.13029
32.62,0.00506006,994.783,4.174,62.2454,15.0048,762.6716,0.766748,3.38292,708.0866,5.12918
32.63,0.00506319,994.7795,4.174,62.2471,15.0052,762.5234,0.766602,3.38358,708.0709,5.12807
32.64,0.00506632,994.776,4.174,62.2488,15.0056,762.3752,0.766456,3.38424,708.0552,5.12696
32.65,0.00506945,994.7725,4.174,62.2505,15.006,762.227,0.76631,3.3849,708.0395,5.12585
32.66,0.00507258,994.769,4.174,62.2522,15.0064,762.0788,0.766164,3.38556,708.0238,5.12474
32.67,0.00507571,994.7655,4.174,62.2539,15.0068,761.9306,0.766018,3.38622,708.0081,5.12363
32.68,0.00507884,994.762,4.174,62.2556,15.0072,761.7824,0.765872,3.38688,707.9924,5.12252
32.69,0.00508197,994.7585,4.174,62.2573,15.0076,761.6342,0.765726,3.38754,707.9767,5.12141
32.7,0.0050851,994.755,4.174,62.259,15.008,761.486,0.76558,3.3882,707.961,5.1203
32.71,0.00508823,994.7515,4.174,62.2607,15.0084,761.3378,0.765434,3.38886,707.9453,5.11919
32.72,0.00509136,994.748,4.174,62.2624,15.0088,761.1896,0.765288,3.38952,707.9296,5.11808
32.73,0.00509449,994.7445,4.174,62.2641,15.0092,761.0414,0.765142,3.39018,707.9139,5.11697
32.74,0.00509762,994.741,4.174,62.2658,15.0096,760.8932,0.764996,3.39084,707.8982,5.11586
32.75,0.00510075,994.7375,4.174,62.2675,15.01,760.745,0.76485,3.3915,707.8825,5.11475
32.76,0.00510388,994.734,4.174,62.2692,15.0104,760.5968,0.764704,3.39216,707.8668,5.11364
32.77,0.00510701,994.7305,4.174,62.2709,15.0108,760.4486,0.764558,3.39282,707.8511,5.11253
32.78,0.00511014,994.727,4.174,62.2726,15.0112,760.3004,0.764412,3.39348,707.8354,5.11142
32.79,0.00511327,994.7235,4.174,62.2743,15.0116,760.1522,0.764266,3.39414,707.8197,5.11031
32.8,0.0051164,994.72,4.174,62.276,15.012,760.004,0.76412,3.3948,707.804,5.1092
32.81,0.00511953,994.7165,4.174,62.2777,15.0124,759.8558,0.763974,3.39546,707.7883,5.10809
32.82,0.00512266,994.713,4.174,62.2794,15.0128,759.7076,0.763828,3.39612,707.7726,5.10698
32.83,0.00512579,994.7095,4.174,62.2811,15.0132,759.5594,0.763682,3.39678,707.7569,5.10587
32.84,0.00512892,994.706,4.174,62.2828,15.0136,759.4112,0.763536,3.39744,707.7412,5.10476
32.85,0.00513205,994.7025,4.174,62.2845,15.014,759.263,0.76339,3.3981,707.7255,5.10365
32.86,0.00513518,994.699,4.174,62.2862,15.0144,759.1148,0.763244,3.39876,707.7098,5.10254
32.87,0.00513831,994.6955,4.174,62.2879,15.0148,758.9666,0.763098,3.39942,707.6941,5.10143
32.88,0.00514144,994.692,4.174,62.2896,15.0152,758.8184,0.762952,3.40008,707.6784,5.10032
32.89,0.00514457,994.6885,4.174,62.2913,15.0156,758.6702,0.762806,3.40074,707.6627,5.09921
32.9,0.0051477,994.685,4.174,62.293,15.016,758.522,0.76266,3.4014,707.647,5.0981
32.91,0.00515083,994.6815,4.174,62.2947,15.0164,758.3738,0.762514,3.40206,707.6313,5.09699
32.92,0.00515396,994.678,4.174,62.2964,15.0168,758.2256,0.762368,3.40272,707.6156,5.09588
32.93,0.00515709,994.6745,4.174,62.2981,15.0172,758.0774,0.762222,3.40338,707.5999,5.09477
32.94,0.00516022,994.671,4.174,62.2998,15.0176,757.9292,0.762076,3.40404,707.5842,5.09366
32.95,0.00516335,994.6675,4.174,62.3015,15.018,757.781,0.76193,3.4047,707.5685,5.09255
32.96,0.00516648,994.664,4.174,62.3032,15.0184,757.6328,0.761784,3.40536,707.5528,5.09144
32.97,0.00516961,994.6605,4.174,62.3049,15.0188,757.4846,0.761638,3.40602,707.5371,5.09033
32.98,0.00517274,994.657,4.174,62.3066,15.0192,757.3364,0.761492,3.40668,707.5214,5.08922
32.99,0.00517587,994.6535,4.174,62.3083,15.0196,757.1882,0.761346,3.40734,707.5057,5.08811
33,0.005179,994.65,4.174,62.31,15.02,757.04,0.7612,3.408,707.49,5.087
33.01,0.00518213,994.6465,4.174,62.3117,15.0204,756.8918,0.761054,3.40866,707.4743,5.08589
33.02,0.00518526,994.643,4.174,62.3134,15.0208,756.7436,0.760908,3.40932,707.4586,5.08478
33.03,0.00518839,994.6395,4.174,62.3151,15.0212,756.5954,0.760762,3.40998,707.4429,5.08367
33.04,0.00519152,994.636,4.174,62.3168,15.0216,756.4472,0.760616,3.41064,707.4272,5.08256
33.05,0.00519465,994.6325,4.174,62.3185,15.022,756.299,0.76047,3.4113,707.4115,5.08145
33.06,0.00519778,994.629,4.174,62.3202,15.0224,756.1508,0.760324,3.41196,707.3958,5.08034
33.07,0.00520091,994.6255,4.174,62.3219,15.0228,756.0026,0.760178,3.41262,707.3801,5.07923
33.08,0.00520404,994.622,4.174,62.3236,15.0232,755.8544,0.760032,3.41328,707.3644,5.07812
33.09,0.00520717,994.6185,4.174,62.3253,15.0236,755.7062,0.759886,3.41394,707.3487,5.07701
33.1,0.0052103,994.615,4.174,62.327,15.024,755.558,0.75974,3.4146,707.333,5.0759
33.11,0.00521343,994.6115,4.174,62.3287,15.0244,755.4098,0.759594,3.41526,707.3173,5.07479
33.12,0.00521656,994.608,4.174,62.3304,15.0248,755.2616,0.759448,3.41592,707.3016,5.07368
33.13,0.00521969,994.6045,4.174,62.3321,15.0252,755.1134,0.759302,3.41658,707.2859,5.07257
33.14,0.00522282,994.601,4.174,62.3338,15.0256,754.9652,0.759156,3.41724,707.2702,5.07146
33.15,0.00522595,994.5975,4.174,62.3355,15.026,754.817,0.75901,3.4179,707.2545,5.07035
33.16,0.00522908,994.594,4.174,62.3372,15.0264,754.6688,0.758864,3.41856,707.2388,5.06924
33.17,0.00523221,994.5905,4.174,62.3389,15.0268,754.5206,0.758718,3.41922,707.2231,5.06813
33.18,0.00523534,994.587,4.174,62.3406,15.0272,754.3724,0.758572,3.41988,707.2074,5.06702
33.19,0.00523847,994.5835,4.174,62.3423,15.0276,754.2242,0.758426,3.42054,707.1917,5.06591
33.2,0.0052416,994.58,4.174,62.344,15.028,754.076,0.75828,3.4212,707.176,5.0648
33.21,0.00524473,994.5765,4.174,62.3457,15.0284,753.9278,0.758134,3.42186,707.1603,5.06369
33.22,0.00524786,994.573,4.174,62.3474,15.0288,753.7796,0.757988,3.42252,707.1446,5.06258
33.23,0.00525099,994.5695,4.174,62.3491,15.0292,753.6314,0.757842,3.42318,707.1289,5.06147
33.24,0.00525412,994.566,4.174,62.3508,15.0296,753.4832,0.757696,3.42384,707.1132,5.06036
33.25,0.00525725,994.5625,4.174,62.3525,15.03,753.335,0.75755,3.4245,707.0975,5.05925
33.26,0.00526038,994.559,4.174,62.3542,15.0304,753.1868,0.757404,3.42516,707.0818,5.05814
33.27,0.00526351,994.5555,4.174,62.3559,15.0308,753.0386,0.757258,3.42582,707.0661,5.05703
33.28,0.00526664,994.552,4.174,62.3576,15.0312,752.8904,0.757112,3.42648,707.0504,5.05592
33.29,0.00526977,994.5485,4.174,62.3593,15.0316,752.7422,0.756966,3.42714,707.0347,5.05481
33.3,0.0052729,994.545,4.174,62.361,15.032,752.594,0.75682,3.4278,707.019,5.0537
33.31,0.00527603,994.5415,4.174,62.3627,15.0324,752.4458,0.756674,3.42846,707.0033,5.05259
33.32,0.00527916,994.538,4.174,62.3644,15.0328,752.2976,0.756528,3.42912,706.9876,5.05148
33.33,0.00528229,994.5345,4.174,62.3661,15.0332,752.1494,0.756382,3.42978,706.9719,5.05037
33.34,0.00528542,994.531,4.174,62.3678,15.0336,752.0012,0.756236,3.43044,706.9562,5.04926
33.35,0.00528855,994.5275,4.174,62.3695,15.034,751.853,0.75609,3.4311,706.9405,5.04815
33.36,0.00529168,994.524,4.174,62.3712,15.0344,751.7048,0.755944,3.43176,706.9248,5.04704
33.37,0.00529481,994.5205,4.174,62.3729,15.0348,751.5566,0.755798,3.43242,706.9091,5.04593
33.38,0.00529794,994.517,4.174,62.3746,15.0352,751.4084,0.755652,3.43308,706.8934,5.04482
33.39,0.00530107,994.5135,4.174,62.3763,15.0356,751.2602,0.755506,3.43374,706.8777,5.04371
33.4,0.0053042,994.51,4.174,62.378,15.036,751.112,0.75536,3.4344,706.862,5.0426
33.41,0.00530733,994.5065,4.174,62.3797,15.0364,750.9638,0.755214,3.43506,706.8463,5.04149
33.42,0.00531046,994.503,4.174,62.3814,15.0368,750.8156,0.755068,3.43572,706.8306,5.04038
33.43,0.00531359,994.4995,4.174,62.3831,15.0372,750.6674,0.754922,3.43638,706.8149,5.03927
33.44,0.00531672,994.496,4.174,62.3848,15.0376,750.5192,0.754776,3.43704,706.7992,5.03816
33.45,0.00531985,994.4925,4.174,62.3865,15.038,750.371,0.75463,3.4377,706.7835,5.03705
33.46,0.00532298,994.489,4.174,62.3882,15.0384,750.2228,0.754484,3.43836,706.7678,5.03594
33.47,0.00532611,994.4855,4.174,62.3899,15.0388,750.0746,0.754338,3.43902,706.7521,5.03483
33.48,0.00532924,994.482,4.174,62.3916,15.0392,749.9264,0.754192,3.43968,706.7364,5.03372
33.49,0.00533237,994.4785,4.174,62.3933,15.0396,749.7782,0.754046,3.44034,706.7207,5.03261
33.5,0.0053355,994.475,4.174,62.395,15.04,749.63,0.7539,3.441,706.705,5.0315
33.51,0.00533863,994.4715,4.174,62.3967,15.0404,749.4818,0.753754,3.44166,706.6893,5.03039
33.52,0.00534176,994.468,4.174,62.3984,15.0408,749.3336,0.753608,3.44232,706.6736,5.02928
33.53,0.00534489,994.4645,4.174,62.4001,15.0412,749.1854,0.753462,3.44298,706.6579,5.02817
33.54,0.00534802,994.461,4.174,62.4018,15.0416,749.0372,0.753316,3.44364,706.6422,5.02706
33.55,0.00535115,994.4575,4.174,62.4035,15.042,748.889,0.75317,3.4443,706.6265,5.02595
33.56,0.00535428,994.454,4.174,62.4052,15.0424,748.7408,0.753024,3.44496,706.6108,5.02484
33.57,0.00535741,994.4505,4.174,62.4069,15.0428,748.5926,0.752878,3.44562,706.5951,5.02373
33.58,0.00536054,994.447,4.174,62.4086,15.0432,748.4444,0.752732,3.44628,706.5794,5.02262
33.59,0.00536367,994.4435,4.174,62.4103,15.0436,748.2962,0.752586,3.44694,706.5637,5.02151
33.6,0.0053668,994.44,4.174,62.412,15.044,748.148,0.75244,3.4476,706.548,5.0204
33.61,0.00536993,994.4365,4.174,62.4137,15.0444,747.9998,0.752294,3.44826,706.5323,5.01929
33.62,0.00537306,994.433,4.174,62.4154,15.0448,747.8516,0.752148,3.44892,706.5166,5.01818
33.63,0.00537619,994.4295,4.174,62.4171,15.0452,747.7034,0.752002,3.44958,706.5009,5.01707
33.64,0.00537932,994.426,4.174,62.4188,15.0456,747.5552,0.751856,3.45024,706.4852,5.01596
33.65,0.00538245,994.4225,4.174,62.4205,15.046,747.407,0.75171,3.4509,706.4695,5.01485
33.66,0.00538558,994.419,4.174,62.4222,15.0464,747.2588,0.751564,3.45156,706.4538,5.01374
33.67,0.00538871,994.4155,4.174,62.4239,15.0468,747.1106,0.751418,3.45222,706.4381,5.01263
33.68,0.00539184,994.412,4.174,62.4256,15.0472,746.9624,0.751272,3.45288,706.4224,5.01152
33.69,0.00539497,994.4085,4.174,62.4273,15.0476,746.8142,0.751126,3.45354,706.4067,5.01041
33.7,0.0053981,994.405,4.174,62.429,15.048,746.666,0.75098,3.4542,706.391,5.0093
33.71,0.00540123,994.4015,4.174,62.4307,15.0484,746.5178,0.750834,3.45486,706.3753,5.00819
33.72,0.00540436,994.398,4.174,62.4324,15.0488,746.3696,0.750688,3.45552,706.3596,5.00708
33.73,0.00540749,994.3945,4.174,62.4341,15.0492,746.2214,0.750542,3.45618,706.3439,5.00597
33.74,0.00541062,994.391,4.174,62.4358,15.0496,746.0732,0.750396,3.45684,706.3282,5.00486
33.75,0.00541375,994.3875,4.174,62.4375,15.05,745.925,0.75025,3.4575,706.3125,5.00375
33.76,0.00541688,994.384,4.174,62.4392,15.0504,745.7768,0.750104,3.45816,706.2968,5.00264
33.77,0.00542001,994.3805,4.174,62.4409,15.0508,745.6286,0.749958,3.45882,706.2811,5.00153
33.78,0.00542314,994.377,4.174,62.4426,15.0512,745.4804,0.749812,3.45948,706.2654,5.00042
33.79,0.00542627,994.3735,4.174,62.4443,15.0516,745.3322,0.749666,3.46014,706.2497,4.99931
33.8,0.0054294,994.37,4.174,62.446,15.052,745.184,0.74952,3.4608,706.234,4.9982
33.81,0.00543253,994.3665,4.174,62.4477,15.0524,745.0358,0.749374,3.46146,706.2183,4.99709
33.82,0.00543566,994.363,4.174,62.4494,15.0528,744.8876,0.749228,3.46212,706.2026,4.99598
33.83,0.00543879,994.3595,4.174,62.4511,15.0532,744.7394,0.749082,3.46278,706.1869,4.99487
33.84,0.00544192,994.356,4.174,62.4528,15.0536,744.5912,0.748936,3.46344,706.1712,4.99376
33.85,0.00544505,994.3525,4.174,62.4545,15.054,744.443,0.74879,3.4641,706.1555,4.99265
33.86,0.00544818,994.349,4.174,62.4562,15.0544,744.2948,0.748644,3.46476,706.1398,4.99154
33.87,0.00545131,994.3455,4.174,62.4579,15.0548,744.1466,0.748498,3.46542,706.1241,4.99043
33.88,0.00545444,994.342,4.174,62.4596,15.0552,743.9984,0.748352,3.46608,706.1084,4.98932
33.89,0.00545757,994.3385,4.174,62.4613,15.0556,743.8502,0.748206,3.46674,706.0927,4.98821
33.9,0.0054607,994.335,4.174,62.463,15.056,743.702,0.74806,3.4674,706.077,4.9871
33.91,0.00546383,994.3315,4.174,62.4647,15.0564,743.5538,0.747914,3.46806,706.0613,4.98599
33.92,0.00546696,994.328,4.174,62.4664,15.0568,743.4056,0.747768,3.46872,706.0456,4.98488
33.93,0.00547009,994.3245,4.174,62.4681,15.0572,743.2574,0.747622,3.46938,706.0299,4.98377
33.94,0.00547322,994.321,4.174,62.4698,15.0576,743.1092,0.747476,3.47004,706.0142,4.98266
33.95,0.00547635,994.3175,4.174,62.4715,15.058,742.961,0.74733,3.4707,705.9985,4.98155
33.96,0.00547948,994.314,4.174,62.4732,15.0584,742.8128,0.747184,3.47136,705.9828,4.98044
33.97,0.00548261,994.3105,4.174,62.4749,15.0588,742.6646,0.747038,3.47202,705.9671,4.97933
33.98,0.00548574,994.307,4.174,62.4766,15.0592,742.5164,0.746892,3.47268,705.9514,4.97822
33.99,0.00548887,994.3035,4.174,62.4783,15.0596,742.3682,0.746746,3.47334,705.9357,4.97711
34,0.005492,994.3,4.174,62.48,15.06,742.22,0.7466,3.474,705.92,4.976
34.01,0.00549513,994.2965,4.174,62.4817,15.0604,742.0718,0.746454,3.47466,705.9043,4.97489
34.02,0.00549826,994.293,4.174,62.4834,15.0608,741.9236,0.746308,3.47532,705.8886,4.97378
34.03,0.00550139,994.2895,4.174,62.4851,15.0612,741.7754,0.746162,3.47598,705.8729,4.97267
34.04,0.00550452,994.286,4.174,62.4868,15.0616,741.6272,0.746016,3.47664,705.8572,4.97156
34.05,0.00550765,994.2825,4.174,62.4885,15.062,741.479,0.74587,3.4773,705.8415,4.97045
34.06,0.00551078,994.279,4.174,62.4902,15.0624,741.3308,0.745724,3.47796,705.8258,4.96934
34.07,0.00551391,994.2755,4.174,62.4919,15.0628,741.1826,0.745578,3.47862,705.8101,4.96823
34.08,0.00551704,994.272,4.174,62.4936,15.0632,741.0344,0.745432,3.47928,705.7944,4.96712
34.09,0.00552017,994.2685,4.174,62.4953,15.0636,740.8862,0.745286,3.47994,705.7787,4.96601
34.1,0.0055233,994.265,4.174,62.497,15.064,740.738,0.74514,3.4806,705.763,4.9649
34.11,0.00552643,994.2615,4.174,62.4987,15.0644,740.5898,0.744994,3.48126,705.7473,4.96379
34.12,0.00552956,994.258,4.174,62.5004,15.0648,740.4416,0.744848,3.48192,705.7316,4.96268
34.13,0.00553269,994.2545,4.174,62.5021,15.0652,740.2934,0.744702,3.48258,705.7159,4.96157
34.14,0.00553582,994.251,4.174,62.5038,15.0656,740.1452,0.744556,3.48324,705.7002,4.96046
34.15,0.00553895,994.2475,4.174,62.5055,15.066,739.997,0.74441,3.4839,705.6845,4.95935
34.16,0.00554208,994.244,4.174,62.5072,15.0664,739.8488,0.744264,3.48456,705.6688,4.95824
34.17,0.00554521,994.2405,4.174,62.5089,15.0668,739.7006,0.744118,3.48522,705.6531,4.95713
34.18,0.00554834,994.237,4.174,62.5106,15.0672,739.5524,0.743972,3.48588,705.6374,4.95602
34.19,0.00555147,994.2335,4.174,62.5123,15.0676,739.4042,0.743826,3.48654,705.6217,4.95491
34.2,0.0055546,994.23,4.174,62.514,15.068,739.256,0.74368,3.4872,705.606,4.9538
34.21,0.00555773,994.2265,4.174,62.5157,15.0684,739.1078,0.743534,3.48786,705.5903,4.95269
34.22,0.00556086,994.223,4.174,62.5174,15.0688,738.9596,0.743388,3.48852,705.5746,4.95158
34.23,0.00556399,994.2195,4.174,62.5191,15.0692,738.8114,0.743242,3.48918,705.5589,4.95047
34.24,0.00556712,994.216,4.174,62.5208,15.0696,738.6632,0.743096,3.48984,705.5432,4.94936
34.25,0.00557025,994.2125,4.174,62.5225,15.07,738.515,0.74295,3.4905,705.5275,4.94825
34.26,0.00557338,994.209,4.174,62.5242,15.0704,738.3668,0.742804,3.49116,705.5118,4.94714
34.27,0.00557651,994.2055,4.174,62.5259,15.0708,738.2186,0.742658,3.49182,705.4961,4.94603
34.28,0.00557964,994.202,4.174,62.5276,15.0712,738.0704,0.742512,3.49248,705.4804,4.94492
34.29,0.00558277,994.1985,4.174,62.5293,15.0716,737.9222,0.742366,3.49314,705.4647,4.94381
34.3,0.0055859,994.195,4.174,62.531,15.072,737.774,0.74222,3.4938,705.449,4.9427
34.31,0.00558903,994.1915,4.174,62.5327,15.0724,737.6258,0.742074,3.49446,705.4333,4.94159
34.32,0.00559216,994.188,4.174,62.5344,15.0728,737.4776,0.741928,3.49512,705.4176,4.94048
34.33,0.00559529,994.1845,4.174,62.5361,15.0732,737.3294,0.741782,3.49578,705.4019,4.93937
34.34,0.00559842,994.181,4.174,62.5378,15.0736,737.1812,0.741636,3.49644,705.3862,4.93826
34.35,0.00560155,994.1775,4.174,62.5395,15.074,737.033,0.74149,3.4971,705.3705,4.93715
34.36,0.00560468,994.174,4.174,62.5412,15.0744,736.8848,0.741344,3.49776,705.3548,4.93604
34.37,0.00560781,994.1705,4.174,62.5429,15.0748,736.7366,0.741198,3.49842,705.3391,4.93493
34.38,0.00561094,994.167,4.174,62.5446,15.0752,736.5884,0.741052,3.49908,705.3234,4.93382
34.39,0.00561407,994.1635,4.174,62.5463,15.0756,736.4402,0.740906,3.49974,705.3077,4.93271
34.4,0.0056172,994.16,4.174,62.548,15.076,736.292,0.74076,3.5004,705.292,4.9316
34.41,0.00562033,994.1565,4.174,62.5497,15.0764,736.1438,0.740614,3.50106,705.2763,4.93049
34.42,0.00562346,994.153,4.174,62.5514,15.0768,735.9956,0.740468,3.50172,705.2606,4.92938
34.43,0.00562659,994.1495,4.174,62.5531,15.0772,735.8474,0.740322,3.50238,705.2449,4.92827
34.44,0.00562972,994.146,4.174,62.5548,15.0776,735.6992,0.740176,3.50304,705.2292,4.92716
34.45,0.00563285,994.1425,4.174,62.5565,15.078,735.551,0.74003,3.5037,705.2135,4.92605
34.46,0.00563598,994.139,4.174,62.5582,15.0784,735.4028,0.739884,3.50436,705.1978,4.92494
34.47,0.00563911,994.1355,4.174,62.5599,15.0788,735.2546,0.739738,3.50502,705.1821,4.92383
34.48,0.00564224,994.132,4.174,62.5616,15.0792,735.1064,0.739592,3.50568,705.1664,4.92272
34.49,0.00564537,994.1285,4.174,62.5633,15.0796,734.9582,0.739446,3.50634,705.1507,4.92161
34.5,0.0056485,994.125,4.174,62.565,15.08,734.81,0.7393,3.507,705.135,4.9205
34.51,0.00565163,994.1215,4.174,62.5667,15.0804,734.6618,0.739154,3.50766,705.1193,4.91939
34.52,0.00565476,994.118,4.174,62.5684,15.0808,734.5136,0.739008,3.50832,705.1036,4.91828
34.53,0.00565789,994.1145,4.174,62.5701,15.0812,734.3654,0.738862,3.50898,705.0879,4.91717
34.54,0.00566102,994.111,4.174,62.5718,15.0816,734.2172,0.738716,3.50964,705.0722,4.91606
34.55,0.00566415,994.1075,4.174,62.5735,15.082,734.069,0.73857,3.5103,705.0565,4.91495
34.56,0.00566728,994.104,4.174,62.5752,15.0824,733.9208,0.738424,3.51096,705.0408,4.91384
34.57,0.00567041,994.1005,4.174,62.5769,15.0828,733.7726,0.738278,3.51162,705.0251,4.91273
34.58,0.00567354,994.097,4.174,62.5786,15.0832,733.6244,0.738132,3.51228,705.0094,4.91162
34.59,0.00567667,994.0935,4.174,62.5803,15.0836,733.4762,0.737986,3.51294,704.9937,4.91051
34.6,0.0056798,994.09,4.174,62.582,15.084,733.328,0.73784,3.5136,704.978,4.9094
34.61,0.00568293,994.0865,4.174,62.5837,15.0844,733.1798,0.737694,3.51426,704.9623,4.90829
34.62,0.00568606,994.083,4.174,62.5854,15.0848,733.0316,0.737548,3.51492,704.9466,4.90718
34.63,0.00568919,994.0795,4.174,62.5871,15.0852,732.8834,0.737402,3.51558,704.9309,4.90607
34.64,0.00569232,994.076,4.174,62.5888,15.0856,732.7352,0.737256,3.51624,704.9152,4.90496
34.65,0.00569545,994.0725,4.174,62.5905,15.086,732.587,0.73711,3.5169,704.8995,4.90385
34.66,0.00569858,994.069,4.174,62.5922,15.0864,732.4388,0.736964,3.51756,704.8838,4.90274
34.67,0.00570171,994.0655,4.174,62.5939,15.0868,732.2906,0.736818,3.51822,704.8681,4.90163
34.68,0.00570484,994.062,4.174,62.5956,15.0872,732.1424,0.736672,3.51888,704.8524,4.90052
34.69,0.00570797,994.0585,4.174,62.5973,15.0876,731.9942,0.736526,3.51954,704.8367,4.89941
34.7,0.0057111,994.055,4.174,62.599,15.088,731.846,0.73638,3.5202,704.821,4.8983
34.71,0.00571423,994.0515,4.174,62.6007,15.0884,731.6978,0.736234,3.52086,704.8053,4.89719
34.72,0.00571736,994.048,4.174,62.6024,15.0888,731.5496,0.736088,3.52152,704.7896,4.89608
34.73,0.00572049,994.0445,4.174,62.6041,15.0892,731.4014,0.735942,3.52218,704.7739,4.89497
34.74,0.00572362,994.041,4.174,62.6058,15.0896,731.2532,0.735796,3.52284,704.7582,4.89386
34.75,0.00572675,994.0375,4.174,62.6075,15.09,731.105,0.73565,3.5235,704.7425,4.89275
34.76,0.00572988,994.034,4.174,62.6092,15.0904,730.9568,0.735504,3.52416,704.7268,4.89164
34.77,0.00573301,994.0305,4.174,62.6109,15.0908,730.8086,0.735358,3.52482,704.7111,4.89053
34.78,0.00573614,994.027,4.174,62.6126,15.0912,730.6604,0.735212,3.52548,704.6954,4.88942
34.79,0.00573927,994.0235,4.174,62.6143,15.0916,730.5122,0.735066,3.52614,704.6797,4.88831
34.8,0.0057424,994.02,4.174,62.616,15.092,730.364,0.73492,3.5268,704.664,4.8872
34.81,0.00574553,994.0165,4.174,62.6177,15.0924,730.2158,0.734774,3.52746,704.6483,4.88609
34.82,0.00574866,994.013,4.174,62.6194,15.0928,730.0676,0.734628,3.52812,704.6326,4.88498
34.83,0.00575179,994.0095,4.174,62.6211,15.0932,729.9194,0.734482,3.52878,704.6169,4.88387
34.84,0.00575492,994.006,4.174,62.6228,15.0936,729.7712,0.734336,3.52944,704.6012,4.88276
34.85,0.00575805,994.0025,4.174,62.6245,15.094,729.623,0.73419,3.5301,704.5855,4.88165
34.86,0.00576118,993.999,4.174,62.6262,15.0944,729.4748,0.734044,3.53076,704.5698,4.88054
34.87,0.00576431,993.9955,4.174,62.6279,15.0948,729.3266,0.733898,3.53142,704.5541,4.87943
34.88,0.00576744,993.992,4.174,62.6296,15.0952,729.1784,0.733752,3.53208,704.5384,4.87832
34.89,0.00577057,993.9885,4.174,62.6313,15.0956,729.0302,0.733606,3.53274,704.5227,4.87721
34.9,0.0057737,993.985,4.174,62.633,15.096,728.882,0.73346,3.5334,704.507,4.8761
34.91,0.00577683,993.9815,4.174,62.6347,15.0964,728.7338,0.733314,3.53406,704.4913,4.87499
34.92,0.00577996,993.978,4.174,62.6364,15.0968,728.5856,0.733168,3.53472,704.4756,4.87388
34.93,0.00578309,993.9745,4.174,62.6381,15.0972,728.4374,0.733022,3.53538,704.4599,4.87277
34.94,0.00578622,993.971,4.174,62.6398,15.0976,728.2892,0.732876,3.53604,704.4442,4.87166
34.95,0.00578935,993.9675,4.174,62.6415,15.098,728.141,0.73273,3.5367,704.4285,4.87055
34.96,0.00579248,993.964,4.174,62.6432,15.0984,727.9928,0.732584,3.53736,704.4128,4.86944
34.97,0.00579561,993.9605,4.174,62.6449,15.0988,727.8446,0.732438,3.53802,704.3971,4.86833
34.98,0.00579874,993.957,4.174,62.6466,15.0992,727.6964,0.732292,3.53868,704.3814,4.86722
34.99,0.00580187,993.9535,4.174,62.6483,15.0996,727.5482,0.732146,3.53934,704.3657,4.86611
35,0.005805,993.95,4.174,62.65,15.1,727.4,0.732,3.54,704.35,4.865
35.01,0.00580813,993.9465,4.174,62.6517,15.1004,727.2518,0.731854,3.54066,704.3343,4.86389
35.02,0.00581126,993.943,4.174,62.6534,15.1008,727.1036,0.731708,3.54132,704.3186,4.86278
35.03,0.00581439,993.9395,4.174,62.6551,15.1012,726.9554,0.731562,3.54198,704.3029,4.86167
35.04,0.00581752,993.936,4.174,62.6568,15.1016,726.8072,0.731416,3.54264,704.2872,4.86056
35.05,0.00582065,993.9325,4.174,62.6585,15.102,726.659,0.73127,3.5433,704.2715,4.85945
35.06,0.00582378,993.929,4.174,62.6602,15.1024,726.5108,0.731124,3.54396,704.2558,4.85834
35.07,0.00582691,993.9255,4.174,62.6619,15.1028,726.3626,0.730978,3.54462,704.2401,4.85723
35.08,0.00583004,993.922,4.174,62.6636,15.1032,726.2144,0.730832,3.54528,704.2244,4.85612
35.09,0.00583317,993.9185,4.174,62.6653,15.1036,726.0662,0.730686,3.54594,704.2087,4.85501
35.1,0.0058363,993.915,4.174,62.667,15.104,725.918,0.73054,3.5466,704.193,4.8539
35.11,0.00583943,993.9115,4.174,62.6687,15.1044,725.7698,0.730394,3.54726,704.1773,4.85279
35.12,0.00584256,993.908,4.174,62.6704,15.1048,725.6216,0.730248,3.54792,704.1616,4.85168
35.13,0.00584569,993.9045,4.174,62.6721,15.1052,725.4734,0.730102,3.54858,704.1459,4.85057
35.14,0.00584882,993.901,4.174,62.6738,15.1056,725.3252,0.729956,3.54924,704.1302,4.84946
35.15,0.00585195,993.8975,4.174,62.6755,15.106,725.177,0.72981,3.5499,704.1145,4.84835
35.16,0.00585508,993.894,4.174,62.6772,15.1064,725.0288,0.729664,3.55056,704.0988,4.84724
35.17,0.00585821,993.8905,4.174,62.6789,15.1068,724.8806,0.729518,3.55122,704.0831,4.84613
35.18,0.00586134,993.887,4.174,62.6806,15.1072,724.7324,0.729372,3.55188,704.0674,4.84502
35.19,0.00586447,993.8835,4.174,62.6823,15.1076,724.5842,0.729226,3.55254,704.0517,4.84391
35.2,0.0058676,993.88,4.174,62.684,15.108,724.436,0.72908,3.5532,704.036,4.8428
35.21,0.00587073,993.8765,4.174,62.6857,15.1084,724.2878,0.728934,3.55386,704.0203,4.84169
35.22,0.00587386,993.873,4.174,62.6874,15.1088,724.1396,0.728788,3.55452,704.0046,4.84058
35.23,0.00587699,993.8695,4.174,62.6891,15.1092,723.9914,0.728642,3.55518,703.9889,4.83947
35.24,0.00588012,993.866,4.174,62.6908,15.1096,723.8432,0.728496,3.55584,703.9732,4.83836
35.25,0.00588325,993.8625,4.174,62.6925,15.11,723.695,0.72835,3.5565,703.9575,4.83725
35.26,0.00588638,993.859,4.174,62.6942,15.1104,723.5468,0.728204,3.55716,703.9418,4.83614
35.27,0.00588951,993.8555,4.174,62.6959,15.1108,723.3986,0.728058,3.55782,703.9261,4.83503
35.28,0.00589264,993.852,4.174,62.6976,15.1112,723.2504,0.727912,3.55848,703.9104,4.83392
35.29,0.00589577,993.8485,4.174,62.6993,15.1116,723.1022,0.727766,3.55914,703.8947,4.83281
35.3,0.0058989,993.845,4.174,62.701,15.112,722.954,0.72762,3.5598,703.879,4.8317
35.31,0.00590203,993.8415,4.174,62.7027,15.1124,722.8058,0.727474,3.56046,703.8633,4.83059
35.32,0.00590516,993.838,4.174,62.7044,15.1128,722.6576,0.727328,3.56112,703.8476,4.82948
35.33,0.00590829,993.8345,4.174,62.7061,15.1132,722.5094,0.727182,3.56178,703.8319,4.82837
35.34,0.00591142,993.831,4.174,62.7078,15.1136,722.3612,0.727036,3.56244,703.8162,4.82726
35.35,0.00591455,993.8275,4.174,62.7095,15.114,722.213,0.72689,3.5631,703.8005,4.82615
35.36,0.00591768,993.824,4.174,62.7112,15.1144,722.0648,0.726744,3.56376,703.7848,4.82504
35.37,0.00592081,993.8205,4.174,62.7129,15.1148,721.9166,0.726598,3.56442,703.7691,4.82393
35.38,0.00592394,993.817,4.174,62.7146,15.1152,721.7684,0.726452,3.56508,703.7534,4.82282
35.39,0.00592707,993.8135,4.174,62.7163,15.1156,721.6202,0.726306,3.56574,703.7377,4.82171
35.4,0.0059302,993.81,4.174,62.718,15.116,721.472,0.72616,3.5664,703.722,4.8206
35.41,0.00593333,993.8065,4.174,62.7197,15.1164,721.3238,0.726014,3.56706,703.7063,4.81949
35.42,0.00593646,993.803,4.174,62.7214,15.1168,721.1756,0.725868,3.56772,703.6906,4.81838
35.43,0.00593959,993.7995,4.174,62.7231,15.1172,721.0274,0.725722,3.56838,703.6749,4.81727
35.44,0.00594272,993.796,4.174,62.7248,15.1176,720.8792,0.725576,3.56904,703.6592,4.81616
35.45,0.00594585,993.7925,4.174,62.7265,15.118,720.731,0.72543,3.5697,703.6435,4.81505
35.46,0.00594898,993.789,4.174,62.7282,15.1184,720.5828,0.725284,3.57036,703.6278,4.81394
35.47,0.00595211,993.7855,4.174,62.7299,15.1188,720.4346,0.725138,3.57102,703.6121,4.81283
35.48,0.00595524,993.782,4.174,62.7316,15.1192,720.2864,0.724992,3.57168,703.5964,4.81172
35.49,0.00595837,993.7785,4.174,62.7333,15.1196,720.1382,0.724846,3.57234,703.5807,4.81061
35.5,0.0059615,993.775,4.174,62.735,15.12,719.99,0.7247,3.573,703.565,4.8095
35.51,0.00596463,993.7715,4.174,62.7367,15.1204,719.8418,0.724554,3.57366,703.5493,4.80839
35.52,0.00596776,993.768,4.174,62.7384,15.1208,719.6936,0.724408,3.57432,703.5336,4.80728
35.53,0.00597089,993.7645,4.174,62.7401,15.1212,719.5454,0.724262,3.57498,703.5179,4.80617
35.54,0.00597402,993.761,4.174,62.7418,15.1216,719.3972,0.724116,3.57564,703.5022,4.80506
35.55,0.00597715,993.7575,4.174,62.7435,15.122,719.249,0.72397,3.5763,703.4865,4.80395
35.56,0.00598028,993.754,4.174,62.7452,15.1224,719.1008,0.723824,3.57696,703.4708,4.80284
35.57,0.00598341,993.7505,4.174,62.7469,15.1228,718.9526,0.723678,3.57762,703.4551,4.80173
35.58,0.00598654,993.747,4.174,62.7486,15.1232,718.8044,0.723532,3.57828,703.4394,4.80062
35.59,0.00598967,993.7435,4.174,62.7503,15.1236,718.6562,0.723386,3.57894,703.4237,4.79951
35.6,0.0059928,993.74,4.174,62.752,15.124,718.508,0.72324,3.5796,703.408,4.7984
35.61,0.00599593,993.7365,4.174,62.7537,15.1244,718.3598,0.723094,3.58026,703.3923,4.79729
35.62,0.00599906,993.733,4.174,62.7554,15.1248,718.2116,0.722948,3.58092,703.3766,4.79618
35.63,0.00600219,993.7295,4.174,62.7571,15.1252,718.0634,0.722802,3.58158,703.3609,4.79507
35.64,0.00600532,993.726,4.174,62.7588,15.1256,717.9152,0.722656,3.58224,703.3452,4.79396
35.65,0.00600845,993.7225,4.174,62.7605,15.126,717.767,0.72251,3.5829,703.3295,4.79285
35.66,0.00601158,993.719,4.174,62.7622,15.1264,717.6188,0.722364,3.58356,703.3138,4.79174
35.67,0.00601471,993.7155,4.174,62.7639,15.1268,717.4706,0.722218,3.58422,703.2981,4.79063
35.68,0.00601784,993.712,4.174,62.7656,15.1272,717.3224,0.722072,3.58488,703.2824,4.78952
35.69,0.00602097,993.7085,4.174,62.7673,15.1276,717.1742,0.721926,3.58554,703.2667,4.78841
35.7,0.0060241,993.705,4.174,62.769,15.128,717.026,0.72178,3.5862,703.251,4.7873
35.71,0.00602723,993.7015,4.174,62.7707,15.1284,716.8778,0.721634,3.58686,703.2353,4.78619
35.72,0.00603036,993.698,4.174,62.7724,15.1288,716.7296,0.721488,3.58752,703.2196,4.78508
35.73,0.00603349,993.6945,4.174,62.7741,15.1292,716.5814,0.721342,3.58818,703.2039,4.78397
35.74,0.00603662,993.691,4.174,62.7758,15.1296,716.4332,0.721196,3.58884,703.1882,4.78286
35.75,0.00603975,993.6875,4.174,62.7775,15.13,716.285,0.72105,3.5895,703.1725,4.78175
35.76,0.00604288,993.684,4.174,62.7792,15.1304,716.1368,0.720904,3.59016,703.1568,4.78064
35.77,0.00604601,993.6805,4.174,62.7809,15.1308,715.9886,0.720758,3.59082,703.1411,4.77953
35.78,0.00604914,993.677,4.174,62.7826,15.1312,715.8404,0.720612,3.59148,703.1254,4.77842
35.79,0.00605227,993.6735,4.174,62.7843,15.1316,715.6922,0.720466,3.59214,703.1097,4.77731
35.8,0.0060554,993.67,4.174,62.786,15.132,715.544,0.72032,3.5928,703.094,4.7762
35.81,0.00605853,993.6665,4.174,62.7877,15.1324,715.3958,0.720174,3.59346,703.0783,4.77509
35.82,0.00606166,993.663,4.174,62.7894,15.1328,715.2476,0.720028,3.59412,703.0626,4.77398
35.83,0.00606479,993.6595,4.174,62.7911,15.1332,715.0994,0.719882,3.59478,703.0469,4.77287
35.84,0.00606792,993.656,4.174,62.7928,15.1336,714.9512,0.719736,3.59544,703.0312,4.77176
35.85,0.00607105,993.6525,4.174,62.7945,15.134,714.803,0.71959,3.5961,703.0155,4.77065
35.86,0.00607418,993.649,4.174,62.7962,15.1344,714.6548,0.719444,3.59676,702.9998,4.76954
35.87,0.00607731,993.6455,4.174,62.7979,15.1348,714.5066,0.719298,3.59742,702.9841,4.76843
35.88,0.00608044,993.642,4.174,62.7996,15.1352,714.3584,0.719152,3.59808,702.9684,4.76732
35.89,0.00608357,993.6385,4.174,62.8013,15.1356,714.2102,0.719006,3.59874,702.9527,4.76621
35.9,0.0060867,993.635,4.174,62.803,15.136,714.062,0.71886,3.5994,702.937,4.7651
35.91,0.00608983,993.6315,4.174,62.8047,15.1364,713.9138,0.718714,3.60006,702.9213,4.76399
35.92,0.00609296,993.628,4.174,62.8064,15.1368,713.7656,0.718568,3.60072,702.9056,4.76288
35.93,0.00609609,993.6245,4.174,62.8081,15.1372,713.6174,0.718422,3.60138,702.8899,4.76177
35.94,0.00609922,993.621,4.174,62.8098,15.1376,713.4692,0.718276,3.60204,702.8742,4.76066
35.95,0.00610235,993.6175,4.174,62.8115,15.138,713.321,0.71813,3.6027,702.8585,4.75955
35.96,0.00610548,993.614,4.174,62.8132,15.1384,713.1728,0.717984,3.60336,702.8428,4.75844
35.97,0.00610861,993.6105,4.174,62.8149,15.1388,713.0246,0.717838,3.60402,702.8271,4.75733
35.98,0.00611174,993.607,4.174,62.8166,15.1392,712.8764,0.717692,3.60468,702.8114,4.75622
35.99,0.00611487,993.6035,4.174,62.8183,15.1396,712.7282,0.717546,3.60534,702.7957,4.75511
36,0.006118,993.6,4.174,62.82,15.14,712.58,0.7174,3.606,702.78,4.754
36.01,0.00612113,993.5965,4.174,62.8217,15.1404,712.4318,0.717254,3.60666,702.7643,4.75289
36.02,0.00612426,993.593,4.174,62.8234,15.1408,712.2836,0.717108,3.60732,702.7486,4.75178
36.03,0.00612739,993.5895,4.174,62.8251,15.1412,712.1354,0.716962,3.60798,702.7329,4.75067
36.04,0.00613052,993.586,4.174,62.8268,15.1416,711.9872,0.716816,3.60864,702.7172,4.74956
36.05,0.00613365,993.5825,4.174,62.8285,15.142,711.839,0.71667,3.6093,702.7015,4.74845
36.06,0.00613678,993.579,4.174,62.8302,15.1424,711.6908,0.716524,3.60996,702.6858,4.74734
36.07,0.00613991,993.5755,4.174,62.8319,15.1428,711.5426,0.716378,3.61062,702.6701,4.74623
36.08,0.00614304,993.572,4.174,62.8336,15.1432,711.3944,0.716232,3.61128,702.6544,4.74512
36.09,0.00614617,993.5685,4.174,62.8353,15.1436,711.2462,0.716086,3.61194,702.6387,4.74401
36.1,0.0061493,993.565,4.174,62.837,15.144,711.098,0.71594,3.6126,702.623,4.7429
36.11,0.00615243,993.5615,4.174,62.8387,15.1444,710.9498,0.715794,3.61326,702.6073,4.74179
36.12,0.00615556,993.558,4.174,62.8404,15.1448,710.8016,0.715648,3.61392,702.5916,4.74068
36.13,0.00615869,993.5545,4.174,62.8421,15.1452,710.6534,0.715502,3.61458,702.5759,4.73957
36.14,0.00616182,993.551,4.174,62.8438,15.1456,710.5052,0.715356,3.61524,702.5602,4.73846
36.15,0.00616495,993.5475,4.174,62.8455,15.146,710.357,0.71521,3.6159,702.5445,4.73735
36.16,0.00616808,993.544,4.174,62.8472,15.1464,710.2088,0.715064,3.61656,702.5288,4.73624
36.17,0.00617121,993.5405,4.174,62.8489,15.1468,710.0606,0.714918,3.61722,702.5131,4.73513
36.18,0.00617434,993.537,4.174,62.8506,15.1472,709.9124,0.714772,3.61788,702.4974,4.73402
36.19,0.00617747,993.5335,4.174,62.8523,15.1476,709.7642,0.714626,3.61854,702.4817,4.73291
36.2,0.0061806,993.53,4.174,62.854,15.148,709.616,0.71448,3.6192,702.466,4.7318
36.21,0.00618373,993.5265,4.174,62.8557,15.1484,709.4678,0.714334,3.61986,702.4503,4.73069
36.22,0.00618686,993.523,4.174,62.8574,15.1488,709.3196,0.714188,3.62052,702.4346,4.72958
36.23,0.00618999,993.5195,4.174,62.8591,15.1492,709.1714,0.714042,3.62118,702.4189,4.72847
36.24,0.00619312,993.516,4.174,62.8608,15.1496,709.0232,0.713896,3.62184,702.4032,4.72736
36.25,0.00619625,993.5125,4.174,62.8625,15.15,708.875,0.71375,3.6225,702.3875,4.72625
36.26,0.00619938,993.509,4.174,62.8642,15.1504,708.7268,0.713604,3.62316,702.3718,4.72514
36.27,0.00620251,993.5055,4.174,62.8659,15.1508,708.5786,0.713458,3.62382,702.3561,4.72403
36.28,0.00620564,993.502,4.174,62.8676,15.1512,708.4304,0.713312,3.62448,702.3404,4.72292
36.29,0.00620877,993.4985,4.174,62.8693,15.1516,708.2822,0.713166,3.62514,702.3247,4.72181
36.3,0.0062119,993.495,4.174,62.871,15.152,708.134,0.71302,3.6258,702.309,4.7207
36.31,0.00621503,993.4915,4.174,62.8727,15.1524,707.9858,0.712874,3.62646,702.2933,4.71959
36.32,0.00621816,993.488,4.174,62.8744,15.1528,707.8376,0.712728,3.62712,702.2776,4.71848
36.33,0.00622129,993.4845,4.174,62.8761,15.1532,707.6894,0.712582,3.62778,702.2619,4.71737
36.34,0.00622442,993.481,4.174,62.8778,15.1536,707.5412,0.712436,3.62844,702.2462,4.71626
36.35,0.00622755,993.4775,4.174,62.8795,15.154,707.393,0.71229,3.6291,702.2305,4.71515
36.36,0.00623068,993.474,4.174,62.8812,15.1544,707.2448,0.712144,3.62976,702.2148,4.71404
36.37,0.00623381,993.4705,4.174,62.8829,15.1548,707.0966,0.711998,3.63042,702.1991,4.71293
36.38,0.00623694,993.467,4.174,62.8846,15.1552,706.9484,0.711852,3.63108,702.1834,4.71182
36.39,0.00624007,993.4635,4.174,62.8863,15.1556,706.8002,0.711706,3.63174,702.1677,4.71071
36.4,0.0062432,993.46,4.174,62.888,15.156,706.652,0.71156,3.6324,702.152,4.7096
36.41,0.00624633,993.4565,4.174,62.8897,15.1564,706.5038,0.711414,3.63306,702.1363,4.70849
36.42,0.00624946,993.453,4.174,62.8914,15.1568,706.3556,0.711268,3.63372,702.1206,4.70738
36.43,0.00625259,993.4495,4.174,62.8931,15.1572,706.2074,0.711122,3.63438,702.1049,4.70627
36.44,0.00625572,993.446,4.174,62.8948,15.1576,706.0592,0.710976,3.63504,702.0892,4.70516
36.45,0.00625885,993.4425,4.174,62.8965,15.158,705.911,0.71083,3.6357,702.0735,4.70405
36.46,0.00626198,993.439,4.174,62.8982,15.1584,705.7628,0.710684,3.63636,702.0578,4.70294
36.47,0.00626511,993.4355,4.174,62.8999,15.1588,705.6146,0.710538,3.63702,702.0421,4.70183
36.48,0.00626824,993.432,4.174,62.9016,15.1592,705.4664,0.710392,3.63768,702.0264,4.70072
36.49,0.00627137,993.4285,4.174,62.9033,15.1596,705.3182,0.710246,3.63834,702.0107,4.69961
36.5,0.0062745,993.425,4.174,62.905,15.16,705.17,0.7101,3.639,701.995,4.6985
36.51,0.00627763,993.4215,4.174,62.9067,15.1604,705.0218,0.709954,3.63966,701.9793,4.69739
36.52,0.00628076,993.418,4.174,62.9084,15.1608,704.8736,0.709808,3.64032,701.9636,4.69628
36.53,0.00628389,993.4145,4.174,62.9101,15.1612,704.7254,0.709662,3.64098,701.9479,4.69517
36.54,0.00628702,993.411,4.174,62.9118,15.1616,704.5772,0.709516,3.64164,701.9322,4.69406
36.55,0.00629015,993.4075,4.174,62.9135,15.162,704.429,0.70937,3.6423,701.9165,4.69295
36.56,0.00629328,993.404,4.174,62.9152,15.1624,704.2808,0.709224,3.64296,701.9008,4.69184
36.57,0.00629641,993.4005,4.174,62.9169,15.1628,704.1326,0.709078,3.64362,701.8851,4.69073
36.58,0.00629954,993.397,4.174,62.9186,15.1632,703.9844,0.708932,3.64428,701.8694,4.68962
36.59,0.00630267,993.3935,4.174,62.9203,15.1636,703.8362,0.708786,3.64494,701.8537,4.68851
36.6,0.0063058,993.39,4.174,62.922,15.164,703.688,0.70864,3.6456,701.838,4.6874
36.61,0.00630893,993.3865,4.174,62.9237,15.1644,703.5398,0.708494,3.64626,701.8223,4.68629
36.62,0.00631206,993.383,4.174,62.9254,15.1648,703.3916,0.708348,3.64692,701.8066,4.68518
36.63,0.00631519,993.3795,4.174,62.9271,15.1652,703.2434,0.708202,3.64758,701.7909,4.68407
36.64,0.00631832,993.376,4.174,62.9288,15.1656,703.0952,0.708056,3.64824,701.7752,4.68296
36.65,0.00632145,993.3725,4.174,62.9305,15.166,702.947,0.70791,3.6489,701.7595,4.68185
36.66,0.00632458,993.369,4.174,62.9322,15.1664,702.7988,0.707764,3.64956,701.7438,4.68074
36.67,0.00632771,993.3655,4.174,62.9339,15.1668,702.6506,0.707618,3.65022,701.7281,4.67963
36.68,0.00633084,993.362,4.174,62.9356,15.1672,702.5024,0.707472,3.65088,701.7124,4.67852
36.69,0.00633397,993.3585,4.174,62.9373,15.1676,702.3542,0.707326,3.65154,701.6967,4.67741
36.7,0.0063371,993.355,4.174,62.939,15.168,702.206,0.70718,3.6522,701.681,4.6763
36.71,0.00634023,993.3515,4.174,62.9407,15.1684,702.0578,0.707034,3.65286,701.6653,4.67519
36.72,0.00634336,993.348,4.174,62.9424,15.1688,701.9096,0.706888,3.65352,701.6496,4.67408
36.73,0.00634649,993.3445,4.174,62.9441,15.1692,701.7614,0.706742,3.65418,701.6339,4.67297
36.74,0.00634962,993.341,4.174,62.9458,15.1696,701.6132,0.706596,3.65484,701.6182,4.67186
36.75,0.00635275,993.3375,4.174,62.9475,15.17,701.465,0.70645,3.6555,701.6025,4.67075
36.76,0.00635588,993.334,4.174,62.9492,15.1704,701.3168,0.706304,3.65616,701.5868,4.66964
36.77,0.00635901,993.3305,4.174,62.9509,15.1708,701.1686,0.706158,3.65682,701.5711,4.66853
36.78,0.00636214,993.327,4.174,62.9526,15.1712,701.0204,0.706012,3.65748,701.5554,4.66742
36.79,0.00636527,993.3235,4.174,62.9543,15.1716,700.8722,0.705866,3.65814,701.5397,4.66631
36.8,0.0063684,993.32,4.174,62.956,15.172,700.724,0.70572,3.6588,701.524,4.6652
36.81,0.00637153,993.3165,4.174,62.9577,15.1724,700.5758,0.705574,3.65946,701.5083,4.66409
36.82,0.00637466,993.313,4.174,62.9594,15.1728,700.4276,0.705428,3.66012,701.4926,4.66298
36.83,0.00637779,993.3095,4.174,62.9611,15.1732,700.2794,0.705282,3.66078,701.4769,4.66187
36.84,0.00638092,993.306,4.174,62.9628,15.1736,700.1312,0.705136,3.66144,701.4612,4.66076
36.85,0.00638405,993.3025,4.174,62.9645,15.174,699.983,0.70499,3.6621,701.4455,4.65965
36.86,0.00638718,993.299,4.174,62.9662,15.1744,699.8348,0.704844,3.66276,701.4298,4.65854
36.87,0.00639031,993.2955,4.174,62.9679,15.1748,699.6866,0.704698,3.66342,701.4141,4.65743
36.88,0.00639344,993.292,4.174,62.9696,15.1752,699.5384,0.704552,3.66408,701.3984,4.65632
36.89,0.00639657,993.2885,4.174,62.9713,15.1756,699.3902,0.704406,3.66474,701.3827,4.65521
36.9,0.0063997,993.285,4.174,62.973,15.176,699.242,0.70426,3.6654,701.367,4.6541
36.91,0.00640283,993.2815,4.174,62.9747,15.1764,699.0938,0.704114,3.66606,701.3513,4.65299
36.92,0.00640596,993.278,4.174,62.9764,15.1768,698.9456,0.703968,3.66672,701.3356,4.65188
36.93,0.00640909,993.2745,4.174,62.9781,15.1772,698.7974,0.703822,3.66738,701.3199,4.65077
36.94,0.00641222,993.271,4.174,62.9798,15.1776,698.6492,0.703676,3.66804,701.3042,4.64966
36.95,0.00641535,993.2675,4.174,62.9815,15.178,698.501,0.70353,3.6687,701.2885,4.64855
36.96,0.00641848,993.264,4.174,62.9832,15.1784,698.3528,0.703384,3.66936,701.2728,4.64744
36.97,0.00642161,993.2605,4.174,62.9849,15.1788,698.2046,0.703238,3.67002,701.2571,4.64633
36.98,0.00642474,993.257,4.174,62.9866,15.1792,698.0564,0.703092,3.67068,701.2414,4.64522
36.99,0.00642787,993.2535,4.174,62.9883,15.1796,697.9082,0.702946,3.67134,701.2257,4.64411
37,0.006431,993.25,4.174,62.99,15.18,697.76,0.7028,3.672,701.21,4.643
37.01,0.00643413,993.2465,4.174,62.9917,15.1804,697.6118,0.702654,3.67266,701.1943,4.64189
37.02,0.00643726,993.243,4.174,62.9934,15.1808,697.4636,0.702508,3.67332,701.1786,4.64078
37.03,0.00644039,993.2395,4.174,62.9951,15.1812,697.3154,0.702362,3.67398,701.1629,4.63967
37.04,0.00644352,993.236,4.174,62.9968,15.1816,697.1672,0.702216,3.67464,701.1472,4.63856
37.05,0.00644665,993.2325,4.174,62.9985,15.182,697.019,0.70207,3.6753,701.1315,4.63745
37.06,0.00644978,993.229,4.174,63.0002,15.1824,696.8708,0.701924,3.67596,701.1158,4.63634
37.07,0.00645291,993.2255,4.174,63.0019,15.1828,696.7226,0.701778,3.67662,701.1001,4.63523
37.08,0.00645604,993.222,4.174,63.0036,15.1832,696.5744,0.701632,3.67728,701.0844,4.63412
37.09,0.00645917,993.2185,4.174,63.0053,15.1836,696.4262,0.701486,3.67794,701.0687,4.63301
37.1,0.0064623,993.215,4.174,63.007,15.184,696.278,0.70134,3.6786,701.053,4.6319
37.11,0.00646543,993.2115,4.174,63.0087,15.1844,696.1298,0.701194,3.67926,701.0373,4.63079
37.12,0.00646856,993.208,4.174,63.0104,15.1848,695.9816,0.701048,3.67992,701.0216,4.62968
37.13,0.00647169,993.2045,4.174,63.0121,15.1852,695.8334,0.700902,3.68058,701.0059,4.62857
37.14,0.00647482,993.201,4.174,63.0138,15.1856,695.6852,0.700756,3.68124,700.9902,4.62746
37.15,0.00647795,993.1975,4.174,63.0155,15.186,695.537,0.70061,3.6819,700.9745,4.62635
37.16,0.00648108,993.194,4.174,63.0172,15.1864,695.3888,0.700464,3.68256,700.9588,4.62524
37.17,0.00648421,993.1905,4.174,63.0189,15.1868,695.2406,0.700318,3.68322,700.9431,4.62413
37.18,0.00648734,993.187,4.174,63.0206,15.1872,695.0924,0.700172,3.68388,700.9274,4.62302
37.19,0.00649047,993.1835,4.174,63.0223,15.1876,694.9442,0.700026,3.68454,700.9117,4.62191
37.2,0.0064936,993.18,4.174,63.024,15.188,694.796,0.69988,3.6852,700.896,4.6208
37.21,0.00649673,993.1765,4.174,63.0257,15.1884,694.6478,0.699734,3.68586,700.8803,4.61969
37.22,0.00649986,993.173,4.174,63.0274,15.1888,694.4996,0.699588,3.68652,700.8646,4.61858
37.23,0.00650299,993.1695,4.174,63.0291,15.1892,694.3514,0.699442,3.68718,700.8489,4.61747
37.24,0.00650612,993.166,4.174,63.0308,15.1896,694.2032,0.699296,3.68784,700.8332,4.61636
37.25,0.00650925,993.1625,4.174,63.0325,15.19,694.055,0.69915,3.6885,700.8175,4.61525
37.26,0.00651238,993.159,4.174,63.0342,15.1904,693.9068,0.699004,3.68916,700.8018,4.61414
37.27,0.00651551,993.1555,4.174,63.0359,15.1908,693.7586,0.698858,3.68982,700.7861,4.61303
37.28,0.00651864,993.152,4.174,63.0376,15.1912,693.6104,0.698712,3.69048,700.7704,4.61192
37.29,0.00652177,993.1485,4.174,63.0393,15.1916,693.4622,0.698566,3.69114,700.7547,4.61081
37.3,0.0065249,993.145,4.174,63.041,15.192,693.314,0.69842,3.6918,700.739,4.6097
37.31,0.00652803,993.1415,4.174,63.0427,15.1924,693.1658,0.698274,3.69246,700.7233,4.60859
37.32,0.00653116,993.138,4.174,63.0444,15.1928,693.0176,0.698128,3.69312,700.7076,4.60748
37.33,0.00653429,993.1345,4.174,63.0461,15.1932,692.8694,0.697982,3.69378,700.6919,4.60637
37.34,0.00653742,993.131,4.174,63.0478,15.1936,692.7212,0.697836,3.69444,700.6762,4.60526
37.35,0.00654055,993.1275,4.174,63.0495,15.194,692.573,0.69769,3.6951,700.6605,4.60415
37.36,0.00654368,993.124,4.174,63.0512,15.1944,692.4248,0.697544,3.69576,700.6448,4.60304
37.37,0.00654681,993.1205,4.174,63.0529,15.1948,692.2766,0.697398,3.69642,700.6291,4.60193
37.38,0.00654994,993.117,4.174,63.0546,15.1952,692.1284,0.697252,3.69708,700.6134,4.60082
37.39,0.00655307,993.1135,4.174,63.0563,15.1956,691.9802,0.697106,3.69774,700.5977,4.59971
37.4,0.0065562,993.11,4.174,63.058,15.196,691.832,0.69696,3.6984,700.582,4.5986
37.41,0.00655933,993.1065,4.174,63.0597,15.1964,691.6838,0.696814,3.69906,700.5663,4.59749
37.42,0.00656246,993.103,4.174,63.0614,15.1968,691.5356,0.696668,3.69972,700.5506,4.59638
37.43,0.00656559,993.0995,4.174,63.0631,15.1972,691.3874,0.696522,3.70038,700.5349,4.59527
37.44,0.00656872,993.096,4.174,63.0648,15.1976,691.2392,0.696376,3.70104,700.5192,4.59416
37.45,0.00657185,993.0925,4.174,63.0665,15.198,691.091,0.69623,3.7017,700.5035,4.59305
37.46,0.00657498,993.089,4.174,63.0682,15.1984,690.9428,0.696084,3.70236,700.4878,4.59194
37.47,0.00657811,993.0855,4.174,63.0699,15.1988,690.7946,0.695938,3.70302,700.4721,4.59083
37.48,0.00658124,993.082,4.174,63.0716,15.1992,690.6464,0.695792,3.70368,700.4564,4.58972
37.49,0.00658437,993.0785,4.174,63.0733,15.1996,690.4982,0.695646,3.70434,700.4407,4.58861
37.5,0.0065875,993.075,4.174,63.075,15.2,690.35,0.6955,3.705,700.425,4.5875
37.51,0.00659063,993.0715,4.174,63.0767,15.2004,690.2018,0.695354,3.70566,700.4093,4.58639
37.52,0.00659376,993.068,4.174,63.0784,15.2008,690.0536,0.695208,3.70632,700.3936,4.58528
37.53,0.00659689,993.0645,4.174,63.0801,15.2012,689.9054,0.695062,3.70698,700.3779,4.58417
37.54,0.00660002,993.061,4.174,63.0818,15.2016,689.7572,0.694916,3.70764,700.3622,4.58306
37.55,0.00660315,993.0575,4.174,63.0835,15.202,689.609,0.69477,3.7083,700.3465,4.58195
37.56,0.00660628,993.054,4.174,63.0852,15.2024,689.4608,0.694624,3.70896,700.3308,4.58084
37.57,0.00660941,993.0505,4.174,63.0869,15.2028,689.3126,0.694478,3.70962,700.3151,4.57973
37.58,0.00661254,993.047,4.174,63.0886,15.2032,689.1644,0.694332,3.71028,700.2994,4.57862
37.59,0.00661567,993.0435,4.174,63.0903,15.2036,689.0162,0.694186,3.71094,700.2837,4.57751
37.6,0.0066188,993.04,4.174,63.092,15.204,688.868,0.69404,3.7116,700.268,4.5764
37.61,0.00662193,993.0365,4.174,63.0937,15.2044,688.7198,0.693894,3.71226,700.2523,4.57529
37.62,0.00662506,993.033,4.174,63.0954,15.2048,688.5716,0.693748,3.71292,700.2366,4.57418
37.63,0.00662819,993.0295,4.174,63.0971,15.2052,688.4234,0.693602,3.71358,700.2209,4.57307
37.64,0.00663132,993.026,4.174,63.0988,15.2056,688.2752,0.693456,3.71424,700.2052,4.57196
37.65,0.00663445,993.0225,4.174,63.1005,15.206,688.127,0.69331,3.7149,700.1895,4.57085
37.66,0.00663758,993.019,4.174,63.1022,15.2064,687.9788,0.693164,3.71556,700.1738,4.56974
37.67,0.00664071,993.0155,4.174,63.1039,15.2068,687.8306,0.693018,3.71622,700.1581,4.56863
37.68,0.00664384,993.012,4.174,63.1056,15.2072,687.6824,0.692872,3.71688,700.1424,4.56752
37.69,0.00664697,993.0085,4.174,63.1073,15.2076,687.5342,0.692726,3.71754,700.1267,4.56641
37.7,0.0066501,993.005,4.174,63.109,15.208,687.386,0.69258,3.7182,700.111,4.5653
37.71,0.00665323,993.0015,4.174,63.1107,15.2084,687.2378,0.692434,3.71886,700.0953,4.56419
37.72,0.00665636,992.998,4.174,63.1124,15.2088,687.0896,0.692288,3.71952,700.0796,4.56308
37.73,0.00665949,992.9945,4.174,63.1141,15.2092,686.9414,0.692142,3.72018,700.0639,4.56197
37.74,0.00666262,992.991,4.174,63.1158,15.2096,686.7932,0.691996,3.72084,700.0482,4.56086
37.75,0.00666575,992.9875,4.174,63.1175,15.21,686.645,0.69185,3.7215,700.0325,4.55975
37.76,0.00666888,992.984,4.174,63.1192,15.2104,686.4968,0.691704,3.72216,700.0168,4.55864
37.77,0.00667201,992.9805,4.174,63.1209,15.2108,686.3486,0.691558,3.72282,700.0011,4.55753
37.78,0.00667514,992.977,4.174,63.1226,15.2112,686.2004,0.691412,3.72348,699.9854,4.55642
37.79,0.00667827,992.9735,4.174,63.1243,15.2116,686.0522,0.691266,3.72414,699.9697,4.55531
37.8,0.0066814,992.97,4.174,63.126,15.212,685.904,0.69112,3.7248,699.954,4.5542
37.81,0.00668453,992.9665,4.174,63.1277,15.2124,685.7558,0.690974,3.72546,699.9383,4.55309
37.82,0.00668766,992.963,4.174,63.1294,15.2128,685.6076,0.690828,3.72612,699.9226,4.55198
37.83,0.00669079,992.9595,4.174,63.1311,15.2132,685.4594,0.690682,3.72678,699.9069,4.55087
37.84,0.00669392,992.956,4.174,63.1328,15.2136,685.3112,0.690536,3.72744,699.8912,4.54976
37.85,0.00669705,992.9525,4.174,63.1345,15.214,685.163,0.69039,3.7281,699.8755,4.54865
37.86,0.00670018,992.949,4.174,63.1362,15.2144,685.0148,0.690244,3.72876,699.8598,4.54754
37.87,0.00670331,992.9455,4.174,63.1379,15.2148,684.8666,0.690098,3.72942,699.8441,4.54643
37.88,0.00670644,992.942,4.174,63.1396,15.2152,684.7184,0.689952,3.73008,699.8284,4.54532
37.89,0.00670957,992.9385,4.174,63.1413,15.2156,684.5702,0.689806,3.73074,699.8127,4.54421
37.9,0.0067127,992.935,4.174,63.143,15.216,684.422,0.68966,3.7314,699.797,4.5431
37.91,0.00671583,992.9315,4.174,63.1447,15.2164,684.2738,0.689514,3.73206,699.7813,4.54199
37.92,0.00671896,992.928,4.174,63.1464,15.2168,684.1256,0.689368,3.73272,699.7656,4.54088
37.93,0.00672209,992.9245,4.174,63.1481,15.2172,683.9774,0.689222,3.73338,699.7499,4.53977
37.94,0.00672522,992.921,4.174,63.1498,15.2176,683.8292,0.689076,3.73404,699.7342,4.53866
37.95,0.00672835,992.9175,4.174,63.1515,15.218,683.681,0.68893,3.7347,699.7185,4.53755
37.96,0.00673148,992.914,4.174,63.1532,15.2184,683.5328,0.688784,3.73536,699.7028,4.53644
37.97,0.00673461,992.9105,4.174,63.1549,15.2188,683.3846,0.688638,3.73602,699.6871,4.53533
37.98,0.00673774,992.907,4.174,63.1566,15.2192,683.2364,0.688492,3.73668,699.6714,4.53422
37.99,0.00674087,992.9035,4.174,63.1583,15.2196,683.0882,0.688346,3.73734,699.6557,4.53311
38,0.006744,992.9,4.174,63.16,15.22,682.94,0.6882,3.738,699.64,4.532
38.01,0.00674713,992.8965,4.174,63.1617,15.2204,682.7918,0.688054,3.73866,699.6243,4.53089
38.02,0.00675026,992.893,4.174,63.1634,15.2208,682.6436,0.687908,3.73932,699.6086,4.52978
38.03,0.00675339,992.8895,4.174,63.1651,15.2212,682.4954,0.687762,3.73998,699.5929,4.52867
38.04,0.00675652,992.886,4.174,63.1668,15.2216,682.3472,0.687616,3.74064,699.5772,4.52756
38.05,0.00675965,992.8825,4.174,63.1685,15.222,682.199,0.68747,3.7413,699.5615,4.52645
38.06,0.00676278,992.879,4.174,63.1702,15.2224,682.0508,0.687324,3.74196,699.5458,4.52534
38.07,0.00676591,992.8755,4.174,63.1719,15.2228,681.9026,0.687178,3.74262,699.5301,4.52423
38.08,0.00676904,992.872,4.174,63.1736,15.2232,681.7544,0.687032,3.74328,699.5144,4.52312
38.09,0.00677217,992.8685,4.174,63.1753,15.2236,681.6062,0.686886,3.74394,699.4987,4.52201
38.1,0.0067753,992.865,4.174,63.177,15.224,681.458,0.68674,3.7446,699.483,4.5209
38.11,0.00677843,992.8615,4.174,63.1787,15.2244,681.3098,0.686594,3.74526,699.4673,4.51979
38.12,0.00678156,992.858,4.174,63.1804,15.2248,681.1616,0.686448,3.74592,699.4516,4.51868
38.13,0.00678469,992.8545,4.174,63.1821,15.2252,681.0134,0.686302,3.74658,699.4359,4.51757
38.14,0.00678782,992.851,4.174,63.1838,15.2256,680.8652,0.686156,3.74724,699.4202,4.51646
38.15,0.00679095,992.8475,4.174,63.1855,15.226,680.717,0.68601,3.7479,699.4045,4.51535
38.16,0.00679408,992.844,4.174,63.1872,15.2264,680.5688,0.685864,3.74856,699.3888,4.51424
38.17,0.00679721,992.8405,4.174,63.1889,15.2268,680.4206,0.685718,3.74922,699.3731,4.51313
38.18,0.00680034,992.837,4.174,63.1906,15.2272,680.2724,0.685572,3.74988,699.3574,4.51202
38.19,0.00680347,992.8335,4.174,63.1923,15.2276,680.1242,0.685426,3.75054,699.3417,4.51091
38.2,0.0068066,992.83,4.174,63.194,15.228,679.976,0.68528,3.7512,699.326,4.5098
38.21,0.00680973,992.8265,4.174,63.1957,15.2284,679.8278,0.685134,3.75186,699.3103,4.50869
38.22,0.00681286,992.823,4.174,63.1974,15.2288,679.6796,0.684988,3.75252,699.2946,4.50758
38.23,0.00681599,992.8195,4.174,63.1991,15.2292,679.5314,0.684842,3.75318,699.2789,4.50647
38.24,0.00681912,992.816,4.174,63.2008,15.2296,679.3832,0.684696,3.75384,699.2632,4.50536
38.25,0.00682225,992.8125,4.174,63.2025,15.23,679.235,0.68455,3.7545,699.2475,4.50425
38.26,0.00682538,992.809,4.174,63.2042,15.2304,679.0868,0.684404,3.75516,699.2318,4.50314
38.27,0.00682851,992.8055,4.174,63.2059,15.2308,678.9386,0.684258,3.75582,699.2161,4.50203
38.28,0.00683164,992.802,4.174,63.2076,15.2312,678.7904,0.684112,3.75648,699.2004,4.50092
38.29,0.00683477,992.7985,4.174,63.2093,15.2316,678.6422,0.683966,3.75714,699.1847,4.49981
38.3,0.0068379,992.795,4.174,63.211,15.232,678.494,0.68382,3.7578,699.169,4.4987
38.31,0.00684103,992.7915,4.174,63.2127,15.2324,678.3458,0.683674,3.75846,699.1533,4.49759
38.32,0.00684416,992.788,4.174,63.2144,15.2328,678.1976,0.683528,3.75912,699.1376,4.49648
38.33,0.00684729,992.7845,4.174,63.2161,15.2332,678.0494,0.683382,3.75978,699.1219,4.49537
38.34,0.00685042,992.781,4.174,63.2178,15.2336,677.9012,0.683236,3.76044,699.1062,4.49426
38.35,0.00685355,992.7775,4.174,63.2195,15.234,677.753,0.68309,3.7611,699.0905,4.49315
38.36,0.00685668,992.774,4.174,63.2212,15.2344,677.6048,0.682944,3.76176,699.0748,4.49204
38.37,0.00685981,992.7705,4.174,63.2229,15.2348,677.4566,0.682798,3.76242,699.0591,4.49093
38.38,0.00686294,992.767,4.174,63.2246,15.2352,677.3084,0.682652,3.76308,699.0434,4.48982
38.39,0.00686607,992.7635,4.174,63.2263,15.2356,677.1602,0.682506,3.76374,699.0277,4.48871
38.4,0.0068692,992.76,4.174,63.228,15.236,677.012,0.68236,3.7644,699.012,4.4876
38.41,0.00687233,992.7565,4.174,63.2297,15.2364,676.8638,0.682214,3.76506,698.9963,4.48649
38.42,0.00687546,992.753,4.174,63.2314,15.2368,676.7156,0.682068,3.76572,698.9806,4.48538
38.43,0.00687859,992.7495,4.174,63.2331,15.2372,676.5674,0.681922,3.76638,698.9649,4.48427
38.44,0.00688172,992.746,4.174,63.2348,15.2376,676.4192,0.681776,3.76704,698.9492,4.48316
38.45,0.00688485,992.7425,4.174,63.2365,15.238,676.271,0.68163,3.7677,698.9335,4.48205
38.46,0.00688798,992.739,4.174,63.2382,15.2384,676.1228,0.681484,3.76836,698.9178,4.48094
38.47,0.00689111,992.7355,4.174,63.2399,15.2388,675.9746,0.681338,3.76902,698.9021,4.47983
38.48,0.00689424,992.732,4.174,63.2416,15.2392,675.8264,0.681192,3.76968,698.8864,4.47872
38.49,0.00689737,992.7285,4.174,63.2433,15.2396,675.6782,0.681046,3.77034,698.8707,4.47761
38.5,0.0069005,992.725,4.174,63.245,15.24,675.53,0.6809,3.771,698.855,4.4765
38.51,0.00690363,992.7215,4.174,63.2467,15.2404,675.3818,0.680754,3.77166,698.8393,4.47539
38.52,0.00690676,992.718,4.174,63.2484,15.2408,675.2336,0.680608,3.77232,698.8236,4.47428
38.53,0.00690989,992.7145,4.174,63.2501,15.2412,675.0854,0.680462,3.77298,698.8079,4.47317
38.54,0.00691302,992.711,4.174,63.2518,15.2416,674.9372,0.680316,3.77364,698.7922,4.47206
38.55,0.00691615,992.7075,4.174,63.2535,15.242,674.789,0.68017,3.7743,698.7765,4.47095
38.56,0.00691928,992.704,4.174,63.2552,15.2424,674.6408,0.680024,3.77496,698.7608,4.46984
38.57,0.00692241,992.7005,4.174,63.2569,15.2428,674.4926,0.679878,3.77562,698.7451,4.46873
38.58,0.00692554,992.697,4.174,63.2586,15.2432,674.3444,0.679732,3.77628,698.7294,4.46762
38.59,0.00692867,992.6935,4.174,63.2603,15.2436,674.1962,0.679586,3.77694,698.7137,4.46651
38.6,0.0069318,992.69,4.174,63.262,15.244,674.048,0.67944,3.7776,698.698,4.4654
38.61,0.00693493,992.6865,4.174,63.2637,15.2444,673.8998,0.679294,3.77826,698.6823,4.46429
38.62,0.00693806,992.683,4.174,63.2654,15.2448,673.7516,0.679148,3.77892,698.6666,4.46318
38.63,0.00694119,992.6795,4.174,63.2671,15.2452,673.6034,0.679002,3.77958,698.6509,4.46207
38.64,0.00694432,992.676,4.174,63.2688,15.2456,673.4552,0.678856,3.78024,698.6352,4.46096
38.65,0.00694745,992.6725,4.174,63.2705,15.246,673.307,0.67871,3.7809,698.6195,4.45985
38.66,0.00695058,992.669,4.174,63.2722,15.2464,673.1588,0.678564,3.78156,698.6038,4.45874
38.67,0.00695371,992.6655,4.174,63.2739,15.2468,673.0106,0.678418,3.78222,698.5881,4.45763
38.68,0.00695684,992.662,4.174,63.2756,15.2472,672.8624,0.678272,3.78288,698.5724,4.45652
38.69,0.00695997,992.6585,4.174,63.2773,15.2476,672.7142,0.678126,3.78354,698.5567,4.45541
38.7,0.0069631,992.655,4.174,63.279,15.248,672.566,0.67798,3.7842,698.541,4.4543
38.71,0.00696623,992.6515,4.174,63.2807,15.2484,672.4178,0.677834,3.78486,698.5253,4.45319
38.72,0.00696936,992.648,4.174,63.2824,15.2488,672.2696,0.677688,3.78552,698.5096,4.45208
38.73,0.00697249,992.6445,4.174,63.2841,15.2492,672.1214,0.677542,3.78618,698.4939,4.45097
38.74,0.00697562,992.641,4.174,63.2858,15.2496,671.9732,0.677396,3.78684,698.4782,4.44986
38.75,0.00697875,992.6375,4.174,63.2875,15.25,671.825,0.67725,3.7875,698.4625,4.44875
38.76,0.00698188,992.634,4.174,63.2892,15.2504,671.6768,0.677104,3.78816,698.4468,4.44764
38.77,0.00698501,992.6305,4.174,63.2909,15.2508,671.5286,0.676958,3.78882,698.4311,4.44653
38.78,0.00698814,992.627,4.174,63.2926,15.2512,671.3804,0.676812,3.78948,698.4154,4.44542
38.79,0.00699127,992.6235,4.174,63.2943,15.2516,671.2322,0.676666,3.79014,698.3997,4.44431
38.8,0.0069944,992.62,4.174,63.296,15.252,671.084,0.67652,3.7908,698.384,4.4432
38.81,0.00699753,992.6165,4.174,63.2977,15.2524,670.9358,0.676374,3.79146,698.3683,4.44209
38.82,0.00700066,992.613,4.174,63.2994,15.2528,670.7876,0.676228,3.79212,698.3526,4.44098
38.83,0.00700379,992.6095,4.174,63.3011,15.2532,670.6394,0.676082,3.79278,698.3369,4.43987
38.84,0.00700692,992.606,4.174,63.3028,15.2536,670.4912,0.675936,3.79344,698.3212,4.43876
38.85,0.00701005,992.6025,4.174,63.3045,15.254,670.343,0.67579,3.7941,698.3055,4.43765
38.86,0.00701318,992.599,4.174,63.3062,15.2544,670.1948,0.675644,3.79476,698.2898,4.43654
38.87,0.00701631,992.5955,4.174,63.3079,15.2548,670.0466,0.675498,3.79542,698.2741,4.43543
38.88,0.00701944,992.592,4.174,63.3096,15.2552,669.8984,0.675352,3.79608,698.2584,4.43432
38.89,0.00702257,992.5885,4.174,63.3113,15.2556,669.7502,0.675206,3.79674,698.2427,4.43321
38.9,0.0070257,992.585,4.174,63.313,15.256,669.602,0.67506,3.7974,698.227,4.4321
38.91,0.00702883,992.5815,4.174,63.3147,15.2564,669.4538,0.674914,3.79806,698.2113,4.43099
38.92,0.00703196,992.578,4.174,63.3164,15.2568,669.3056,0.674768,3.79872,698.1956,4.42988
38.93,0.00703509,992.5745,4.174,63.3181,15.2572,669.1574,0.674622,3.79938,698.1799,4.42877
38.94,0.00703822,992.571,4.174,63.3198,15.2576,669.0092,0.674476,3.80004,698.1642,4.42766
38.95,0.00704135,992.5675,4.174,63.3215,15.258,668.861,0.67433,3.8007,698.1485,4.42655
38.96,0.00704448,992.564,4.174,63.3232,15.2584,668.7128,0.674184,3.80136,698.1328,4.42544
38.97,0.00704761,992.5605,4.174,63.3249,15.2588,668.5646,0.674038,3.80202,698.1171,4.42433
38.98,0.00705074,992.557,4.174,63.3266,15.2592,668.4164,0.673892,3.80268,698.1014,4.42322
38.99,0.00705387,992.5535,4.174,63.3283,15.2596,668.2682,0.673746,3.80334,698.0857,4.42211
39,0.007057,992.55,4.174,63.33,15.26,668.12,0.6736,3.804,698.07,4.421
39.01,0.00706013,992.5465,4.174,63.3317,15.2604,667.9718,0.673454,3.80466,698.0543,4.41989
39.02,0.00706326,992.543,4.174,63.3334,15.2608,667.8236,0.673308,3.80532,698.0386,4.41878
39.03,0.00706639,992.5395,4.174,63.3351,15.2612,667.6754,0.673162,3.80598,698.0229,4.41767
39.04,0.00706952,992.536,4.174,63.3368,15.2616,667.5272,0.673016,3.80664,698.0072,4.41656
39.05,0.00707265,992.5325,4.174,63.3385,15.262,667.379,0.67287,3.8073,697.9915,4.41545
39.06,0.00707578,992.529,4.174,63.3402,15.2624,667.2308,0.672724,3.80796,697.9758,4.41434
39.07,0.00707891,992.5255,4.174,63.3419,15.2628,667.0826,0.672578,3.80862,697.9601,4.41323
39.08,0.00708204,992.522,4.174,63.3436,15.2632,666.9344,0.672432,3.80928,697.9444,4.41212
39.09,0.00708517,992.5185,4.174,63.3453,15.2636,666.7862,0.672286,3.80994,697.9287,4.41101
39.1,0.0070883,992.515,4.174,63.347,15.264,666.638,0.67214,3.8106,697.913,4.4099
39.11,0.00709143,992.5115,4.174,63.3487,15.2644,666.4898,0.671994,3.81126,697.8973,4.40879
39.12,0.00709456,992.508,4.174,63.3504,15.2648,666.3416,0.671848,3.81192,697.8816,4.40768
39.13,0.00709769,992.5045,4.174,63.3521,15.2652,666.1934,0.671702,3.81258,697.8659,4.40657
39.14,0.00710082,992.501,4.174,63.3538,15.2656,666.0452,0.671556,3.81324,697.8502,4.40546
39.15,0.00710395,992.4975,4.174,63.3555,15.266,665.897,0.67141,3.8139,697.8345,4.40435
39.16,0.00710708,992.494,4.174,63.3572,15.2664,665.7488,0.671264,3.81456,697.8188,4.40324
39.17,0.00711021,992.4905,4.174,63.3589,15.2668,665.6006,0.671118,3.81522,697.8031,4.40213
39.18,0.00711334,992.487,4.174,63.3606,15.2672,665.4524,0.670972,3.81588,697.7874,4.40102
39.19,0.00711647,992.4835,4.174,63.3623,15.2676,665.3042,0.670826,3.81654,697.7717,4.39991
39.2,0.0071196,992.48,4.174,63.364,15.268,665.156,0.67068,3.8172,697.756,4.3988
39.21,0.00712273,992.4765,4.174,63.3657,15.2684,665.0078,0.670534,3.81786,697.7403,4.39769
39.22,0.00712586,992.473,4.174,63.3674,15.2688,664.8596,0.670388,3.81852,697.7246,4.39658
39.23,0.00712899,992.4695,4.174,63.3691,15.2692,664.7114,0.670242,3.81918,697.7089,4.39547
39.24,0.00713212,992.466,4.174,63.3708,15.2696,664.5632,0.670096,3.81984,697.6932,4.39436
39.25,0.00713525,992.4625,4.174,63.3725,15.27,664.415,0.66995,3.8205,697.6775,4.39325
39.26,0.00713838,992.459,4.174,63.3742,15.2704,664.2668,0.669804,3.82116,697.6618,4.39214
39.27,0.00714151,992.4555,4.174,63.3759,15.2708,664.1186,0.669658,3.82182,697.6461,4.39103
39.28,0.00714464,992.452,4.174,63.3776,15.2712,663.9704,0.669512,3.82248,697.6304,4.38992
39.29,0.00714777,992.4485,4.174,63.3793,15.2716,663.8222,0.669366,3.82314,697.6147,4.38881
39.3,0.0071509,992.445,4.174,63.381,15.272,663.674,0.66922,3.8238,697.599,4.3877
39.31,0.00715403,992.4415,4.174,63.3827,15.2724,663.5258,0.669074,3.82446,697.5833,4.38659
39.32,0.00715716,992.438,4.174,63.3844,15.2728,663.3776,0.668928,3.82512,697.5676,4.38548
39.33,0.00716029,992.4345,4.174,63.3861,15.2732,663.2294,0.668782,3.82578,697.5519,4.38437
39.34,0.00716342,992.431,4.174,63.3878,15.2736,663.0812,0.668636,3.82644,697.5362,4.38326
39.35,0.00716655,992.4275,4.174,63.3895,15.274,662.933,0.66849,3.8271,697.5205,4.38215
39.36,0.00716968,992.424,4.174,63.3912,15.2744,662.7848,0.668344,3.82776,697.5048,4.38104
39.37,0.00717281,992.4205,4.174,63.3929,15.2748,662.6366,0.668198,3.82842,697.4891,4.37993
39.38,0.00717594,992.417,4.174,63.3946,15.2752,662.4884,0.668052,3.82908,697.4734,4.37882
39.39,0.00717907,992.4135,4.174,63.3963,15.2756,662.3402,0.667906,3.82974,697.4577,4.37771
39.4,0.0071822,992.41,4.174,63.398,15.276,662.192,0.66776,3.8304,697.442,4.3766
39.41,0.00718533,992.4065,4.174,63.3997,15.2764,662.0438,0.667614,3.83106,697.4263,4.37549
39.42,0.00718846,992.403,4.174,63.4014,15.2768,661.8956,0.667468,3.83172,697.4106,4.37438
39.43,0.00719159,992.3995,4.174,63.4031,15.2772,661.7474,0.667322,3.83238,697.3949,4.37327
39.44,0.00719472,992.396,4.174,63.4048,15.2776,661.5992,0.667176,3.83304,697.3792,4.37216
39.45,0.00719785,992.3925,4.174,63.4065,15.278,661.451,0.66703,3.8337,697.3635,4.37105
39.46,0.00720098,992.389,4.174,63.4082,15.2784,661.3028,0.666884,3.83436,697.3478,4.36994
39.47,0.00720411,992.3855,4.174,63.4099,15.2788,661.1546,0.666738,3.83502,697.3321,4.36883
39.48,0.00720724,992.382,4.174,63.4116,15.2792,661.0064,0.666592,3.83568,697.3164,4.36772
39.49,0.00721037,992.3785,4.174,63.4133,15.2796,660.8582,0.666446,3.83634,697.3007,4.36661
39.5,0.0072135,992.375,4.174,63.415,15.28,660.71,0.6663,3.837,697.285,4.3655
39.51,0.00721663,992.3715,4.174,63.4167,15.2804,660.5618,0.666154,3.83766,697.2693,4.36439
39.52,0.00721976,992.368,4.174,63.4184,15.2808,660.4136,0.666008,3.83832,697.2536,4.36328
39.53,0.00722289,992.3645,4.174,63.4201,15.2812,660.2654,0.665862,3.83898,697.2379,4.36217
39.54,0.00722602,992.361,4.174,63.4218,15.2816,660.1172,0.665716,3.83964,697.2222,4.36106
39.55,0.00722915,992.3575,4.174,63.4235,15.282,659.969,0.66557,3.8403,697.2065,4.35995
39.56,0.00723228,992.354,4.174,63.4252,15.2824,659.8208,0.665424,3.84096,697.1908,4.35884
39.57,0.00723541,992.3505,4.174,63.4269,15.2828,659.6726,0.665278,3.84162,697.1751,4.35773
39.58,0.00723854,992.347,4.174,63.4286,15.2832,659.5244,0.665132,3.84228,697.1594,4.35662
39.59,0.00724167,992.3435,4.174,63.4303,15.2836,659.3762,0.664986,3.84294,697.1437,4.35551
39.6,0.0072448,992.34,4.174,63.432,15.284,659.228,0.66484,3.8436,697.128,4.3544
39.61,0.00724793,992.3365,4.174,63.4337,15.2844,659.0798,0.664694,3.84426,697.1123,4.35329
39.62,0.00725106,992.333,4.174,63.4354,15.2848,658.9316,0.664548,3.84492,697.0966,4.35218
39.63,0.00725419,992.3295,4.174,63.4371,15.2852,658.7834,0.664402,3.84558,697.0809,4.35107
39.64,0.00725732,992.326,4.174,63.4388,15.2856,658.6352,0.664256,3.84624,697.0652,4.34996
39.65,0.00726045,992.3225,4.174,63.4405,15.286,658.487,0.66411,3.8469,697.0495,4.34885
39.66,0.00726358,992.319,4.174,63.4422,15.2864,658.3388,0.663964,3.84756,697.0338,4.34774
39.67,0.00726671,992.3155,4.174,63.4439,15.2868,658.1906,0.663818,3.84822,697.0181,4.34663
39.68,0.00726984,992.312,4.174,63.4456,15.2872,658.0424,0.663672,3.84888,697.0024,4.34552
39.69,0.00727297,992.3085,4.174,63.4473,15.2876,657.8942,0.663526,3.84954,696.9867,4.34441
39.7,0.0072761,992.305,4.174,63.449,15.288,657.746,0.66338,3.8502,696.971,4.3433
39.71,0.00727923,992.3015,4.174,63.4507,15.2884,657.5978,0.663234,3.85086,696.9553,4.34219
39.72,0.00728236,992.298,4.174,63.4524,15.2888,657.4496,0.663088,3.85152,696.9396,4.34108
39.73,0.00728549,992.2945,4.174,63.4541,15.2892,657.3014,0.662942,3.85218,696.9239,4.33997
39.74,0.00728862,992.291,4.174,63.4558,15.2896,657.1532,0.662796,3.85284,696.9082,4.33886
39.75,0.00729175,992.2875,4.174,63.4575,15.29,657.005,0.66265,3.8535,696.8925,4.33775
39.76,0.00729488,992.284,4.174,63.4592,15.2904,656.8568,0.662504,3.85416,696.8768,4.33664
39.77,0.00729801,992.2805,4.174,63.4609,15.2908,656.7086,0.662358,3.85482,696.8611,4.33553
39.78,0.00730114,992.277,4.174,63.4626,15.2912,656.5604,0.662212,3.85548,696.8454,4.33442
39.79,0.00730427,992.2735,4.174,63.4643,15.2916,656.4122,0.662066,3.85614,696.8297,4.33331
39.8,0.0073074,992.27,4.174,63.466,15.292,656.264,0.66192,3.8568,696.814,4.3322
39.81,0.00731053,992.2665,4.174,63.4677,15.2924,656.1158,0.661774,3.85746,696.7983,4.33109
39.82,0.00731366,992.263,4.174,63.4694,15.2928,655.9676,0.661628,3.85812,696.7826,4.32998
39.83,0.00731679,992.2595,4.174,63.4711,15.2932,655.8194,0.661482,3.85878,696.7669,4.32887
39.84,0.00731992,992.256,4.174,63.4728,15.2936,655.6712,0.661336,3.85944,696.7512,4.32776
39.85,0.00732305,992.2525,4.174,63.4745,15.294,655.523,0.66119,3.8601,696.7355,4.32665
39.86,0.00732618,992.249,4.174,63.4762,15.2944,655.3748,0.661044,3.86076,696.7198,4.32554
39.87,0.00732931,992.2455,4.174,63.4779,15.2948,655.2266,0.660898,3.86142,696.7041,4.32443
39.88,0.00733244,992.242,4.174,63.4796,15.2952,655.0784,0.660752,3.86208,696.6884,4.32332
39.89,0.00733557,992.2385,4.174,63.4813,15.2956,654.9302,0.660606,3.86274,696.6727,4.32221
39.9,0.0073387,992.235,4.174,63.483,15.296,654.782,0.66046,3.8634,696.657,4.3211
39.91,0.00734183,992.2315,4.174,63.4847,15.2964,654.6338,0.660314,3.86406,696.6413,4.31999
39.92,0.00734496,992.228,4.174,63.4864,15.2968,654.4856,0.660168,3.86472,696.6256,4.31888
39.93,0.00734809,992.2245,4.174,63.4881,15.2972,654.3374,0.660022,3.86538,696.6099,4.31777
39.94,0.00735122,992.221,4.174,63.4898,15.2976,654.1892,0.659876,3.86604,696.5942,4.31666
39.95,0.00735435,992.2175,4.174,63.4915,15.298,654.041,0.65973,3.8667,696.5785,4.31555
39.96,0.00735748,992.214,4.174,63.4932,15.2984,653.8928,0.659584,3.86736,696.5628,4.31444
39.97,0.00736061,992.2105,4.174,63.4949,15.2988,653.7446,0.659438,3.86802,696.5471,4.31333
39.98,0.00736374,992.207,4.174,63.4966,15.2992,653.5964,0.659292,3.86868,696.5314,4.31222
39.99,0.00736687,992.2035,4.174,63.4983,15.2996,653.4482,0.659146,3.86934,696.5157,4.31111
40,0.00737,992.2,4.174,63.5,15.3,653.3,0.659,3.87,696.5,4.31
40.01,0.00737497,992.1959,4.174,63.5013,15.3004,653.1961,0.658897,3.87062,696.4804,4.30923
40.02,0.00737994,992.1918,4.174,63.5026,15.3008,653.0922,0.658794,3.87124,696.4608,4.30846
40.03,0.00738491,992.1877,4.174,63.5039,15.3012,652.9883,0.658691,3.87186,696.4412,4.30769
40.04,0.00738988,992.1836,4.174,63.5052,15.3016,652.8844,0.658588,3.87248,696.4216,4.30692
40.05,0.00739485,992.1795,4.174,63.5065,15.302,652.7805,0.658485,3.8731,696.402,4.30615
40.06,0.00739982,992.1754,4.174,63.5078,15.3024,652.6766,0.658382,3.87372,696.3824,4.30538
40.07,0.00740479,992.1713,4.174,63.5091,15.3028,652.5727,0.658279,3.87434,696.3628,4.30461
40.08,0.00740976,992.1672,4.174,63.5104,15.3032,652.4688,0.658176,3.87496,696.3432,4.30384
40.09,0.00741473,992.1631,4.174,63.5117,15.3036,652.3649,0.658073,3.87558,696.3236,4.30307
40.1,0.0074197,992.159,4.174,63.513,15.304,652.261,0.65797,3.8762,696.304,4.3023
40.11,0.00742467,992.1549,4.174,63.5143,15.3044,652.1571,0.657867,3.87682,696.2844,4.30153
40.12,0.00742964,992.1508,4.174,63.5156,15.3048,652.0532,0.657764,3.87744,696.2648,4.30076
40.13,0.00743461,992.1467,4.174,63.5169,15.3052,651.9493,0.657661,3.87806,696.2452,4.29999
40.14,0.00743958,992.1426,4.174,63.5182,15.3056,651.8454,0.657558,3.87868,696.2256,4.29922
40.15,0.00744455,992.1385,4.174,63.5195,15.306,651.7415,0.657455,3.8793,696.206,4.29845
40.16,0.00744952,992.1344,4.174,63.5208,15.3064,651.6376,0.657352,3.87992,696.1864,4.29768
40.17,0.00745449,992.1303,4.174,63.5221,15.3068,651.5337,0.657249,3.88054,696.1668,4.29691
40.18,0.00745946,992.1262,4.174,63.5234,15.3072,651.4298,0.657146,3.88116,696.1472,4.29614
40.19,0.00746443,992.1221,4.174,63.5247,15.3076,651.3259,0.657043,3.88178,696.1276,4.29537
40.2,0.0074694,992.118,4.174,63.526,15.308,651.222,0.65694,3.8824,696.108,4.2946
40.21,0.00747437,992.1139,4.174,63.5273,15.3084,651.1181,0.656837,3.88302,696.0884,4.29383
40.22,0.00747934,992.1098,4.174,63.5286,15.3088,651.0142,0.656734,3.88364,696.0688,4.29306
40.23,0.00748431,992.1057,4.174,63.5299,15.3092,650.9103,0.656631,3.88426,696.0492,4.29229
40.24,0.00748928,992.1016,4.174,63.5312,15.3096,650.8064,0.656528,3.88488,696.0296,4.29152
40.25,0.00749425,992.0975,4.174,63.5325,15.31,650.7025,0.656425,3.8855,696.01,4.29075
40.26,0.00749922,992.0934,4.174,63.5338,15.3104,650.5986,0.656322,3.88612,695.9904,4.28998
40.27,0.00750419,992.0893,4.174,63.5351,15.3108,650.4947,0.656219,3.88674,695.9708,4.28921
40.28,0.00750916,992.0852,4.174,63.5364,15.3112,650.3908,0.656116,3.88736,695.9512,4.28844
40.29,0.00751413,992.0811,4.174,63.5377,15.3116,650.2869,0.656013,3.88798,695.9316,4.28767
40.3,0.0075191,992.077,4.174,63.539,15.312,650.183,0.65591,3.8886,695.912,4.2869
40.31,0.00752407,992.0729,4.174,63.5403,15.3124,650.0791,0.655807,3.88922,695.8924,4.28613
40.32,0.00752904,992.0688,4.174,63.5416,15.3128,649.9752,0.655704,3.88984,695.8728,4.28536
40.33,0.00753401,992.0647,4.174,63.5429,15.3132,649.8713,0.655601,3.89046,695.8532,4.28459
40.34,0.00753898,992.0606,4.174,63.5442,15.3136,649.7674,0.655498,3.89108,695.8336,4.28382
40.35,0.00754395,992.0565,4.174,63.5455,15.314,649.6635,0.655395,3.8917,695.814,4.28305
40.36,0.00754892,992.0524,4.174,63.5468,15.3144,649.5596,0.655292,3.89232,695.7944,4.28228
40.37,0.00755389,992.0483,4.174,63.5481,15.3148,649.4557,0.655189,3.89294,695.7748,4.28151
40.38,0.00755886,992.0442,4.174,63.5494,15.3152,649.3518,0.655086,3.89356,695.7552,4.28074
40.39,0.00756383,992.0401,4.174,63.5507,15.3156,649.2479,0.654983,3.89418,695.7356,4.27997
40.4,0.0075688,992.036,4.174,63.552,15.316,649.144,0.65488,3.8948,695.716,4.2792
40.41,0.00757377,992.0319,4.174,63.5533,15.3164,649.0401,0.654777,3.89542,695.6964,4.27843
40.42,0.00757874,992.0278,4.174,63.5546,15.3168,648.9362,0.654674,3.89604,695.6768,4.27766
40.43,0.00758371,992.0237,4.174,63.5559,15.3172,648.8323,0.654571,3.89666,695.6572,4.27689
40.44,0.00758868,992.0196,4.174,63.5572,15.3176,648.7284,0.654468,3.89728,695.6376,4.27612
40.45,0.00759365,992.0155,4.174,63.5585,15.318,648.6245,0.654365,3.8979,695.618,4.27535
40.46,0.00759862,992.0114,4.174,63.5598,15.3184,648.5206,0.654262,3.89852,695.5984,4.27458
40.47,0.00760359,992.0073,4.174,63.5611,15.3188,648.4167,0.654159,3.89914,695.5788,4.27381
40.48,0.00760856,992.0032,4.174,63.5624,15.3192,648.3128,0.654056,3.89976,695.5592,4.27304
40.49,0.00761353,991.9991,4.174,63.5637,15.3196,648.2089,0.653953,3.90038,695.5396,4.27227
40.5,0.0076185,991.995,4.174,63.565,15.32,648.105,0.65385,3.901,695.52,4.2715
40.51,0.00762347,991.9909,4.174,63.5663,15.3204,648.0011,0.653747,3.90162,695.5004,4.27073
40.52,0.00762844,991.9868,4.174,63.5676,15.3208,647.8972,0.653644,3.90224,695.4808,4.26996
40.53,0.00763341,991.9827,4.174,63.5689,15.3212,647.7933,0.653541,3.90286,695.4612,4.26919
40.54,0.00763838,991.9786,4.174,63.5702,15.3216,647.6894,0.653438,3.90348,695.4416,4.26842
40.55,0.00764335,991.9745,4.174,63.5715,15.322,647.5855,0.653335,3.9041,695.422,4.26765
40.56,0.00764832,991.9704,4.174,63.5728,15.3224,647.4816,0.653232,3.90472,695.4024,4.26688
40.57,0.00765329,991.9663,4.174,63.5741,15.3228,647.3777,0.653129,3.90534,695.3828,4.26611
40.58,0.00765826,991.9622,4.174,63.5754,15.3232,647.2738,0.653026,3.90596,695.3632,4.26534
40.59,0.00766323,991.9581,4.174,63.5767,15.3236,647.1699,0.652923,3.90658,695.3436,4.26457
40.6,0.0076682,991.954,4.174,63.578,15.324,647.066,0.65282,3.9072,695.324,4.2638
40.61,0.00767317,991.9499,4.174,63.5793,15.3244,646.9621,0.652717,3.90782,695.3044,4.26303
40.62,0.00767814,991.9458,4.174,63.5806,15.3248,646.8582,0.652614,3.90844,695.2848,4.26226
40.63,0.00768311,991.9417,4.174,63.5819,15.3252,646.7543,0.652511,3.90906,695.2652,4.26149
40.64,0.00768808,991.9376,4.174,63.5832,15.3256,646.6504,0.652408,3.90968,695.2456,4.26072
40.65,0.00769305,991.9335,4.174,63.5845,15.326,646.5465,0.652305,3.9103,695.226,4.25995
40.66,0.00769802,991.9294,4.174,63.5858,15.3264,646.4426,0.652202,3.91092,695.2064,4.25918
40.67,0.00770299,991.9253,4.174,63.5871,15.3268,646.3387,0.652099,3.91154,695.1868,4.25841
40.68,0.00770796,991.9212,4.174,63.5884,15.3272,646.2348,0.651996,3.91216,695.1672,4.25764
40.69,0.00771293,991.9171,4.174,63.5897,15.3276,646.1309,0.651893,3.91278,695.1476,4.25687
40.7,0.0077179,991.913,4.174,63.591,15.328,646.027,0.65179,3.9134,695.128,4.2561
40.71,0.00772287,991.9089,4.174,63.5923,15.3284,645.9231,0.651687,3.91402,695.1084,4.25533
40.72,0.00772784,991.9048,4.174,63.5936,15.3288,645.8192,0.651584,3.91464,695.0888,4.25456
40.73,0.00773281,991.9007,4.174,63.5949,15.3292,645.7153,0.651481,3.91526,695.0692,4.25379
40.74,0.00773778,991.8966,4.174,63.5962,15.3296,645.6114,0.651378,3.91588,695.0496,4.25302
40.75,0.00774275,991.8925,4.174,63.5975,15.33,645.5075,0.651275,3.9165,695.03,4.25225
40.76,0.00774772,991.8884,4.174,63.5988,15.3304,645.4036,0.651172,3.91712,695.0104,4.25148
40.77,0.00775269,991.8843,4.174,63.6001,15.3308,645.2997,0.651069,3.91774,694.9908,4.25071
40.78,0.00775766,991.8802,4.174,63.6014,15.3312,645.1958,0.650966,3.91836,694.9712,4.24994
40.79,0.00776263,991.8761,4.174,63.6027,15.3316,645.0919,0.650863,3.91898,694.9516,4.24917
40.8,0.0077676,991.872,4.174,63.604,15.332,644.988,0.65076,3.9196,694.932,4.2484
40.81,0.00777257,991.8679,4.174,63.6053,15.3324,644.8841,0.650657,3.92022,694.9124,4.24763
40.82,0.00777754,991.8638,4.174,63.6066,15.3328,644.7802,0.650554,3.92084,694.8928,4.24686
40.83,0.00778251,991.8597,4.174,63.6079,15.3332,644.6763,0.650451,3.92146,694.8732,4.24609
40.84,0.00778748,991.8556,4.174,63.6092,15.3336,644.5724,0.650348,3.92208,694.8536,4.24532
40.85,0.00779245,991.8515,4.174,63.6105,15.334,644.4685,0.650245,3.9227,694.834,4.24455
40.86,0.00779742,991.8474,4.174,63.6118,15.3344,644.3646,0.650142,3.92332,694.8144,4.24378
40.87,0.00780239,991.8433,4.174,63.6131,15.3348,644.2607,0.650039,3.92394,694.7948,4.24301
40.88,0.00780736,991.8392,4.174,63.6144,15.3352,644.1568,0.649936,3.92456,694.7752,4.24224
40.89,0.00781233,991.8351,4.174,63.6157,15.3356,644.0529,0.649833,3.92518,694.7556,4.24147
40.9,0.0078173,991.831,4.174,63.617,15.336,643.949,0.64973,3.9258,694.736,4.2407
40.91,0.00782227,991.8269,4.174,63.6183,15.3364,643.8451,0.649627,3.92642,694.7164,4.23993
40.92,0.00782724,991.8228,4.174,63.6196,15.3368,643.7412,0.649524,3.92704,694.6968,4.23916
40.93,0.00783221,991.8187,4.174,63.6209,15.3372,643.6373,0.649421,3.92766,694.6772,4.23839
40.94,0.00783718,991.8146,4.174,63.6222,15.3376,643.5334,0.649318,3.92828,694.6576,4.23762
40.95,0.00784215,991.8105,4.174,63.6235,15.338,643.4295,0.649215,3.9289,694.638,4.23685
40.96,0.00784712,991.8064,4.174,63.6248,15.3384,643.3256,0.649112,3.92952,694.6184,4.23608
40.97,0.00785209,991.8023,4.174,63.6261,15.3388,643.2217,0.649009,3.93014,694.5988,4.23531
40.98,0.00785706,991.7982,4.174,63.6274,15.3392,643.1178,0.648906,3.93076,694.5792,4.23454
40.99,0.00786203,991.7941,4.174,63.6287,15.3396,643.0139,0.648803,3.93138,694.5596,4.23377
41,0.007867,991.79,4.174,63.63,15.34,642.91,0.6487,3.932,694.54,4.233
41.01,0.00787197,991.7859,4.174,63.6313,15.3404,642.8061,0.648597,3.93262,694.5204,4.23223
41.02,0.00787694,991.7818,4.174,63.6326,15.3408,642.7022,0.648494,3.93324,694.5008,4.23146
41.03,0.00788191,991.7777,4.174,63.6339,15.3412,642.5983,0.648391,3.93386,694.4812,4.23069
41.04,0.00788688,991.7736,4.174,63.6352,15.3416,642.4944,0.648288,3.93448,694.4616,4.22992
41.05,0.00789185,991.7695,4.174,63.6365,15.342,642.3905,0.648185,3.9351,694.442,4.22915
41.06,0.00789682,991.7654,4.174,63.6378,15.3424,642.2866,0.648082,3.93572,694.4224,4.22838
41.07,0.00790179,991.7613,4.174,63.6391,15.3428,642.1827,0.647979,3.93634,694.4028,4.22761
41.08,0.00790676,991.7572,4.174,63.6404,15.3432,642.0788,0.647876,3.93696,694.3832,4.22684
41.09,0.00791173,991.7531,4.174,63.6417,15.3436,641.9749,0.647773,3.93758,694.3636,4.22607
41.1,0.0079167,991.749,4.174,63.643,15.344,641.871,0.64767,3.9382,694.344,4.2253
41.11,0.00792167,991.7449,4.174,63.6443,15.3444,641.7671,0.647567,3.93882,694.3244,4.22453
41.12,0.00792664,991.7408,4.174,63.6456,15.3448,641.6632,0.647464,3.93944,694.3048,4.22376
41.13,0.00793161,991.7367,4.174,63.6469,15.3452,641.5593,0.647361,3.94006,694.2852,4.22299
41.14,0.00793658,991.7326,4.174,63.6482,15.3456,641.4554,0.647258,3.94068,694.2656,4.22222
41.15,0.00794155,991.7285,4.174,63.6495,15.346,641.3515,0.647155,3.9413,694.246,4.22145
41.16,0.00794652,991.7244,4.174,63.6508,15.3464,641.2476,0.647052,3.94192,694.2264,4.22068
41.17,0.00795149,991.7203,4.174,63.6521,15.3468,641.1437,0.646949,3.94254,694.2068,4.21991
41.18,0.00795646,991.7162,4.174,63.6534,15.3472,641.0398,0.646846,3.94316,694.1872,4.21914
41.19,0.00796143,991.7121,4.174,63.6547,15.3476,640.9359,0.646743,3.94378,694.1676,4.21837
41.2,0.0079664,991.708,4.174,63.656,15.348,640.832,0.64664,3.9444,694.148,4.2176
41.21,0.00797137,991.7039,4.174,63.6573,15.3484,640.7281,0.646537,3.94502,694.1284,4.21683
41.22,0.00797634,991.6998,4.174,63.6586,15.3488,640.6242,0.646434,3.94564,694.1088,4.21606
41.23,0.00798131,991.6957,4.174,63.6599,15.3492,640.5203,0.646331,3.94626,694.0892,4.21529
41.24,0.00798628,991.6916,4.174,63.6612,15.3496,640.4164,0.646228,3.94688,694.0696,4.21452
41.25,0.00799125,991.6875,4.174,63.6625,15.35,640.3125,0.646125,3.9475,694.05,4.21375
41.26,0.00799622,991.6834,4.174,63.6638,15.3504,640.2086,0.646022,3.94812,694.0304,4.21298
41.27,0.00800119,991.6793,4.174,63.6651,15.3508,640.1047,0.645919,3.94874,694.0108,4.21221
41.28,0.00800616,991.6752,4.174,63.6664,15.3512,640.0008,0.645816,3.94936,693.9912,4.21144
41.29,0.00801113,991.6711,4.174,63.6677,15.3516,639.8969,0.645713,3.94998,693.9716,4.21067
41.3,0.0080161,991.667,4.174,63.669,15.352,639.793,0.64561,3.9506,693.952,4.2099
41.31,0.00802107,991.6629,4.174,63.6703,15.3524,639.6891,0.645507,3.95122,693.9324,4.20913
41.32,0.00802604,991.6588,4.174,63.6716,15.3528,639.5852,0.645404,3.95184,693.9128,4.20836
41.33,0.00803101,991.6547,4.174,63.6729,15.3532,639.4813,0.645301,3.95246,693.8932,4.20759
41.34,0.00803598,991.6506,4.174,63.6742,15.3536,639.3774,0.645198,3.95308,693.8736,4.20682
41.35,0.00804095,991.6465,4.174,63.6755,15.354,639.2735,0.645095,3.9537,693.854,4.20605
41.36,0.00804592,991.6424,4.174,63.6768,15.3544,639.1696,0.644992,3.95432,693.8344,4.20528
41.37,0.00805089,991.6383,4.174,63.6781,15.3548,639.0657,0.644889,3.95494,693.8148,4.20451
41.38,0.00805586,991.6342,4.174,63.6794,15.3552,638.9618,0.644786,3.95556,693.7952,4.20374
41.39,0.00806083,991.6301,4.174,63.6807,15.3556,638.8579,0.644683,3.95618,693.7756,4.20297
41.4,0.0080658,991.626,4.174,63.682,15.356,638.754,0.64458,3.9568,693.756,4.2022
41.41,0.00807077,991.6219,4.174,63.6833,15.3564,638.6501,0.644477,3.95742,693.7364,4.20143
41.42,0.00807574,991.6178,4.174,63.6846,15.3568,638.5462,0.644374,3.95804,693.7168,4.20066
41.43,0.00808071,991.6137,4.174,63.6859,15.3572,638.4423,0.644271,3.95866,693.6972,4.19989
41.44,0.00808568,991.6096,4.174,63.6872,15.3576,638.3384,0.644168,3.95928,693.6776,4.19912
41.45,0.00809065,991.6055,4.174,63.6885,15.358,638.2345,0.644065,3.9599,693.658,4.19835
41.46,0.00809562,991.6014,4.174,63.6898,15.3584,638.1306,0.643962,3.96052,693.6384,4.19758
41.47,0.00810059,991.5973,4.174,63.6911,15.3588,638.0267,0.643859,3.96114,693.6188,4.19681
41.48,0.00810556,991.5932,4.174,63.6924,15.3592,637.9228,0.643756,3.96176,693.5992,4.19604
41.49,0.00811053,991.5891,4.174,63.6937,15.3596,637.8189,0.643653,3.96238,693.5796,4.19527
41.5,0.0081155,991.585,4.174,63.695,15.36,637.715,0.64355,3.963,693.56,4.1945
41.51,0.00812047,991.5809,4.174,63.6963,15.3604,637.6111,0.643447,3.96362,693.5404,4.19373
41.52,0.00812544,991.5768,4.174,63.6976,15.3608,637.5072,0.643344,3.96424,693.5208,4.19296
41.53,0.00813041,991.5727,4.174,63.6989,15.3612,637.4033,0.643241,3.96486,693.5012,4.19219
41.54,0.00813538,991.5686,4.174,63.7002,15.3616,637.2994,0.643138,3.96548,693.4816,4.19142
41.55,0.00814035,991.5645,4.174,63.7015,15.362,637.1955,0.643035,3.9661,693.462,4.19065
41.56,0.00814532,991.5604,4.174,63.7028,15.3624,637.0916,0.642932,3.96672,693.4424,4.18988
41.57,0.00815029,991.5563,4.174,63.7041,15.3628,636.9877,0.642829,3.96734,693.4228,4.18911
41.58,0.00815526,991.5522,4.174,63.7054,15.3632,636.8838,0.642726,3.96796,693.4032,4.18834
41.59,0.00816023,991.5481,4.174,63.7067,15.3636,636.7799,0.642623,3.96858,693.3836,4.18757
41.6,0.0081652,991.544,4.174,63.708,15.364,636.676,0.64252,3.9692,693.364,4.1868
41.61,0.00817017,991.5399,4.174,63.7093,15.3644,636.5721,0.642417,3.96982,693.3444,4.18603
41.62,0.00817514,991.5358,4.174,63.7106,15.3648,636.4682,0.642314,3.97044,693.3248,4.18526
41.63,0.00818011,991.5317,4.174,63.7119,15.3652,636.3643,0.642211,3.97106,693.3052,4.18449
41.64,0.00818508,991.5276,4.174,63.7132,15.3656,636.2604,0.642108,3.97168,693.2856,4.18372
41.65,0.00819005,991.5235,4.174,63.7145,15.366,636.1565,0.642005,3.9723,693.266,4.18295
41.66,0.00819502,991.5194,4.174,63.7158,15.3664,636.0526,0.641902,3.97292,693.2464,4.18218
41.67,0.00819999,991.5153,4.174,63.7171,15.3668,635.9487,0.641799,3.97354,693.2268,4.18141
41.68,0.00820496,991.5112,4.174,63.7184,15.3672,635.8448,0.641696,3.97416,693.2072,4.18064
41.69,0.00820993,991.5071,4.174,63.7197,15.3676,635.7409,0.641593,3.97478,693.1876,4.17987
41.7,0.0082149,991.503,4.174,63.721,15.368,635.637,0.64149,3.9754,693.168,4.1791
41.71,0.00821987,991.4989,4.174,63.7223,15.3684,635.5331,0.641387,3.97602,693.1484,4.17833
41.72,0.00822484,991.4948,4.174,63.7236,15.3688,635.4292,0.641284,3.97664,693.1288,4.17756
41.73,0.00822981,991.4907,4.174,63.7249,15.3692,635.3253,0.641181,3.97726,693.1092,4.17679
41.74,0.00823478,991.4866,4.174,63.7262,15.3696,635.2214,0.641078,3.97788,693.0896,4.17602
41.75,0.00823975,991.4825,4.174,63.7275,15.37,635.1175,0.640975,3.9785,693.07,4.17525
41.76,0.00824472,991.4784,4.174,63.7288,15.3704,635.0136,0.640872,3.97912,693.0504,4.17448
41.77,0.00824969,991.4743,4.174,63.7301,15.3708,634.9097,0.640769,3.97974,693.0308,4.17371
41.78,0.00825466,991.4702,4.174,63.7314,15.3712,634.8058,0.640666,3.98036,693.0112,4.17294
41.79,0.00825963,991.4661,4.174,63.7327,15.3716,634.7019,0.640563,3.98098,692.9916,4.17217
41.8,0.0082646,991.462,4.174,63.734,15.372,634.598,0.64046,3.9816,692.972,4.1714
41.81,0.00826957,991.4579,4.174,63.7353,15.3724,634.4941,0.640357,3.98222,692.9524,4.17063
41.82,0.00827454,991.4538,4.174,63.7366,15.3728,634.3902,0.640254,3.98284,692.9328,4.16986
41.83,0.00827951,991.4497,4.174,63.7379,15.3732,634.2863,0.640151,3.98346,692.9132,4.16909
41.84,0.00828448,991.4456,4.174,63.7392,15.3736,634.1824,0.640048,3.98408,692.8936,4.16832
41.85,0.00828945,991.4415,4.174,63.7405,15.374,634.0785,0.639945,3.9847,692.874,4.16755
41.86,0.00829442,991.4374,4.174,63.7418,15.3744,633.9746,0.639842,3.98532,692.8544,4.16678
41.87,0.00829939,991.4333,4.174,63.7431,15.3748,633.8707,0.639739,3.98594,692.8348,4.16601
41.88,0.00830436,991.4292,4.174,63.7444,15.3752,633.7668,0.639636,3.98656,692.8152,4.16524
41.89,0.00830933,991.4251,4.174,63.7457,15.3756,633.6629,0.639533,3.98718,692.7956,4.16447
41.9,0.0083143,991.421,4.174,63.747,15.376,633.559,0.63943,3.9878,692.776,4.1637
41.91,0.00831927,991.4169,4.174,63.7483,15.3764,633.4551,0.639327,3.98842,692.7564,4.16293
41.92,0.00832424,991.4128,4.174,63.7496,15.3768,633.3512,0.639224,3.98904,692.7368,4.16216
41.93,0.00832921,991.4087,4.174,63.7509,15.3772,633.2473,0.639121,3.98966,692.7172,4.16139
41.94,0.00833418,991.4046,4.174,63.7522,15.3776,633.1434,0.639018,3.99028,692.6976,4.16062
41.95,0.00833915,991.4005,4.174,63.7535,15.378,633.0395,0.638915,3.9909,692.678,4.15985
41.96,0.00834412,991.3964,4.174,63.7548,15.3784,632.9356,0.638812,3.99152,692.6584,4.15908
41.97,0.00834909,991.3923,4.174,63.7561,15.3788,632.8317,0.638709,3.99214,692.6388,4.15831
41.98,0.00835406,991.3882,4.174,63.7574,15.3792,632.7278,0.638606,3.99276,692.6192,4.15754
41.99,0.00835903,991.3841,4.174,63.7587,15.3796,632.6239,0.638503,3.99338,692.5996,4.15677
42,0.008364,991.38,4.174,63.76,15.38,632.52,0.6384,3.994,692.58,4.156
42.01,0.00836897,991.3759,4.174,63.7613,15.3804,632.4161,0.638297,3.99462,692.5604,4.15523
42.02,0.00837394,991.3718,4.174,63.7626,15.3808,632.3122,0.638194,3.99524,692.5408,4.15446
42.03,0.00837891,991.3677,4.174,63.7639,15.3812,632.2083,0.638091,3.99586,692.5212,4.15369
42.04,0.00838388,991.3636,4.174,63.7652,15.3816,632.1044,0.637988,3.99648,692.5016,4.15292
42.05,0.00838885,991.3595,4.174,63.7665,15.382,632.0005,0.637885,3.9971,692.482,4.15215
42.06,0.00839382,991.3554,4.174,63.7678,15.3824,631.8966,0.637782,3.99772,692.4624,4.15138
42.07,0.00839879,991.3513,4.174,63.7691,15.3828,631.7927,0.637679,3.99834,692.4428,4.15061
42.08,0.00840376,991.3472,4.174,63.7704,15.3832,631.6888,0.637576,3.99896,692.4232,4.14984
42.09,0.00840873,991.3431,4.174,63.7717,15.3836,631.5849,0.637473,3.99958,692.4036,4.14907
42.1,0.0084137,991.339,4.174,63.773,15.384,631.481,0.63737,4.0002,692.384,4.1483
42.11,0.00841867,991.3349,4.174,63.7743,15.3844,631.3771,0.637267,4.00082,692.3644,4.14753
42.12,0.00842364,991.3308,4.174,63.7756,15.3848,631.2732,0.637164,4.00144,692.3448,4.14676
42.13,0.00842861,991.3267,4.174,63.7769,15.3852,631.1693,0.637061,4.00206,692.3252,4.14599
42.14,0.00843358,991.3226,4.174,63.7782,15.3856,631.0654,0.636958,4.00268,692.3056,4.14522
42.15,0.00843855,991.3185,4.174,63.7795,15.386,630.9615,0.636855,4.0033,692.286,4.14445
42.16,0.00844352,991.3144,4.174,63.7808,15.3864,630.8576,0.636752,4.00392,692.2664,4.14368
42.17,0.00844849,991.3103,4.174,63.7821,15.3868,630.7537,0.636649,4.00454,692.2468,4.14291
42.18,0.00845346,991.3062,4.174,63.7834,15.3872,630.6498,0.636546,4.00516,692.2272,4.14214
42.19,0.00845843,991.3021,4.174,63.7847,15.3876,630.5459,0.636443,4.00578,692.2076,4.14137
42.2,0.0084634,991.298,4.174,63.786,15.388,630.442,0.63634,4.0064,692.188,4.1406
42.21,0.00846837,991.2939,4.174,63.7873,15.3884,630.3381,0.636237,4.00702,692.1684,4.13983
42.22,0.00847334,991.2898,4.174,63.7886,15.3888,630.2342,0.636134,4.00764,692.1488,4.13906
42.23,0.00847831,991.2857,4.174,63.7899,15.3892,630.1303,0.636031,4.00826,692.1292,4.13829
42.24,0.00848328,991.2816,4.174,63.7912,15.3896,630.0264,0.635928,4.00888,692.1096,4.13752
42.25,0.00848825,991.2775,4.174,63.7925,15.39,629.9225,0.635825,4.0095,692.09,4.13675
42.26,0.00849322,991.2734,4.174,63.7938,15.3904,629.8186,0.635722,4.01012,692.0704,4.13598
42.27,0.00849819,991.2693,4.174,63.7951,15.3908,629.7147,0.635619,4.01074,692.0508,4.13521
42.28,0.00850316,991.2652,4.174,63.7964,15.3912,629.6108,0.635516,4.01136,692.0312,4.13444
42.29,0.00850813,991.2611,4.174,63.7977,15.3916,629.5069,0.635413,4.01198,692.0116,4.13367
42.3,0.0085131,991.257,4.174,63.799,15.392,629.403,0.63531,4.0126,691.992,4.1329
42.31,0.00851807,991.2529,4.174,63.8003,15.3924,629.2991,0.635207,4.01322,691.9724,4.13213
42.32,0.00852304,991.2488,4.174,63.8016,15.3928,629.1952,0.635104,4.01384,691.9528,4.13136
42.33,0.00852801,991.2447,4.174,63.8029,15.3932,629.0913,0.635001,4.01446,691.9332,4.13059
42.34,0.00853298,991.2406,4.174,63.8042,15.3936,628.9874,0.634898,4.01508,691.9136,4.12982
42.35,0.00853795,991.2365,4.174,63.8055,15.394,628.8835,0.634795,4.0157,691.894,4.12905
42.36,0.00854292,991.2324,4.174,63.8068,15.3944,628.7796,0.634692,4.01632,691.8744,4.12828
42.37,0.00854789,991.2283,4.174,63.8081,15.3948,628.6757,0.634589,4.01694,691.8548,4.12751
42.38,0.00855286,991.2242,4.174,63.8094,15.3952,628.5718,0.634486,4.01756,691.8352,4.12674
42.39,0.00855783,991.2201,4.174,63.8107,15.3956,628.4679,0.634383,4.01818,691.8156,4.12597
42.4,0.0085628,991.216,4.174,63.812,15.396,628.364,0.63428,4.0188,691.796,4.1252
42.41,0.00856777,991.2119,4.174,63.8133,15.3964,628.2601,0.634177,4.01942,691.7764,4.12443
42.42,0.00857274,991.2078,4.174,63.8146,15.3968,628.1562,0.634074,4.02004,691.7568,4.12366
42.43,0.00857771,991.2037,4.174,63.8159,15.3972,628.0523,0.633971,4.02066,691.7372,4.12289
42.44,0.00858268,991.1996,4.174,63.8172,15.3976,627.9484,0.633868,4.02128,691.7176,4.12212
42.45,0.00858765,991.1955,4.174,63.8185,15.398,627.8445,0.633765,4.0219,691.698,4.12135
42.46,0.00859262,991.1914,4.174,63.8198,15.3984,627.7406,0.633662,4.02252,691.6784,4.12058
42.47,0.00859759,991.1873,4.174,63.8211,15.3988,627.6367,0.633559,4.02314,691.6588,4.11981
42.48,0.00860256,991.1832,4.174,63.8224,15.3992,627.5328,0.633456,4.02376,691.6392,4.11904
42.49,0.00860753,991.1791,4.174,63.8237,15.3996,627.4289,0.633353,4.02438,691.6196,4.11827
42.5,0.0086125,991.175,4.174,63.825,15.4,627.325,0.63325,4.025,691.6,4.1175
42.51,0.00861747,991.1709,4.174,63.8263,15.4004,627.2211,0.633147,4.02562,691.5804,4.11673
42.52,0.00862244,991.1668,4.174,63.8276,15.4008,627.1172,0.633044,4.02624,691.5608,4.11596
42.53,0.00862741,991.1627,4.174,63.8289,15.4012,627.0133,0.632941,4.02686,691.5412,4.11519
42.54,0.00863238,991.1586,4.174,63.8302,15.4016,626.9094,0.632838,4.02748,691.5216,4.11442
42.55,0.00863735,991.1545,4.174,63.8315,15.402,626.8055,0.632735,4.0281,691.502,4.11365
42.56,0.00864232,991.1504,4.174,63.8328,15.4024,626.7016,0.632632,4.02872,691.4824,4.11288
42.57,0.00864729,991.1463,4.174,63.8341,15.4028,626.5977,0.632529,4.02934,691.4628,4.11211
42.58,0.00865226,991.1422,4.174,63.8354,15.4032,626.4938,0.632426,4.02996,691.4432,4.11134
42.59,0.00865723,991.1381,4.174,63.8367,15.4036,626.3899,0.632323,4.03058,691.4236,4.11057
42.6,0.0086622,991.134,4.174,63.838,15.404,626.286,0.63222,4.0312,691.404,4.1098
42.61,0.00866717,991.1299,4.174,63.8393,15.4044,626.1821,0.632117,4.03182,691.3844,4.10903
42.62,0.00867214,991.1258,4.174,63.8406,15.4048,626.0782,0.632014,4.03244,691.3648,4.10826
42.63,0.00867711,991.1217,4.174,63.8419,15.4052,625.9743,0.631911,4.03306,691.3452,4.10749
42.64,0.00868208,991.1176,4.174,63.8432,15.4056,625.8704,0.631808,4.03368,691.3256,4.10672
42.65,0.00868705,991.1135,4.174,63.8445,15.406,625.7665,0.631705,4.0343,691.306,4.10595
42.66,0.00869202,991.1094,4.174,63.8458,15.4064,625.6626,0.631602,4.03492,691.2864,4.10518
42.67,0.00869699,991.1053,4.174,63.8471,15.4068,625.5587,0.631499,4.03554,691.2668,4.10441
42.68,0.00870196,991.1012,4.174,63.8484,15.4072,625.4548,0.631396,4.03616,691.2472,4.10364
42.69,0.00870693,991.0971,4.174,63.8497,15.4076,625.3509,0.631293,4.03678,691.2276,4.10287
42.7,0.0087119,991.093,4.174,63.851,15.408,625.247,0.63119,4.0374,691.208,4.1021
42.71,0.00871687,991.0889,4.174,63.8523,15.4084,625.1431,0.631087,4.03802,691.1884,4.10133
42.72,0.00872184,991.0848,4.174,63.8536,15.4088,625.0392,0.630984,4.03864,691.1688,4.10056
42.73,0.00872681,991.0807,4.174,63.8549,15.4092,624.9353,0.630881,4.03926,691.1492,4.09979
42.74,0.00873178,991.0766,4.174,63.8562,15.4096,624.8314,0.630778,4.03988,691.1296,4.09902
42.75,0.00873675,991.0725,4.174,63.8575,15.41,624.7275,0.630675,4.0405,691.11,4.09825
42.76,0.00874172,991.0684,4.174,63.8588,15.4104,624.6236,0.630572,4.04112,691.0904,4.09748
42.77,0.00874669,991.0643,4.174,63.8601,15.4108,624.5197,0.630469,4.04174,691.0708,4.09671
42.78,0.00875166,991.0602,4.174,63.8614,15.4112,624.4158,0.630366,4.04236,691.0512,4.09594
42.79,0.00875663,991.0561,4.174,63.8627,15.4116,624.3119,0.630263,4.04298,691.0316,4.09517
42.8,0.0087616,991.052,4.174,63.864,15.412,624.208,0.63016,4.0436,691.012,4.0944
42.81,0.00876657,991.0479,4.174,63.8653,15.4124,624.1041,0.630057,4.04422,690.9924,4.09363
42.82,0.00877154,991.0438,4.174,63.8666,15.4128,624.0002,0.629954,4.04484,690.9728,4.09286
42.83,0.00877651,991.0397,4.174,63.8679,15.4132,623.8963,0.629851,4.04546,690.9532,4.09209
42.84,0.00878148,991.0356,4.174,63.8692,15.4136,623.7924,0.629748,4.04608,690.9336,4.09132
42.85,0.00878645,991.0315,4.174,63.8705,15.414,623.6885,0.629645,4.0467,690.914,4.09055
42.86,0.00879142,991.0274,4.174,63.8718,15.4144,623.5846,0.629542,4.04732,690.8944,4.08978
42.87,0.00879639,991.0233,4.174,63.8731,15.4148,623.4807,0.629439,4.04794,690.8748,4.08901
42.88,0.00880136,991.0192,4.174,63.8744,15.4152,623.3768,0.629336,4.04856,690.8552,4.08824
42.89,0.00880633,991.0151,4.174,63.8757,15.4156,623.2729,0.629233,4.04918,690.8356,4.08747
42.9,0.0088113,991.011,4.174,63.877,15.416,623.169,0.62913,4.0498,690.816,4.0867
42.91,0.00881627,991.0069,4.174,63.8783,15.4164,623.0651,0.629027,4.05042,690.7964,4.08593
42.92,0.00882124,991.0028,4.174,63.8796,15.4168,622.9612,0.628924,4.05104,690.7768,4.08516
42.93,0.00882621,990.9987,4.174,63.8809,15.4172,622.8573,0.628821,4.05166,690.7572,4.08439
42.94,0.00883118,990.9946,4.174,63.8822,15.4176,622.7534,0.628718,4.05228,690.7376,4.08362
42.95,0.00883615,990.9905,4.174,63.8835,15.418,622.6495,0.628615,4.0529,690.718,4.08285
42.96,0.00884112,990.9864,4.174,63.8848,15.4184,622.5456,0.628512,4.05352,690.6984,4.08208
42.97,0.00884609,990.9823,4.174,63.8861,15.4188,622.4417,0.628409,4.05414,690.6788,4.08131
42.98,0.00885106,990.9782,4.174,63.8874,15.4192,622.3378,0.628306,4.05476,690.6592,4.08054
42.99,0.00885603,990.9741,4.174,63.8887,15.4196,622.2339,0.628203,4.05538,690.6396,4.07977
43,0.008861,990.97,4.174,63.89,15.42,622.13,0.6281,4.056,690.62,4.079
43.01,0.00886597,990.9659,4.174,63.8913,15.4204,622.0261,0.627997,4.05662,690.6004,4.07823
43.02,0.00887094,990.9618,4.174,63.8926,15.4208,621.9222,0.627894,4.05724,690.5808,4.07746
43.03,0.00887591,990.9577,4.174,63.8939,15.4212,621.8183,0.627791,4.05786,690.5612,4.07669
43.04,0.00888088,990.9536,4.174,63.8952,15.4216,621.7144,0.627688,4.05848,690.5416,4.07592
43.05,0.00888585,990.9495,4.174,63.8965,15.422,621.6105,0.627585,4.0591,690.522,4.07515
43.06,0.00889082,990.9454,4.174,63.8978,15.4224,621.5066,0.627482,4.05972,690.5024,4.07438
43.07,0.00889579,990.9413,4.174,63.8991,15.4228,621.4027,0.627379,4.06034,690.4828,4.07361
43.08,0.00890076,990.9372,4.174,63.9004,15.4232,621.2988,0.627276,4.06096,690.4632,4.07284
43.09,0.00890573,990.9331,4.174,63.9017,15.4236,621.1949,0.627173,4.06158,690.4436,4.07207
43.1,0.0089107,990.929,4.174,63.903,15.424,621.091,0.62707,4.0622,690.424,4.0713
43.11,0.00891567,990.9249,4.174,63.9043,15.4244,620.9871,0.626967,4.06282,690.4044,4.07053
43.12,0.00892064,990.9208,4.174,63.9056,15.4248,620.8832,0.626864,4.06344,690.3848,4.06976
43.13,0.00892561,990.9167,4.174,63.9069,15.4252,620.7793,0.626761,4.06406,690.3652,4.06899
43.14,0.00893058,990.9126,4.174,63.9082,15.4256,620.6754,0.626658,4.06468,690.3456,4.06822
43.15,0.00893555,990.9085,4.174,63.9095,15.426,620.5715,0.626555,4.0653,690.326,4.06745
43.16,0.00894052,990.9044,4.174,63.9108,15.4264,620.4676,0.626452,4.06592,690.3064,4.06668
43.17,0.00894549,990.9003,4.174,63.9121,15.4268,620.3637,0.626349,4.06654,690.2868,4.06591
43.18,0.00895046,990.8962,4.174,63.9134,15.4272,620.2598,0.626246,4.06716,690.2672,4.06514
43.19,0.00895543,990.8921,4.174,63.9147,15.4276,620.1559,0.626143,4.06778,690.2476,4.06437
43.2,0.0089604,990.888,4.174,63.916,15.428,620.052,0.62604,4.0684,690.228,4.0636
43.21,0.00896537,990.8839,4.174,63.9173,15.4284,619.9481,0.625937,4.06902,690.2084,4.06283
43.22,0.00897034,990.8798,4.174,63.9186,15.4288,619.8442,0.625834,4.06964,690.1888,4.06206
43.23,0.00897531,990.8757,4.174,63.9199,15.4292,619.7403,0.625731,4.07026,690.1692,4.06129
43.24,0.00898028,990.8716,4.174,63.9212,15.4296,619.6364,0.625628,4.07088,690.1496,4.06052
43.25,0.00898525,990.8675,4.174,63.9225,15.43,619.5325,0.625525,4.0715,690.13,4.05975
43.26,0.00899022,990.8634,4.174,63.9238,15.4304,619.4286,0.625422,4.07212,690.1104,4.05898
43.27,0.00899519,990.8593,4.174,63.9251,15.4308,619.3247,0.625319,4.07274,690.0908,4.05821
43.28,0.00900016,990.8552,4.174,63.9264,15.4312,619.2208,0.625216,4.07336,690.0712,4.05744
43.29,0.00900513,990.8511,4.174,63.9277,15.4316,619.1169,0.625113,4.07398,690.0516,4.05667
43.3,0.0090101,990.847,4.174,63.929,15.432,619.013,0.62501,4.0746,690.032,4.0559
43.31,0.00901507,990.8429,4.174,63.9303,15.4324,618.9091,0.624907,4.07522,690.0124,4.05513
43.32,0.00902004,990.8388,4.174,63.9316,15.4328,618.8052,0.624804,4.07584,689.9928,4.05436
43.33,0.00902501,990.8347,4.174,63.9329,15.4332,618.7013,0.624701,4.07646,689.9732,4.05359
43.34,0.00902998,990.8306,4.174,63.9342,15.4336,618.5974,0.624598,4.07708,689.9536,4.05282
43.35,0.00903495,990.8265,4.174,63.9355,15.434,618.4935,0.624495,4.0777,689.934,4.05205
43.36,0.00903992,990.8224,4.174,63.9368,15.4344,618.3896,0.624392,4.07832,689.9144,4.05128
43.37,0.00904489,990.8183,4.174,63.9381,15.4348,618.2857,0.624289,4.07894,689.8948,4.05051
43.38,0.00904986,990.8142,4.174,63.9394,15.4352,618.1818,0.624186,4.07956,689.8752,4.04974
43.39,0.00905483,990.8101,4.174,63.9407,15.4356,618.0779,0.624083,4.08018,689.8556,4.04897
43.4,0.0090598,990.806,4.174,63.942,15.436,617.974,0.62398,4.0808,689.836,4.0482
43.41,0.00906477,990.8019,4.174,63.9433,15.4364,617.8701,0.623877,4.08142,689.8164,4.04743
43.42,0.00906974,990.7978,4.174,63.9446,15.4368,617.7662,0.623774,4.08204,689.7968,4.04666
43.43,0.00907471,990.7937,4.174,63.9459,15.4372,617.6623,0.623671,4.08266,689.7772,4.04589
43.44,0.00907968,990.7896,4.174,63.9472,15.4376,617.5584,0.623568,4.08328,689.7576,4.04512
43.45,0.00908465,990.7855,4.174,63.9485,15.438,617.4545,0.623465,4.0839,689.738,4.04435
43.46,0.00908962,990.7814,4.174,63.9498,15.4384,617.3506,0.623362,4.08452,689.7184,4.04358
43.47,0.00909459,990.7773,4.174,63.9511,15.4388,617.2467,0.623259,4.08514,689.6988,4.04281
43.48,0.00909956,990.7732,4.174,63.9524,15.4392,617.1428,0.623156,4.08576,689.6792,4.04204
43.49,0.00910453,990.7691,4.174,63.9537,15.4396,617.0389,0.623053,4.08638,689.6596,4.04127
43.5,0.0091095,990.765,4.174,63.955,15.44,616.935,0.62295,4.087,689.64,4.0405
43.51,0.00911447,990.7609,4.174,63.9563,15.4404,616.8311,0.622847,4.08762,689.6204,4.03973
43.52,0.00911944,990.7568,4.174,63.9576,15.4408,616.7272,0.622744,4.08824,689.6008,4.03896
43.53,0.00912441,990.7527,4.174,63.9589,15.4412,616.6233,0.622641,4.08886,689.5812,4.03819
43.54,0.00912938,990.7486,4.174,63.9602,15.4416,616.5194,0.622538,4.08948,689.5616,4.03742
43.55,0.00913435,990.7445,4.174,63.9615,15.442,616.4155,0.622435,4.0901,689.542,4.03665
43.56,0.00913932,990.7404,4.174,63.9628,15.4424,616.3116,0.622332,4.09072,689.5224,4.03588
43.57,0.00914429,990.7363,4.174,63.9641,15.4428,616.2077,0.622229,4.09134,689.5028,4.03511
43.58,0.00914926,990.7322,4.174,63.9654,15.4432,616.1038,0.622126,4.09196,689.4832,4.03434
43.59,0.00915423,990.7281,4.174,63.9667,15.4436,615.9999,0.622023,4.09258,689.4636,4.03357
43.6,0.0091592,990.724,4.174,63.968,15.444,615.896,0.62192,4.0932,689.444,4.0328
43.61,0.00916417,990.7199,4.174,63.9693,15.4444,615.7921,0.621817,4.09382,689.4244,4.03203
43.62,0.00916914,990.7158,4.174,63.9706,15.4448,615.6882,0.621714,4.09444,689.4048,4.03126
43.63,0.00917411,990.7117,4.174,63.9719,15.4452,615.5843,0.621611,4.09506,689.3852,4.03049
43.64,0.00917908,990.7076,4.174,63.9732,15.4456,615.4804,0.621508,4.09568,689.3656,4.02972
43.65,0.00918405,990.7035,4.174,63.9745,15.446,615.3765,0.621405,4.0963,689.346,4.02895
43.66,0.00918902,990.6994,4.174,63.9758,15.4464,615.2726,0.621302,4.09692,689.3264,4.02818
43.67,0.00919399,990.6953,4.174,63.9771,15.4468,615.1687,0.621199,4.09754,689.3068,4.02741
43.68,0.00919896,990.6912,4.174,63.9784,15.4472,615.0648,0.621096,4.09816,689.2872,4.02664
43.69,0.00920393,990.6871,4.174,63.9797,15.4476,614.9609,0.620993,4.09878,689.2676,4.02587
43.7,0.0092089,990.683,4.174,63.981,15.448,614.857,0.62089,4.0994,689.248,4.0251
43.71,0.00921387,990.6789,4.174,63.9823,15.4484,614.7531,0.620787,4.10002,689.2284,4.02433
43.72,0.00921884,990.6748,4.174,63.9836,15.4488,614.6492,0.620684,4.10064,689.2088,4.02356
43.73,0.00922381,990.6707,4.174,63.9849,15.4492,614.5453,0.620581,4.10126,689.1892,4.02279
43.74,0.00922878,990.6666,4.174,63.9862,15.4496,614.4414,0.620478,4.10188,689.1696,4.02202
43.75,0.00923375,990.6625,4.174,63.9875,15.45,614.3375,0.620375,4.1025,689.15,4.02125
43.76,0.00923872,990.6584,4.174,63.9888,15.4504,614.2336,0.620272,4.10312,689.1304,4.02048
43.77,0.00924369,990.6543,4.174,63.9901,15.4508,614.1297,0.620169,4.10374,689.1108,4.01971
43.78,0.00924866,990.6502,4.174,63.9914,15.4512,614.0258,0.620066,4.10436,689.0912,4.01894
43.79,0.00925363,990.6461,4.174,63.9927,15.4516,613.9219,0.619963,4.10498,689.0716,4.01817
43.8,0.0092586,990.642,4.174,63.994,15.452,613.818,0.61986,4.1056,689.052,4.0174
43.81,0.00926357,990.6379,4.174,63.9953,15.4524,613.7141,0.619757,4.10622,689.0324,4.01663
43.82,0.00926854,990.6338,4.174,63.9966,15.4528,613.6102,0.619654,4.10684,689.0128,4.01586
43.83,0.00927351,990.6297,4.174,63.9979,15.4532,613.5063,0.619551,4.10746,688.9932,4.01509
43.84,0.00927848,990.6256,4.174,63.9992,15.4536,613.4024,0.619448,4.10808,688.9736,4.01432
43.85,0.00928345,990.6215,4.174,64.0005,15.454,613.2985,0.619345,4.1087,688.954,4.01355
43.86,0.00928842,990.6174,4.174,64.0018,15.4544,613.1946,0.619242,4.10932,688.9344,4.01278
43.87,0.00929339,990.6133,4.174,64.0031,15.4548,613.0907,0.619139,4.10994,688.9148,4.01201
43.88,0.00929836,990.6092,4.174,64.0044,15.4552,612.9868,0.619036,4.11056,688.8952,4.01124
43.89,0.00930333,990.6051,4.174,64.0057,15.4556,612.8829,0.618933,4.11118,688.8756,4.01047
43.9,0.0093083,990.601,4.174,64.007,15.456,612.779,0.61883,4.1118,688.856,4.0097
43.91,0.00931327,990.5969,4.174,64.0083,15.4564,612.6751,0.618727,4.11242,688.8364,4.00893
43.92,0.00931824,990.5928,4.174,64.0096,15.4568,612.5712,0.618624,4.11304,688.8168,4.00816
43.93,0.00932321,990.5887,4.174,64.0109,15.4572,612.4673,0.618521,4.11366,688.7972,4.00739
43.94,0.00932818,990.5846,4.174,64.0122,15.4576,612.3634,0.618418,4.11428,688.7776,4.00662
43.95,0.00933315,990.5805,4.174,64.0135,15.458,612.2595,0.618315,4.1149,688.758,4.00585
43.96,0.00933812,990.5764,4.174,64.0148,15.4584,612.1556,0.618212,4.11552,688.7384,4.00508
43.97,0.00934309,990.5723,4.174,64.0161,15.4588,612.0517,0.618109,4.11614,688.7188,4.00431
43.98,0.00934806,990.5682,4.174,64.0174,15.4592,611.9478,0.618006,4.11676,688.6992,4.00354
43.99,0.00935303,990.5641,4.174,64.0187,15.4596,611.8439,0.617903,4.11738,688.6796,4.00277
44,0.009358,990.56,4.174,64.02,15.46,611.74,0.6178,4.118,688.66,4.002
44.01,0.00936297,990.5559,4.174,64.0213,15.4604,611.6361,0.617697,4.11862,688.6404,4.00123
44.02,0.00936794,990.5518,4.174,64.0226,15.4608,611.5322,0.617594,4.11924,688.6208,4.00046
44.03,0.00937291,990.5477,4.174,64.0239,15.4612,611.4283,0.617491,4.11986,688.6012,3.99969
44.04,0.00937788,990.5436,4.174,64.0252,15.4616,611.3244,0.617388,4.12048,688.5816,3.99892
44.05,0.00938285,990.5395,4.174,64.0265,15.462,611.2205,0.617285,4.1211,688.562,3.99815
44.06,0.00938782,990.5354,4.174,64.0278,15.4624,611.1166,0.617182,4.12172,688.5424,3.99738
44.07,0.00939279,990.5313,4.174,64.0291,15.4628,611.0127,0.617079,4.12234,688.5228,3.99661
44.08,0.00939776,990.5272,4.174,64.0304,15.4632,610.9088,0.616976,4.12296,688.5032,3.99584
44.09,0.00940273,990.5231,4.174,64.0317,15.4636,610.8049,0.616873,4.12358,688.4836,3.99507
44.1,0.0094077,990.519,4.174,64.033,15.464,610.701,0.61677,4.1242,688.464,3.9943
44.11,0.00941267,990.5149,4.174,64.0343,15.4644,610.5971,0.616667,4.12482,688.4444,3.99353
44.12,0.00941764,990.5108,4.174,64.0356,15.4648,610.4932,0.616564,4.12544,688.4248,3.99276
44.13,0.00942261,990.5067,4.174,64.0369,15.4652,610.3893,0.616461,4.12606,688.4052,3.99199
44.14,0.00942758,990.5026,4.174,64.0382,15.4656,610.2854,0.616358,4.12668,688.3856,3.99122
44.15,0.00943255,990.4985,4.174,64.0395,15.466,610.1815,0.616255,4.1273,688.366,3.99045
44.16,0.00943752,990.4944,4.174,64.0408,15.4664,610.0776,0.616152,4.12792,688.3464,3.98968
44.17,0.00944249,990.4903,4.174,64.0421,15.4668,609.9737,0.616049,4.12854,688.3268,3.98891
44.18,0.00944746,990.4862,4.174,64.0434,15.4672,609.8698,0.615946,4.12916,688.3072,3.98814
44.19,0.00945243,990.4821,4.174,64.0447,15.4676,609.7659,0.615843,4.12978,688.2876,3.98737
44.2,0.0094574,990.478,4.174,64.046,15.468,609.662,0.61574,4.1304,688.268,3.9866
44.21,0.00946237,990.4739,4.174,64.0473,15.4684,609.5581,0.615637,4.13102,688.2484,3.98583
44.22,0.00946734,990.4698,4.174,64.0486,15.4688,609.4542,0.615534,4.13164,688.2288,3.98506
44.23,0.00947231,990.4657,4.174,64.0499,15.4692,609.3503,0.615431,4.13226,688.2092,3.98429
44.24,0.00947728,990.4616,4.174,64.0512,15.4696,609.2464,0.615328,4.13288,688.1896,3.98352
44.25,0.00948225,990.4575,4.174,64.0525,15.47,609.1425,0.615225,4.1335,688.17,3.98275
44.26,0.00948722,990.4534,4.174,64.0538,15.4704,609.0386,0.615122,4.13412,688.1504,3.98198
44.27,0.00949219,990.4493,4.174,64.0551,15.4708,608.9347,0.615019,4.13474,688.1308,3.98121
44.28,0.00949716,990.4452,4.174,64.0564,15.4712,608.8308,0.614916,4.13536,688.1112,3.98044
44.29,0.00950213,990.4411,4.174,64.0577,15.4716,608.7269,0.614813,4.13598,688.0916,3.97967
44.3,0.0095071,990.437,4.174,64.059,15.472,608.623,0.61471,4.1366,688.072,3.9789
44.31,0.00951207,990.4329,4.174,64.0603,15.4724,608.5191,0.614607,4.13722,688.0524,3.97813
44.32,0.00951704,990.4288,4.174,64.0616,15.4728,608.4152,0.614504,4.13784,688.0328,3.97736
44.33,0.00952201,990.4247,4.174,64.0629,15.4732,608.3113,0.614401,4.13846,688.0132,3.97659
44.34,0.00952698,990.4206,4.174,64.0642,15.4736,608.2074,0.614298,4.13908,687.9936,3.97582
44.35,0.00953195,990.4165,4.174,64.0655,15.474,608.1035,0.614195,4.1397,687.974,3.97505
44.36,0.00953692,990.4124,4.174,64.0668,15.4744,607.9996,0.614092,4.14032,687.9544,3.97428
44.37,0.00954189,990.4083,4.174,64.0681,15.4748,607.8957,0.613989,4.14094,687.9348,3.97351
44.38,0.00954686,990.4042,4.174,64.0694,15.4752,607.7918,0.613886,4.14156,687.9152,3.97274
44.39,0.00955183,990.4001,4.174,64.0707,15.4756,607.6879,0.613783,4.14218,687.8956,3.97197
44.4,0.0095568,990.396,4.174,64.072,15.476,607.584,0.61368,4.1428,687.876,3.9712
44.41,0.00956177,990.3919,4.174,64.0733,15.4764,607.4801,0.613577,4.14342,687.8564,3.97043
44.42,0.00956674,990.3878,4.174,64.0746,15.4768,607.3762,0.613474,4.14404,687.8368,3.96966
44.43,0.00957171,990.3837,4.174,64.0759,15.4772,607.2723,0.613371,4.14466,687.8172,3.96889
44.44,0.00957668,990.3796,4.174,64.0772,15.4776,607.1684,0.613268,4.14528,687.7976,3.96812
44.45,0.00958165,990.3755,4.174,64.0785,15.478,607.0645,0.613165,4.1459,687.778,3.96735
44.46,0.00958662,990.3714,4.174,64.0798,15.4784,606.9606,0.613062,4.14652,687.7584,3.96658
44.47,0.00959159,990.3673,4.174,64.0811,15.4788,606.8567,0.612959,4.14714,687.7388,3.96581
44.48,0.00959656,990.3632,4.174,64.0824,15.4792,606.7528,0.612856,4.14776,687.7192,3.96504
44.49,0.00960153,990.3591,4.174,64.0837,15.4796,606.6489,0.612753,4.14838,687.6996,3.96427
44.5,0.0096065,990.355,4.174,64.085,15.48,606.545,0.61265,4.149,687.68,3.9635
44.51,0.00961147,990.3509,4.174,64.0863,15.4804,606.4411,0.612547,4.14962,687.6604,3.96273
44.52,0.00961644,990.3468,4.174,64.0876,15.4808,606.3372,0.612444,4.15024,687.6408,3.96196
44.53,0.00962141,990.3427,4.174,64.0889,15.4812,606.2333,0.612341,4.15086,687.6212,3.96119
44.54,0.00962638,990.3386,4.174,64.0902,15.4816,606.1294,0.612238,4.15148,687.6016,3.96042
44.55,0.00963135,990.3345,4.174,64.0915,15.482,606.0255,0.612135,4.1521,687.582,3.95965
44.56,0.00963632,990.3304,4.174,64.0928,15.4824,605.9216,0.612032,4.15272,687.5624,3.95888
44.57,0.00964129,990.3263,4.174,64.0941,15.4828,605.8177,0.611929,4.15334,687.5428,3.95811
44.58,0.00964626,990.3222,4.174,64.0954,15.4832,605.7138,0.611826,4.15396,687.5232,3.95734
44.59,0.00965123,990.3181,4.174,64.0967,15.4836,605.6099,0.611723,4.15458,687.5036,3.95657
44.6,0.0096562,990.314,4.174,64.098,15.484,605.506,0.61162,4.1552,687.484,3.9558
44.61,0.00966117,990.3099,4.174,64.0993,15.4844,605.4021,0.611517,4.15582,687.4644,3.95503
44.62,0.00966614,990.3058,4.174,64.1006,15.4848,605.2982,0.611414,4.15644,687.4448,3.95426
44.63,0.00967111,990.3017,4.174,64.1019,15.4852,605.1943,0.611311,4.15706,687.4252,3.95349
44.64,0.00967608,990.2976,4.174,64.1032,15.4856,605.0904,0.611208,4.15768,687.4056,3.95272
44.65,0.00968105,990.2935,4.174,64.1045,15.486,604.9865,0.611105,4.1583,687.386,3.95195
44.66,0.00968602,990.2894,4.174,64.1058,15.4864,604.8826,0.611002,4.15892,687.3664,3.95118
44.67,0.00969099,990.2853,4.174,64.1071,15.4868,604.7787,0.610899,4.15954,687.3468,3.95041
44.68,0.00969596,990.2812,4.174,64.1084,15.4872,604.6748,0.610796,4.16016,687.3272,3.94964
44.69,0.00970093,990.2771,4.174,64.1097,15.4876,604.5709,0.610693,4.16078,687.3076,3.94887
44.7,0.0097059,990.273,4.174,64.111,15.488,604.467,0.61059,4.1614,687.288,3.9481
44.71,0.00971087,990.2689,4.174,64.1123,15.4884,604.3631,0.610487,4.16202,687.2684,3.94733
44.72,0.00971584,990.2648,4.174,64.1136,15.4888,604.2592,0.610384,4.16264,687.2488,3.94656
44.73,0.00972081,990.2607,4.174,64.1149,15.4892,604.1553,0.610281,4.16326,687.2292,3.94579
44.74,0.00972578,990.2566,4.174,64.1162,15.4896,604.0514,0.610178,4.16388,687.2096,3.94502
44.75,0.00973075,990.2525,4.174,64.1175,15.49,603.9475,0.610075,4.1645,687.19,3.94425
44.76,0.00973572,990.2484,4.174,64.1188,15.4904,603.8436,0.609972,4.16512,687.1704,3.94348
44.77,0.00974069,990.2443,4.174,64.1201,15.4908,603.7397,0.609869,4.16574,687.1508,3.94271
44.78,0.00974566,990.2402,4.174,64.1214,15.4912,603.6358,0.609766,4.16636,687.1312,3.94194
44.79,0.00975063,990.2361,4.174,64.1227,15.4916,603.5319,0.609663,4.16698,687.1116,3.94117
44.8,0.0097556,990.232,4.174,64.124,15.492,603.428,0.60956,4.1676,687.092,3.9404
44.81,0.00976057,990.2279,4.174,64.1253,15.4924,603.3241,0.609457,4.16822,687.0724,3.93963
44.82,0.00976554,990.2238,4.174,64.1266,15.4928,603.2202,0.609354,4.16884,687.0528,3.93886
44.83,0.00977051,990.2197,4.174,64.1279,15.4932,603.1163,0.609251,4.16946,687.0332,3.93809
44.84,0.00977548,990.2156,4.174,64.1292,15.4936,603.0124,0.609148,4.17008,687.0136,3.93732
44.85,0.00978045,990.2115,4.174,64.1305,15.494,602.9085,0.609045,4.1707,686.994,3.93655
44.86,0.00978542,990.2074,4.174,64.1318,15.4944,602.8046,0.608942,4.17132,686.9744,3.93578
44.87,0.00979039,990.2033,4.174,64.1331,15.4948,602.7007,0.608839,4.17194,686.9548,3.93501
44.88,0.00979536,990.1992,4.174,64.1344,15.4952,602.5968,0.608736,4.17256,686.9352,3.93424
44.89,0.00980033,990.1951,4.174,64.1357,15.4956,602.4929,0.608633,4.17318,686.9156,3.93347
44.9,0.0098053,990.191,4.174,64.137,15.496,602.389,0.60853,4.1738,686.896,3.9327
44.91,0.00981027,990.1869,4.174,64.1383,15.4964,602.2851,0.608427,4.17442,686.8764,3.93193
44.92,0.00981524,990.1828,4.174,64.1396,15.4968,602.1812,0.608324,4.17504,686.8568,3.93116
44.93,0.00982021,990.1787,4.174,64.1409,15.4972,602.0773,0.608221,4.17566,686.8372,3.93039
44.94,0.00982518,990.1746,4.174,64.1422,15.4976,601.9734,0.608118,4.17628,686.8176,3.92962
44.95,0.00983015,990.1705,4.174,64.1435,15.498,601.8695,0.608015,4.1769,686.798,3.92885
44.96,0.00983512,990.1664,4.174,64.1448,15.4984,601.7656,0.607912,4.17752,686.7784,3.92808
44.97,0.00984009,990.1623,4.174,64.1461,15.4988,601.6617,0.607809,4.17814,686.7588,3.92731
44.98,0.00984506,990.1582,4.174,64.1474,15.4992,601.5578,0.607706,4.17876,686.7392,3.92654
44.99,0.00985003,990.1541,4.174,64.1487,15.4996,601.4539,0.607603,4.17938,686.7196,3.92577
45,0.009855,990.15,4.174,64.15,15.5,601.35,0.6075,4.18,686.7,3.925
45.01,0.00985997,990.1459,4.174,64.1513,15.5004,601.2461,0.607397,4.18062,686.6804,3.92423
45.02,0.00986494,990.1418,4.174,64.1526,15.5008,601.1422,0.607294,4.18124,686.6608,3.92346
45.03,0.00986991,990.1377,4.174,64.1539,15.5012,601.0383,0.607191,4.18186,686.6412,3.92269
45.04,0.00987488,990.1336,4.174,64.1552,15.5016,600.9344,0.607088,4.18248,686.6216,3.92192
45.05,0.00987985,990.1295,4.174,64.1565,15.502,600.8305,0.606985,4.1831,686.602,3.92115
45.06,0.00988482,990.1254,4.174,64.1578,15.5024,600.7266,0.606882,4.18372,686.5824,3.92038
45.07,0.00988979,990.1213,4.174,64.1591,15.5028,600.6227,0.606779,4.18434,686.5628,3.91961
45.08,0.00989476,990.1172,4.174,64.1604,15.5032,600.5188,0.606676,4.18496,686.5432,3.91884
45.09,0.00989973,990.1131,4.174,64.1617,15.5036,600.4149,0.606573,4.18558,686.5236,3.91807
45.1,0.0099047,990.109,4.174,64.163,15.504,600.311,0.60647,4.1862,686.504,3.9173
45.11,0.00990967,990.1049,4.174,64.1643,15.5044,600.2071,0.606367,4.18682,686.4844,3.91653
45.12,0.00991464,990.1008,4.174,64.1656,15.5048,600.1032,0.606264,4.18744,686.4648,3.91576
45.13,0.00991961,990.0967,4.174,64.1669,15.5052,599.9993,0.606161,4.18806,686.4452,3.91499
45.14,0.00992458,990.0926,4.174,64.1682,15.5056,599.8954,0.606058,4.18868,686.4256,3.91422
45.15,0.00992955,990.0885,4.174,64.1695,15.506,599.7915,0.605955,4.1893,686.406,3.91345
45.16,0.00993452,990.0844,4.174,64.1708,15.5064,599.6876,0.605852,4.18992,686.3864,3.91268
45.17,0.00993949,990.0803,4.174,64.1721,15.5068,599.5837,0.605749,4.19054,686.3668,3.91191
45.18,0.00994446,990.0762,4.174,64.1734,15.5072,599.4798,0.605646,4.19116,686.3472,3.91114
45.19,0.00994943,990.0721,4.174,64.1747,15.5076,599.3759,0.605543,4.19178,686.3276,3.91037
45.2,0.0099544,990.068,4.174,64.176,15.508,599.272,0.60544,4.1924,686.308,3.9096
45.21,0.00995937,990.0639,4.174,64.1773,15.5084,599.1681,0.605337,4.19302,686.2884,3.90883
45.22,0.00996434,990.0598,4.174,64.1786,15.5088,599.0642,0.605234,4.19364,686.2688,3.90806
45.23,0.00996931,990.0557,4.174,64.1799,15.5092,598.9603,0.605131,4.19426,686.2492,3.90729
45.24,0.00997428,990.0516,4.174,64.1812,15.5096,598.8564,0.605028,4.19488,686.2296,3.90652
45.25,0.00997925,990.0475,4.174,64.1825,15.51,598.7525,0.604925,4.1955,686.21,3.90575
45.26,0.00998422,990.0434,4.174,64.1838,15.5104,598.6486,0.604822,4.19612,686.1904,3.90498
45.27,0.00998919,990.0393,4.174,64.1851,15.5108,598.5447,0.604719,4.19674,686.1708,3.90421
45.28,0.00999416,990.0352,4.174,64.1864,15.5112,598.4408,0.604616,4.19736,686.1512,3.90344
45.29,0.00999913,990.0311,4.174,64.1877,15.5116,598.3369,0.604513,4.19798,686.1316,3.90267
45.3,0.0100041,990.027,4.174,64.189,15.512,598.233,0.60441,4.1986,686.112,3.9019
45.31,0.01000907,990.0229,4.174,64.1903,15.5124,598.1291,0.604307,4.19922,686.0924,3.90113
45.32,0.01001404,990.0188,4.174,64.1916,15.5128,598.0252,0.604204,4.19984,686.0728,3.90036
45.33,0.01001901,990.0147,4.174,64.1929,15.5132,597.9213,0.604101,4.20046,686.0532,3.89959
45.34,0.01002398,990.0106,4.174,64.1942,15.5136,597.8174,0.603998,4.20108,686.0336,3.89882
45.35,0.01002895,990.0065,4.174,64.1955,15.514,597.7135,0.603895,4.2017,686.014,3.89805
45.36,0.01003392,990.0024,4.174,64.1968,15.5144,597.6096,0.603792,4.20232,685.9944,3.89728
45.37,0.01003889,989.9983,4.174,64.1981,15.5148,597.5057,0.603689,4.20294,685.9748,3.89651
45.38,0.01004386,989.9942,4.174,64.1994,15.5152,597.4018,0.603586,4.20356,685.9552,3.89574
45.39,0.01004883,989.9901,4.174,64.2007,15.5156,597.2979,0.603483,4.20418,685.9356,3.89497
45.4,0.0100538,989.986,4.174,64.202,15.516,597.194,0.60338,4.2048,685.916,3.8942
45.41,0.01005877,989.9819,4.174,64.2033,15.5164,597.0901,0.603277,4.20542,685.8964,3.89343
45.42,0.01006374,989.9778,4.174,64.2046,15.5168,596.9862,0.603174,4.20604,685.8768,3.89266
45.43,0.01006871,989.9737,4.174,64.2059,15.5172,596.8823,0.603071,4.20666,685.8572,3.89189
45.44,0.01007368,989.9696,4.174,64.2072,15.5176,596.7784,0.602968,4.20728,685.8376,3.89112
45.45,0.01007865,989.9655,4.174,64.2085,15.518,596.6745,0.602865,4.2079,685.818,3.89035
45.46,0.01008362,989.9614,4.174,64.2098,15.5184,596.5706,0.602762,4.20852,685.7984,3.88958
45.47,0.01008859,989.9573,4.174,64.2111,15.5188,596.4667,0.602659,4.20914,685.7788,3.88881
45.48,0.01009356,989.9532,4.174,64.2124,15.5192,596.3628,0.602556,4.20976,685.7592,3.88804
45.49,0.01009853,989.9491,4.174,64.2137,15.5196,596.2589,0.602453,4.21038,685.7396,3.88727
45.5,0.0101035,989.945,4.174,64.215,15.52,596.155,0.60235,4.211,685.72,3.8865
45.51,0.01010847,989.9409,4.174,64.2163,15.5204,596.0511,0.602247,4.21162,685.7004,3.88573
45.52,0.01011344,989.9368,4.174,64.2176,15.5208,595.9472,0.602144,4.21224,685.6808,3.88496
45.53,0.01011841,989.9327,4.174,64.2189,15.5212,595.8433,0.602041,4.21286,685.6612,3.88419
45.54,0.01012338,989.9286,4.174,64.2202,15.5216,595.7394,0.601938,4.21348,685.6416,3.88342
45.55,0.01012835,989.9245,4.174,64.2215,15.522,595.6355,0.601835,4.2141,685.622,3.88265
45.56,0.01013332,989.9204,4.174,64.2228,15.5224,595.5316,0.601732,4.21472,685.6024,3.88188
45.57,0.01013829,989.9163,4.174,64.2241,15.5228,595.4277,0.601629,4.21534,685.5828,3.88111
45.58,0.01014326,989.9122,4.174,64.2254,15.5232,595.3238,0.601526,4.21596,685.5632,3.88034
45.59,0.01014823,989.9081,4.174,64.2267,15.5236,595.2199,0.601423,4.21658,685.5436,3.87957
45.6,0.0101532,989.904,4.174,64.228,15.524,595.116,0.60132,4.2172,685.524,3.8788
45.61,0.01015817,989.8999,4.174,64.2293,15.5244,595.0121,0.601217,4.21782,685.5044,3.87803
45.62,0.01016314,989.8958,4.174,64.2306,15.5248,594.9082,0.601114,4.21844,685.4848,3.87726
45.63,0.01016811,989.8917,4.174,64.2319,15.5252,594.8043,0.601011,4.21906,685.4652,3.87649
45.64,0.01017308,989.8876,4.174,64.2332,15.5256,594.7004,0.600908,4.21968,685.4456,3.87572
45.65,0.01017805,989.8835,4.174,64.2345,15.526,594.5965,0.600805,4.2203,685.426,3.87495
45.66,0.01018302,989.8794,4.174,64.2358,15.5264,594.4926,0.600702,4.22092,685.4064,3.87418
45.67,0.01018799,989.8753,4.174,64.2371,15.5268,594.3887,0.600599,4.22154,685.3868,3.87341
45.68,0.01019296,989.8712,4.174,64.2384,15.5272,594.2848,0.600496,4.22216,685.3672,3.87264
45.69,0.01019793,989.8671,4.174,64.2397,15.5276,594.1809,0.600393,4.22278,685.3476,3.87187
45.7,0.0102029,989.863,4.174,64.241,15.528,594.077,0.60029,4.2234,685.328,3.8711
45.71,0.01020787,989.8589,4.174,64.2423,15.5284,593.9731,0.600187,4.22402,685.3084,3.87033
45.72,0.01021284,989.8548,4.174,64.2436,15.5288,593.8692,0.600084,4.22464,685.2888,3.86956
45.73,0.01021781,989.8507,4.174,64.2449,15.5292,593.7653,0.599981,4.22526,685.2692,3.86879
45.74,0.01022278,989.8466,4.174,64.2462,15.5296,593.6614,0.599878,4.22588,685.2496,3.86802
45.75,0.01022775,989.8425,4.174,64.2475,15.53,593.5575,0.599775,4.2265,685.23,3.86725
45.76,0.01023272,989.8384,4.174,64.2488,15.5304,593.4536,0.599672,4.22712,685.2104,3.86648
45.77,0.01023769,989.8343,4.174,64.2501,15.5308,593.3497,0.599569,4.22774,685.1908,3.86571
45.78,0.01024266,989.8302,4.174,64.2514,15.5312,593.2458,0.599466,4.22836,685.1712,3.86494
45.79,0.01024763,989.8261,4.174,64.2527,15.5316,593.1419,0.599363,4.22898,685.1516,3.86417
45.8,0.0102526,989.822,4.174,64.254,15.532,593.038,0.59926,4.2296,685.132,3.8634
45.81,0.01025757,989.8179,4.174,64.2553,15.5324,592.9341,0.599157,4.23022,685.1124,3.86263
45.82,0.01026254,989.8138,4.174,64.2566,15.5328,592.8302,0.599054,4.23084,685.0928,3.86186
45.83,0.01026751,989.8097,4.174,64.2579,15.5332,592.7263,0.598951,4.23146,685.0732,3.86109
45.84,0.01027248,989.8056,4.174,64.2592,15.5336,592.6224,0.598848,4.23208,685.0536,3.86032
45.85,0.01027745,989.8015,4.174,64.2605,15.534,592.5185,0.598745,4.2327,685.034,3.85955
45.86,0.01028242,989.7974,4.174,64.2618,15.5344,592.4146,0.598642,4.23332,685.0144,3.85878
45.87,0.01028739,989.7933,4.174,64.2631,15.5348,592.3107,0.598539,4.23394,684.9948,3.85801
45.88,0.01029236,989.7892,4.174,64.2644,15.5352,592.2068,0.598436,4.23456,684.9752,3.85724
45.89,0.01029733,989.7851,4.174,64.2657,15.5356,592.1029,0.598333,4.23518,684.9556,3.85647
45.9,0.0103023,989.781,4.174,64.267,15.536,591.999,0.59823,4.2358,684.936,3.8557
45.91,0.01030727,989.7769,4.174,64.2683,15.5364,591.8951,0.598127,4.23642,684.9164,3.85493
45.92,0.01031224,989.7728,4.174,64.2696,15.5368,591.7912,0.598024,4.23704,684.8968,3.85416
45.93,0.01031721,989.7687,4.174,64.2709,15.5372,591.6873,0.597921,4.23766,684.8772,3.85339
45.94,0.01032218,989.7646,4.174,64.2722,15.5376,591.5834,0.597818,4.23828,684.8576,3.85262
45.95,0.01032715,989.7605,4.174,64.2735,15.538,591.4795,0.597715,4.2389,684.838,3.85185
45.96,0.01033212,989.7564,4.174,64.2748,15.5384,591.3756,0.597612,4.23952,684.8184,3.85108
45.97,0.01033709,989.7523,4.174,64.2761,15.5388,591.2717,0.597509,4.24014,684.7988,3.85031
45.98,0.01034206,989.7482,4.174,64.2774,15.5392,591.1678,0.597406,4.24076,684.7792,3.84954
45.99,0.01034703,989.7441,4.174,64.2787,15.5396,591.0639,0.597303,4.24138,684.7596,3.84877
46,0.010352,989.74,4.174,64.28,15.54,590.96,0.5972,4.242,684.74,3.848
46.01,0.01035697,989.7359,4.174,64.2813,15.5404,590.8561,0.597097,4.24262,684.7204,3.84723
46.02,0.01036194,989.7318,4.174,64.2826,15.5408,590.7522,0.596994,4.24324,684.7008,3.84646
46.03,0.01036691,989.7277,4.174,64.2839,15.5412,590.6483,0.596891,4.24386,684.6812,3.84569
46.04,0.01037188,989.7236,4.174,64.2852,15.5416,590.5444,0.596788,4.24448,684.6616,3.84492
46.05,0.01037685,989.7195,4.174,64.2865,15.542,590.4405,0.596685,4.2451,684.642,3.84415
46.06,0.01038182,989.7154,4.174,64.2878,15.5424,590.3366,0.596582,4.24572,684.6224,3.84338
46.07,0.01038679,989.7113,4.174,64.2891,15.5428,590.2327,0.596479,4.24634,684.6028,3.84261
46.08,0.01039176,989.7072,4.174,64.2904,15.5432,590.1288,0.596376,4.24696,684.5832,3.84184
46.09,0.01039673,989.7031,4.174,64.2917,15.5436,590.0249,0.596273,4.24758,684.5636,3.84107
46.1,0.0104017,989.699,4.174,64.293,15.544,589.921,0.59617,4.2482,684.544,3.8403
46.11,0.01040667,989.6949,4.174,64.2943,15.5444,589.8171,0.596067,4.24882,684.5244,3.83953
46.12,0.01041164,989.6908,4.174,64.2956,15.5448,589.7132,0.595964,4.24944,684.5048,3.83876
46.13,0.01041661,989.6867,4.174,64.2969,15.5452,589.6093,0.595861,4.25006,684.4852,3.83799
46.14,0.01042158,989.6826,4.174,64.2982,15.5456,589.5054,0.595758,4.25068,684.4656,3.83722
46.15,0.01042655,989.6785,4.174,64.2995,15.546,589.4015,0.595655,4.2513,684.446,3.83645
46.16,0.01043152,989.6744,4.174,64.3008,15.5464,589.2976,0.595552,4.25192,684.4264,3.83568
46.17,0.01043649,989.6703,4.174,64.3021,15.5468,589.1937,0.595449,4.25254,684.4068,3.83491
46.18,0.01044146,989.6662,4.174,64.3034,15.5472,589.0898,0.595346,4.25316,684.3872,3.83414
46.19,0.01044643,989.6621,4.174,64.3047,15.5476,588.9859,0.595243,4.25378,684.3676,3.83337
46.2,0.0104514,989.658,4.174,64.306,15.548,588.882,0.59514,4.2544,684.348,3.8326
46.21,0.01045637,989.6539,4.174,64.3073,15.5484,588.7781,0.595037,4.25502,684.3284,3.83183
46.22,0.01046134,989.6498,4.174,64.3086,15.5488,588.6742,0.594934,4.25564,684.3088,3.83106
46.23,0.01046631,989.6457,4.174,64.3099,15.5492,588.5703,0.594831,4.25626,684.2892,3.83029
46.24,0.01047128,989.6416,4.174,64.3112,15.5496,588.4664,0.594728,4.25688,684.2696,3.82952
46.25,0.01047625,989.6375,4.174,64.3125,15.55,588.3625,0.594625,4.2575,684.25,3.82875
46.26,0.01048122,989.6334,4.174,64.3138,15.5504,588.2586,0.594522,4.25812,684.2304,3.82798
46.27,0.01048619,989.6293,4.174,64.3151,15.5508,588.1547,0.594419,4.25874,684.2108,3.82721
46.28,0.01049116,989.6252,4.174,64.3164,15.5512,588.0508,0.594316,4.25936,684.1912,3.82644
46.29,0.01049613,989.6211,4.174,64.3177,15.5516,587.9469,0.594213,4.25998,684.1716,3.82567
46.3,0.0105011,989.617,4.174,64.319,15.552,587.843,0.59411,4.2606,684.152,3.8249
46.31,0.01050607,989.6129,4.174,64.3203,15.5524,587.7391,0.594007,4.26122,684.1324,3.82413
46.32,0.01051104,989.6088,4.174,64.3216,15.5528,587.6352,0.593904,4.26184,684.1128,3.82336
46.33,0.01051601,989.6047,4.174,64.3229,15.5532,587.5313,0.593801,4.26246,684.0932,3.82259
46.34,0.01052098,989.6006,4.174,64.3242,15.5536,587.4274,0.593698,4.26308,684.0736,3.82182
46.35,0.01052595,989.5965,4.174,64.3255,15.554,587.3235,0.593595,4.2637,684.054,3.82105
46.36,0.01053092,989.5924,4.174,64.3268,15.5544,587.2196,0.593492,4.26432,684.0344,3.82028
46.37,0.01053589,989.5883,4.174,64.3281,15.5548,587.1157,0.593389,4.26494,684.0148,3.81951
46.38,0.01054086,989.5842,4.174,64.3294,15.5552,587.0118,0.593286,4.26556,683.9952,3.81874
46.39,0.01054583,989.5801,4.174,64.3307,15.5556,586.9079,0.593183,4.26618,683.9756,3.81797
46.4,0.0105508,989.576,4.174,64.332,15.556,586.804,0.59308,4.2668,683.956,3.8172
46.41,0.01055577,989.5719,4.174,64.3333,15.5564,586.7001,0.592977,4.26742,683.9364,3.81643
46.42,0.01056074,989.5678,4.174,64.3346,15.5568,586.5962,0.592874,4.26804,683.9168,3.81566
46.43,0.01056571,989.5637,4.174,64.3359,15.5572,586.4923,0.592771,4.26866,683.8972,3.81489
46.44,0.01057068,989.5596,4.174,64.3372,15.5576,586.3884,0.592668,4.26928,683.8776,3.81412
46.45,0.01057565,989.5555,4.174,64.3385,15.558,586.2845,0.592565,4.2699,683.858,3.81335
46.46,0.01058062,989.5514,4.174,64.3398,15.5584,586.1806,0.592462,4.27052,683.8384,3.81258
46.47,0.01058559,989.5473,4.174,64.3411,15.5588,586.0767,0.592359,4.27114,683.8188,3.81181
46.48,0.01059056,989.5432,4.174,64.3424,15.5592,585.9728,0.592256,4.27176,683.7992,3.81104
46.49,0.01059553,989.5391,4.174,64.3437,15.5596,585.8689,0.592153,4.27238,683.7796,3.81027
46.5,0.0106005,989.535,4.174,64.345,15.56,585.765,0.59205,4.273,683.76,3.8095
46.51,0.01060547,989.5309,4.174,64.3463,15.5604,585.6611,0.591947,4.27362,683.7404,3.80873
46.52,0.01061044,989.5268,4.174,64.3476,15.5608,585.5572,0.591844,4.27424,683.7208,3.80796
46.53,0.01061541,989.5227,4.174,64.3489,15.5612,585.4533,0.591741,4.27486,683.7012,3.80719
46.54,0.01062038,989.5186,4.174,64.3502,15.5616,585.3494,0.591638,4.27548,683.6816,3.80642
46.55,0.01062535,989.5145,4.174,64.3515,15.562,585.2455,0.591535,4.2761,683.662,3.80565
46.56,0.01063032,989.5104,4.174,64.3528,15.5624,585.1416,0.591432,4.27672,683.6424,3.80488
46.57,0.01063529,989.5063,4.174,64.3541,15.5628,585.0377,0.591329,4.27734,683.6228,3.80411
46.58,0.01064026,989.5022,4.174,64.3554,15.5632,584.9338,0.591226,4.27796,683.6032,3.80334
46.59,0.01064523,989.4981,4.174,64.3567,15.5636,584.8299,0.591123,4.27858,683.5836,3.80257
46.6,0.0106502,989.494,4.174,64.358,15.564,584.726,0.59102,4.2792,683.564,3.8018
46.61,0.01065517,989.4899,4.174,64.3593,15.5644,584.6221,0.590917,4.27982,683.5444,3.80103
46.62,0.01066014,989.4858,4.174,64.3606,15.5648,584.5182,0.590814,4.28044,683.5248,3.80026
46.63,0.01066511,989.4817,4.174,64.3619,15.5652,584.4143,0.590711,4.28106,683.5052,3.79949
46.64,0.01067008,989.4776,4.174,64.3632,15.5656,584.3104,0.590608,4.28168,683.4856,3.79872
46.65,0.01067505,989.4735,4.174,64.3645,15.566,584.2065,0.590505,4.2823,683.466,3.79795
46.66,0.01068002,989.4694,4.174,64.3658,15.5664,584.1026,0.590402,4.28292,683.4464,3.79718
46.67,0.01068499,989.4653,4.174,64.3671,15.5668,583.9987,0.590299,4.28354,683.4268,3.79641
46.68,0.01068996,989.4612,4.174,64.3684,15.5672,583.8948,0.590196,4.28416,683.4072,3.79564
46.69,0.01069493,989.4571,4.174,64.3697,15.5676,583.7909,0.590093,4.28478,683.3876,3.79487
46.7,0.0106999,989.453,4.174,64.371,15.568,583.687,0.58999,4.2854,683.368,3.7941
46.71,0.01070487,989.4489,4.174,64.3723,15.5684,583.5831,0.589887,4.28602,683.3484,3.79333
46.72,0.01070984,989.4448,4.174,64.3736,15.5688,583.4792,0.589784,4.28664,683.3288,3.79256
46.73,0.01071481,989.4407,4.174,64.3749,15.5692,583.3753,0.589681,4.28726,683.3092,3.79179
46.74,0.01071978,989.4366,4.174,64.3762,15.5696,583.2714,0.589578,4.28788,683.2896,3.79102
46.75,0.01072475,989.4325,4.174,64.3775,15.57,583.1675,0.589475,4.2885,683.27,3.79025
46.76,0.01072972,989.4284,4.174,64.3788,15.5704,583.0636,0.589372,4.28912,683.2504,3.78948
46.77,0.01073469,989.4243,4.174,64.3801,15.5708,582.9597,0.589269,4.28974,683.2308,3.78871
46.78,0.01073966,989.4202,4.174,64.3814,15.5712,582.8558,0.589166,4.29036,683.2112,3.78794
46.79,0.01074463,989.4161,4.174,64.3827,15.5716,582.7519,0.589063,4.29098,683.1916,3.78717
46.8,0.0107496,989.412,4.174,64.384,15.572,582.648,0.58896,4.2916,683.172,3.7864
46.81,0.01075457,989.4079,4.174,64.3853,15.5724,582.5441,0.588857,4.29222,683.1524,3.78563
46.82,0.01075954,989.4038,4.174,64.3866,15.5728,582.4402,0.588754,4.29284,683.1328,3.78486
46.83,0.01076451,989.3997,4.174,64.3879,15.5732,582.3363,0.588651,4.29346,683.1132,3.78409
46.84,0.01076948,989.3956,4.174,64.3892,15.5736,582.2324,0.588548,4.29408,683.0936,3.78332
46.85,0.01077445,989.3915,4.174,64.3905,15.574,582.1285,0.588445,4.2947,683.074,3.78255
46.86,0.01077942,989.3874,4.174,64.3918,15.5744,582.0246,0.588342,4.29532,683.0544,3.78178
46.87,0.01078439,989.3833,4.174,64.3931,15.5748,581.9207,0.588239,4.29594,683.0348,3.78101
46.88,0.01078936,989.3792,4.174,64.3944,15.5752,581.8168,0.588136,4.29656,683.0152,3.78024
46.89,0.01079433,989.3751,4.174,64.3957,15.5756,581.7129,0.588033,4.29718,682.9956,3.77947
46.9,0.0107993,989.371,4.174,64.397,15.576,581.609,0.58793,4.2978,682.976,3.7787
46.91,0.01080427,989.3669,4.174,64.3983,15.5764,581.5051,0.587827,4.29842,682.9564,3.77793
46.92,0.01080924,989.3628,4.174,64.3996,15.5768,581.4012,0.587724,4.29904,682.9368,3.77716
46.93,0.01081421,989.3587,4.174,64.4009,15.5772,581.2973,0.587621,4.29966,682.9172,3.77639
46.94,0.01081918,989.3546,4.174,64.4022,15.5776,581.1934,0.587518,4.30028,682.8976,3.77562
46.95,0.01082415,989.3505,4.174,64.4035,15.578,581.0895,0.587415,4.3009,682.878,3.77485
46.96,0.01082912,989.3464,4.174,64.4048,15.5784,580.9856,0.587312,4.30152,682.8584,3.77408
46.97,0.01083409,989.3423,4.174,64.4061,15.5788,580.8817,0.587209,4.30214,682.8388,3.77331
46.98,0.01083906,989.3382,4.174,64.4074,15.5792,580.7778,0.587106,4.30276,682.8192,3.77254
46.99,0.01084403,989.3341,4.174,64.4087,15.5796,580.6739,0.587003,4.30338,682.7996,3.77177
47,0.010849,989.33,4.174,64.41,15.58,580.57,0.5869,4.304,682.78,3.771
47.01,0.01085397,989.3259,4.174,64.4113,15.5804,580.4661,0.586797,4.30462,682.7604,3.77023
47.02,0.01085894,989.3218,4.174,64.4126,15.5808,580.3622,0.586694,4.30524,682.7408,3.76946
47.03,0.01086391,989.3177,4.174,64.4139,15.5812,580.2583,0.586591,4.30586,682.7212,3.76869
47.04,0.01086888,989.3136,4.174,64.4152,15.5816,580.1544,0.586488,4.30648,682.7016,3.76792
47.05,0.01087385,989.3095,4.174,64.4165,15.582,580.0505,0.586385,4.3071,682.682,3.76715
47.06,0.01087882,989.3054,4.174,64.4178,15.5824,579.9466,0.586282,4.30772,682.6624,3.76638
47.07,0.01088379,989.3013,4.174,64.4191,15.5828,579.8427,0.586179,4.30834,682.6428,3.76561
47.08,0.01088876,989.2972,4.174,64.4204,15.5832,579.7388,0.586076,4.30896,682.6232,3.76484
47.09,0.01089373,989.2931,4.174,64.4217,15.5836,579.6349,0.585973,4.30958,682.6036,3.76407
47.1,0.0108987,989.289,4.174,64.423,15.584,579.531,0.58587,4.3102,682.584,3.7633
47.11,0.01090367,989.2849,4.174,64.4243,15.5844,579.4271,0.585767,4.31082,682.5644,3.76253
47.12,0.01090864,989.2808,4.174,64.4256,15.5848,579.3232,0.585664,4.31144,682.5448,3.76176
47.13,0.01091361,989.2767,4.174,64.4269,15.5852,579.2193,0.585561,4.31206,682.5252,3.76099
47.14,0.01091858,989.2726,4.174,64.4282,15.5856,579.1154,0.585458,4.31268,682.5056,3.76022
47.15,0.01092355,989.2685,4.174,64.4295,15.586,579.0115,0.585355,4.3133,682.486,3.75945
47.16,0.01092852,989.2644,4.174,64.4308,15.5864,578.9076,0.585252,4.31392,682.4664,3.75868
47.17,0.01093349,989.2603,4.174,64.4321,15.5868,578.8037,0.585149,4.31454,682.4468,3.75791
47.18,0.01093846,989.2562,4.174,64.4334,15.5872,578.6998,0.585046,4.31516,682.4272,3.75714
47.19,0.01094343,989.2521,4.174,64.4347,15.5876,578.5959,0.584943,4.31578,682.4076,3.75637
47.2,0.0109484,989.248,4.174,64.436,15.588,578.492,0.58484,4.3164,682.388,3.7556
47.21,0.01095337,989.2439,4.174,64.4373,15.5884,578.3881,0.584737,4.31702,682.3684,3.75483
47.22,0.01095834,989.2398,4.174,64.4386,15.5888,578.2842,0.584634,4.31764,682.3488,3.75406
47.23,0.01096331,989.2357,4.174,64.4399,15.5892,578.1803,0.584531,4.31826,682.3292,3.75329
47.24,0.01096828,989.2316,4.174,64.4412,15.5896,578.0764,0.584428,4.31888,682.3096,3.75252
47.25,0.01097325,989.2275,4.174,64.4425,15.59,577.9725,0.584325,4.3195,682.29,3.75175
47.26,0.01097822,989.2234,4.174,64.4438,15.5904,577.8686,0.584222,4.32012,682.2704,3.75098
47.27,0.01098319,989.2193,4.174,64.4451,15.5908,577.7647,0.584119,4.32074,682.2508,3.75021
47.28,0.01098816,989.2152,4.174,64.4464,15.5912,577.6608,0.584016,4.32136,682.2312,3.74944
47.29,0.01099313,989.2111,4.174,64.4477,15.5916,577.5569,0.583913,4.32198,682.2116,3.74867
47.3,0.0109981,989.207,4.174,64.449,15.592,577.453,0.58381,4.3226,682.192,3.7479
47.31,0.01100307,989.2029,4.174,64.4503,15.5924,577.3491,0.583707,4.32322,682.1724,3.74713
47.32,0.01100804,989.1988,4.174,64.4516,15.5928,577.2452,0.583604,4.32384,682.1528,3.74636
47.33,0.01101301,989.1947,4.174,64.4529,15.5932,577.1413,0.583501,4.32446,682.1332,3.74559
47.34,0.01101798,989.1906,4.174,64.4542,15.5936,577.0374,0.583398,4.32508,682.1136,3.74482
47.35,0.01102295,989.1865,4.174,64.4555,15.594,576.9335,0.583295,4.3257,682.094,3.74405
47.36,0.01102792,989.1824,4.174,64.4568,15.5944,576.8296,0.583192,4.32632,682.0744,3.74328
47.37,0.01103289,989.1783,4.174,64.4581,15.5948,576.7257,0.583089,4.32694,682.0548,3.74251
47.38,0.01103786,989.1742,4.174,64.4594,15.5952,576.6218,0.582986,4.32756,682.0352,3.74174
47.39,0.01104283,989.1701,4.174,64.4607,15.5956,576.5179,0.582883,4.32818,682.0156,3.74097
47.4,0.0110478,989.166,4.174,64.462,15.596,576.414,0.58278,4.3288,681.996,3.7402
47.41,0.01105277,989.1619,4.174,64.4633,15.5964,576.3101,0.582677,4.32942,681.9764,3.73943
47.42,0.01105774,989.1578,4.174,64.4646,15.5968,576.2062,0.582574,4.33004,681.9568,3.73866
47.43,0.01106271,989.1537,4.174,64.4659,15.5972,576.1023,0.582471,4.33066,681.9372,3.73789
47.44,0.01106768,989.1496,4.174,64.4672,15.5976,575.9984,0.582368,4.33128,681.9176,3.73712
47.45,0.01107265,989.1455,4.174,64.4685,15.598,575.8945,0.582265,4.3319,681.898,3.73635
47.46,0.01107762,989.1414,4.174,64.4698,15.5984,575.7906,0.582162,4.33252,681.8784,3.73558
47.47,0.01108259,989.1373,4.174,64.4711,15.5988,575.6867,0.582059,4.33314,681.8588,3.73481
47.48,0.01108756,989.1332,4.174,64.4724,15.5992,575.5828,0.581956,4.33376,681.8392,3.73404
47.49,0.01109253,989.1291,4.174,64.4737,15.5996,575.4789,0.581853,4.33438,681.8196,3.73327
47.5,0.0110975,989.125,4.174,64.475,15.6,575.375,0.58175,4.335,681.8,3.7325
47.51,0.01110247,989.1209,4.174,64.4763,15.6004,575.2711,0.581647,4.33562,681.7804,3.73173
47.52,0.01110744,989.1168,4.174,64.4776,15.6008,575.1672,0.581544,4.33624,681.7608,3.73096
47.53,0.01111241,989.1127,4.174,64.4789,15.6012,575.0633,0.581441,4.33686,681.7412,3.73019
47.54,0.01111738,989.1086,4.174,64.4802,15.6016,574.9594,0.581338,4.33748,681.7216,3.72942
47.55,0.01112235,989.1045,4.174,64.4815,15.602,574.8555,0.581235,4.3381,681.702,3.72865
47.56,0.01112732,989.1004,4.174,64.4828,15.6024,574.7516,0.581132,4.33872,681.6824,3.72788
47.57,0.01113229,989.0963,4.174,64.4841,15.6028,574.6477,0.581029,4.33934,681.6628,3.72711
47.58,0.01113726,989.0922,4.174,64.4854,15.6032,574.5438,0.580926,4.33996,681.6432,3.72634
47.59,0.01114223,989.0881,4.174,64.4867,15.6036,574.4399,0.580823,4.34058,681.6236,3.72557
47.6,0.0111472,989.084,4.174,64.488,15.604,574.336,0.58072,4.3412,681.604,3.7248
47.61,0.01115217,989.0799,4.174,64.4893,15.6044,574.2321,0.580617,4.34182,681.5844,3.72403
47.62,0.01115714,989.0758,4.174,64.4906,15.6048,574.1282,0.580514,4.34244,681.5648,3.72326
47.63,0.01116211,989.0717,4.174,64.4919,15.6052,574.0243,0.580411,4.34306,681.5452,3.72249
47.64,0.01116708,989.0676,4.174,64.4932,15.6056,573.9204,0.580308,4.34368,681.5256,3.72172
47.65,0.01117205,989.0635,4.174,64.4945,15.606,573.8165,0.580205,4.3443,681.506,3.72095
47.66,0.01117702,989.0594,4.174,64.4958,15.6064,573.7126,0.580102,4.34492,681.4864,3.72018
47.67,0.01118199,989.0553,4.174,64.4971,15.6068,573.6087,0.579999,4.34554,681.4668,3.71941
47.68,0.01118696,989.0512,4.174,64.4984,15.6072,573.5048,0.579896,4.34616,681.4472,3.71864
47.69,0.01119193,989.0471,4.174,64.4997,15.6076,573.4009,0.579793,4.34678,681.4276,3.71787
47.7,0.0111969,989.043,4.174,64.501,15.608,573.297,0.57969,4.3474,681.408,3.7171
47.71,0.01120187,989.0389,4.174,64.5023,15.6084,573.1931,0.579587,4.34802,681.3884,3.71633
47.72,0.01120684,989.0348,4.174,64.5036,15.6088,573.0892,0.579484,4.34864,681.3688,3.71556
47.73,0.01121181,989.0307,4.174,64.5049,15.6092,572.9853,0.579381,4.34926,681.3492,3.71479
47.74,0.01121678,989.0266,4.174,64.5062,15.6096,572.8814,0.579278,4.34988,681.3296,3.71402
47.75,0.01122175,989.0225,4.174,64.5075,15.61,572.7775,0.579175,4.3505,681.31,3.71325
47.76,0.01122672,989.0184,4.174,64.5088,15.6104,572.6736,0.579072,4.35112,681.2904,3.71248
47.77,0.01123169,989.0143,4.174,64.5101,15.6108,572.5697,0.578969,4.35174,681.2708,3.71171
47.78,0.01123666,989.0102,4.174,64.5114,15.6112,572.4658,0.578866,4.35236,681.2512,3.71094
47.79,0.01124163,989.0061,4.174,64.5127,15.6116,572.3619,0.578763,4.35298,681.2316,3.71017
47.8,0.0112466,989.002,4.174,64.514,15.612,572.258,0.57866,4.3536,681.212,3.7094
47.81,0.01125157,988.9979,4.174,64.5153,15.6124,572.1541,0.578557,4.35422,681.1924,3.70863
47.82,0.01125654,988.9938,4.174,64.5166,15.6128,572.0502,0.578454,4.35484,681.1728,3.70786
47.83,0.01126151,988.9897,4.174,64.5179,15.6132,571.9463,0.578351,4.35546,681.1532,3.70709
47.84,0.01126648,988.9856,4.174,64.5192,15.6136,571.8424,0.578248,4.35608,681.1336,3.70632
47.85,0.01127145,988.9815,4.174,64.5205,15.614,571.7385,0.578145,4.3567,681.114,3.70555
47.86,0.01127642,988.9774,4.174,64.5218,15.6144,571.6346,0.578042,4.35732,681.0944,3.70478
47.87,0.01128139,988.9733,4.174,64.5231,15.6148,571.5307,0.577939,4.35794,681.0748,3.70401
47.88,0.01128636,988.9692,4.174,64.5244,15.6152,571.4268,0.577836,4.35856,681.0552,3.70324
47.89,0.01129133,988.9651,4.174,64.5257,15.6156,571.3229,0.577733,4.35918,681.0356,3.70247
47.9,0.0112963,988.961,4.174,64.527,15.616,571.219,0.57763,4.3598,681.016,3.7017
47.91,0.01130127,988.9569,4.174,64.5283,15.6164,571.1151,0.577527,4.36042,680.9964,3.70093
47.92,0.01130624,988.9528,4.174,64.5296,15.6168,571.0112,0.577424,4.36104,680.9768,3.70016
47.93,0.01131121,988.9487,4.174,64.5309,15.6172,570.9073,0.577321,4.36166,680.9572,3.69939
47.94,0.01131618,988.9446,4.174,64.5322,15.6176,570.8034,0.577218,4.36228,680.9376,3.69862
47.95,0.01132115,988.9405,4.174,64.5335,15.618,570.6995,0.577115,4.3629,680.918,3.69785
47.96,0.01132612,988.9364,4.174,64.5348,15.6184,570.5956,0.577012,4.36352,680.8984,3.69708
47.97,0.01133109,988.9323,4.174,64.5361,15.6188,570.4917,0.576909,4.36414,680.8788,3.69631
47.98,0.01133606,988.9282,4.174,64.5374,15.6192,570.3878,0.576806,4.36476,680.8592,3.69554
47.99,0.01134103,988.9241,4.174,64.5387,15.6196,570.2839,0.576703,4.36538,680.8396,3.69477
48,0.011346,988.92,4.174,64.54,15.62,570.18,0.5766,4.366,680.82,3.694
48.01,0.01135097,988.9159,4.174,64.5413,15.6204,570.0761,0.576497,4.36662,680.8004,3.69323
48.02,0.01135594,988.9118,4.174,64.5426,15.6208,569.9722,0.576394,4.36724,680.7808,3.69246
48.03,0.01136091,988.9077,4.174,64.5439,15.6212,569.8683,0.576291,4.36786,680.7612,3.69169
48.04,0.01136588,988.9036,4.174,64.5452,15.6216,569.7644,0.576188,4.36848,680.7416,3.69092
48.05,0.01137085,988.8995,4.174,64.5465,15.622,569.6605,0.576085,4.3691,680.722,3.69015
48.06,0.01137582,988.8954,4.174,64.5478,15.6224,569.5566,0.575982,4.36972,680.7024,3.68938
48.07,0.01138079,988.8913,4.174,64.5491,15.6228,569.4527,0.575879,4.37034,680.6828,3.68861
48.08,0.01138576,988.8872,4.174,64.5504,15.6232,569.3488,0.575776,4.37096,680.6632,3.68784
48.09,0.01139073,988.8831,4.174,64.5517,15.6236,569.2449,0.575673,4.37158,680.6436,3.68707
48.1,0.0113957,988.879,4.174,64.553,15.624,569.141,0.57557,4.3722,680.624,3.6863
48.11,0.01140067,988.8749,4.174,64.5543,15.6244,569.0371,0.575467,4.37282,680.6044,3.68553
48.12,0.01140564,988.8708,4.174,64.5556,15.6248,568.9332,0.575364,4.37344,680.5848,3.68476
48.13,0.01141061,988.8667,4.174,64.5569,15.6252,568.8293,0.575261,4.37406,680.5652,3.68399
48.14,0.01141558,988.8626,4.174,64.5582,15.6256,568.7254,0.575158,4.37468,680.5456,3.68322
48.15,0.01142055,988.8585,4.174,64.5595,15.626,568.6215,0.575055,4.3753,680.526,3.68245
48.16,0.01142552,988.8544,4.174,64.5608,15.6264,568.5176,0.574952,4.37592,680.5064,3.68168
48.17,0.01143049,988.8503,4.174,64.5621,15.6268,568.4137,0.574849,4.37654,680.4868,3.68091
48.18,0.01143546,988.8462,4.174,64.5634,15.6272,568.3098,0.574746,4.37716,680.4672,3.68014
48.19,0.01144043,988.8421,4.174,64.5647,15.6276,568.2059,0.574643,4.37778,680.4476,3.67937
48.2,0.0114454,988.838,4.174,64.566,15.628,568.102,0.57454,4.3784,680.428,3.6786
48.21,0.01145037,988.8339,4.174,64.5673,15.6284,567.9981,0.574437,4.37902,680.4084,3.67783
48.22,0.01145534,988.8298,4.174,64.5686,15.6288,567.8942,0.574334,4.37964,680.3888,3.67706
48.23,0.01146031,988.8257,4.174,64.5699,15.6292,567.7903,0.574231,4.38026,680.3692,3.67629
48.24,0.01146528,988.8216,4.174,64.5712,15.6296,567.6864,0.574128,4.38088,680.3496,3.67552
48.25,0.01147025,988.8175,4.174,64.5725,15.63,567.5825,0.574025,4.3815,680.33,3.67475
48.26,0.01147522,988.8134,4.174,64.5738,15.6304,567.4786,0.573922,4.38212,680.3104,3.67398
48.27,0.01148019,988.8093,4.174,64.5751,15.6308,567.3747,0.573819,4.38274,680.2908,3.67321
48.28,0.01148516,988.8052,4.174,64.5764,15.6312,567.2708,0.573716,4.38336,680.2712,3.67244
48.29,0.01149013,988.8011,4.174,64.5777,15.6316,567.1669,0.573613,4.38398,680.2516,3.67167
48.3,0.0114951,988.797,4.174,64.579,15.632,567.063,0.57351,4.3846,680.232,3.6709
48.31,0.01150007,988.7929,4.174,64.5803,15.6324,566.9591,0.573407,4.38522,680.2124,3.67013
48.32,0.01150504,988.7888,4.174,64.5816,15.6328,566.8552,0.573304,4.38584,680.1928,3.66936
48.33,0.01151001,988.7847,4.174,64.5829,15.6332,566.7513,0.573201,4.38646,680.1732,3.66859
48.34,0.01151498,988.7806,4.174,64.5842,15.6336,566.6474,0.573098,4.38708,680.1536,3.66782
48.35,0.01151995,988.7765,4.174,64.5855,15.634,566.5435,0.572995,4.3877,680.134,3.66705
48.36,0.01152492,988.7724,4.174,64.5868,15.6344,566.4396,0.572892,4.38832,680.1144,3.66628
48.37,0.01152989,988.7683,4.174,64.5881,15.6348,566.3357,0.572789,4.38894,680.0948,3.66551
48.38,0.01153486,988.7642,4.174,64.5894,15.6352,566.2318,0.572686,4.38956,680.0752,3.66474
48.39,0.01153983,988.7601,4.174,64.5907,15.6356,566.1279,0.572583,4.39018,680.0556,3.66397
48.4,0.0115448,988.756,4.174,64.592,15.636,566.024,0.57248,4.3908,680.036,3.6632
48.41,0.01154977,988.7519,4.174,64.5933,15.6364,565.9201,0.572377,4.39142,680.0164,3.66243
48.42,0.01155474,988.7478,4.174,64.5946,15.6368,565.8162,0.572274,4.39204,679.9968,3.66166
48.43,0.01155971,988.7437,4.174,64.5959,15.6372,565.7123,0.572171,4.39266,679.9772,3.66089
48.44,0.01156468,988.7396,4.174,64.5972,15.6376,565.6084,0.572068,4.39328,679.9576,3.66012
48.45,0.01156965,988.7355,4.174,64.5985,15.638,565.5045,0.571965,4.3939,679.938,3.65935
48.46,0.01157462,988.7314,4.174,64.5998,15.6384,565.4006,0.571862,4.39452,679.9184,3.65858
48.47,0.01157959,988.7273,4.174,64.6011,15.6388,565.2967,0.571759,4.39514,679.8988,3.65781
48.48,0.01158456,988.7232,4.174,64.6024,15.6392,565.1928,0.571656,4.39576,679.8792,3.65704
48.49,0.01158953,988.7191,4.174,64.6037,15.6396,565.0889,0.571553,4.39638,679.8596,3.65627
48.5,0.0115945,988.715,4.174,64.605,15.64,564.985,0.57145,4.397,679.84,3.6555
48.51,0.01159947,988.7109,4.174,64.6063,15.6404,564.8811,0.571347,4.39762,679.8204,3.65473
48.52,0.01160444,988.7068,4.174,64.6076,15.6408,564.7772,0.571244,4.39824,679.8008,3.65396
48.53,0.01160941,988.7027,4.174,64.6089,15.6412,564.6733,0.571141,4.39886,679.7812,3.65319
48.54,0.01161438,988.6986,4.174,64.6102,15.6416,564.5694,0.571038,4.39948,679.7616,3.65242
48.55,0.01161935,988.6945,4.174,64.6115,15.642,564.4655,0.570935,4.4001,679.742,3.65165
48.56,0.01162432,988.6904,4.174,64.6128,15.6424,564.3616,0.570832,4.40072,679.7224,3.65088
48.57,0.01162929,988.6863,4.174,64.6141,15.6428,564.2577,0.570729,4.40134,679.7028,3.65011
48.58,0.01163426,988.6822,4.174,64.6154,15.6432,564.1538,0.570626,4.40196,679.6832,3.64934
48.59,0.01163923,988.6781,4.174,64.6167,15.6436,564.0499,0.570523,4.40258,679.6636,3.64857
48.6,0.0116442,988.674,4.174,64.618,15.644,563.946,0.57042,4.4032,679.644,3.6478
48.61,0.01164917,988.6699,4.174,64.6193,15.6444,563.8421,0.570317,4.40382,679.6244,3.64703
48.62,0.01165414,988.6658,4.174,64.6206,15.6448,563.7382,0.570214,4.40444,679.6048,3.64626
48.63,0.01165911,988.6617,4.174,64.6219,15.6452,563.6343,0.570111,4.40506,679.5852,3.64549
48.64,0.01166408,988.6576,4.174,64.6232,15.6456,563.5304,0.570008,4.40568,679.5656,3.64472
48.65,0.01166905,988.6535,4.174,64.6245,15.646,563.4265,0.569905,4.4063,679.546,3.64395
48.66,0.01167402,988.6494,4.174,64.6258,15.6464,563.3226,0.569802,4.40692,679.5264,3.64318
48.67,0.01167899,988.6453,4.174,64.6271,15.6468,563.2187,0.569699,4.40754,679.5068,3.64241
48.68,0.01168396,988.6412,4.174,64.6284,15.6472,563.1148,0.569596,4.40816,679.4872,3.64164
48.69,0.01168893,988.6371,4.174,64.6297,15.6476,563.0109,0.569493,4.40878,679.4676,3.64087
48.7,0.0116939,988.633,4.174,64.631,15.648,562.907,0.56939,4.4094,679.448,3.6401
48.71,0.01169887,988.6289,4.174,64.6323,15.6484,562.8031,0.569287,4.41002,679.4284,3.63933
48.72,0.01170384,988.6248,4.174,64.6336,15.6488,562.6992,0.569184,4.41064,679.4088,3.63856
48.73,0.01170881,988.6207,4.174,64.6349,15.6492,562.5953,0.569081,4.41126,679.3892,3.63779
48.74,0.01171378,988.6166,4.174,64.6362,15.6496,562.4914,0.568978,4.41188,679.3696,3.63702
48.75,0.01171875,988.6125,4.174,64.6375,15.65,562.3875,0.568875,4.4125,679.35,3.63625
48.76,0.01172372,988.6084,4.174,64.6388,15.6504,562.2836,0.568772,4.41312,679.3304,3.63548
48.77,0.01172869,988.6043,4.174,64.6401,15.6508,562.1797,0.568669,4.41374,679.3108,3.63471
48.78,0.01173366,988.6002,4.174,64.6414,15.6512,562.0758,0.568566,4.41436,679.2912,3.63394
48.79,0.01173863,988.5961,4.174,64.6427,15.6516,561.9719,0.568463,4.41498,679.2716,3.63317
48.8,0.0117436,988.592,4.174,64.644,15.652,561.868,0.56836,4.4156,679.252,3.6324
48.81,0.01174857,988.5879,4.174,64.6453,15.6524,561.7641,0.568257,4.41622,679.2324,3.63163
48.82,0.01175354,988.5838,4.174,64.6466,15.6528,561.6602,0.568154,4.41684,679.2128,3.63086
48.83,0.01175851,988.5797,4.174,64.6479,15.6532,561.5563,0.568051,4.41746,679.1932,3.63009
48.84,0.01176348,988.5756,4.174,64.6492,15.6536,561.4524,0.567948,4.41808,679.1736,3.62932
48.85,0.01176845,988.5715,4.174,64.6505,15.654,561.3485,0.567845,4.4187,679.154,3.62855
48.86,0.01177342,988.5674,4.174,64.6518,15.6544,561.2446,0.567742,4.41932,679.1344,3.62778
48.87,0.01177839,988.5633,4.174,64.6531,15.6548,561.1407,0.567639,4.41994,679.1148,3.62701
48.88,0.01178336,988.5592,4.174,64.6544,15.6552,561.0368,0.567536,4.42056,679.0952,3.62624
48.89,0.01178833,988.5551,4.174,64.6557,15.6556,560.9329,0.567433,4.42118,679.0756,3.62547
48.9,0.0117933,988.551,4.174,64.657,15.656,560.829,0.56733,4.4218,679.056,3.6247
48.91,0.01179827,988.5469,4.174,64.6583,15.6564,560.7251,0.567227,4.42242,679.0364,3.62393
48.92,0.01180324,988.5428,4.174,64.6596,15.6568,560.6212,0.567124,4.42304,679.0168,3.62316
48.93,0.01180821,988.5387,4.174,64.6609,15.6572,560.5173,0.567021,4.42366,678.9972,3.62239
48.94,0.01181318,988.5346,4.174,64.6622,15.6576,560.4134,0.566918,4.42428,678.9776,3.62162
48.95,0.01181815,988.5305,4.174,64.6635,15.658,560.3095,0.566815,4.4249,678.958,3.62085
48.96,0.01182312,988.5264,4.174,64.6648,15.6584,560.2056,0.566712,4.42552,678.9384,3.62008
48.97,0.01182809,988.5223,4.174,64.6661,15.6588,560.1017,0.566609,4.42614,678.9188,3.61931
48.98,0.01183306,988.5182,4.174,64.6674,15.6592,559.9978,0.566506,4.42676,678.8992,3.61854
48.99,0.01183803,988.5141,4.174,64.6687,15.6596,559.8939,0.566403,4.42738,678.8796,3.61777
49,0.011843,988.51,4.174,64.67,15.66,559.79,0.5663,4.428,678.86,3.617
49.01,0.01184797,988.5059,4.174,64.6713,15.6604,559.6861,0.566197,4.42862,678.8404,3.61623
49.02,0.01185294,988.5018,4.174,64.6726,15.6608,559.5822,0.566094,4.42924,678.8208,3.61546
49.03,0.01185791,988.4977,4.174,64.6739,15.6612,559.4783,0.565991,4.42986,678.8012,3.61469
49.04,0.01186288,988.4936,4.174,64.6752,15.6616,559.3744,0.565888,4.43048,678.7816,3.61392
49.05,0.01186785,988.4895,4.174,64.6765,15.662,559.2705,0.565785,4.4311,678.762,3.61315
49.06,0.01187282,988.4854,4.174,64.6778,15.6624,559.1666,0.565682,4.43172,678.7424,3.61238
49.07,0.01187779,988.4813,4.174,64.6791,15.6628,559.0627,0.565579,4.43234,678.7228,3.61161
49.08,0.01188276,988.4772,4.174,64.6804,15.6632,558.9588,0.565476,4.43296,678.7032,3.61084
49.09,0.01188773,988.4731,4.174,64.6817,15.6636,558.8549,0.565373,4.43358,678.6836,3.61007
49.1,0.0118927,988.469,4.174,64.683,15.664,558.751,0.56527,4.4342,678.664,3.6093
49.11,0.01189767,988.4649,4.174,64.6843,15.6644,558.6471,0.565167,4.43482,678.6444,3.60853
49.12,0.01190264,988.4608,4.174,64.6856,15.6648,558.5432,0.565064,4.43544,678.6248,3.60776
49.13,0.01190761,988.4567,4.174,64.6869,15.6652,558.4393,0.564961,4.43606,678.6052,3.60699
49.14,0.01191258,988.4526,4.174,64.6882,15.6656,558.3354,0.564858,4.43668,678.5856,3.60622
49.15,0.01191755,988.4485,4.174,64.6895,15.666,558.2315,0.564755,4.4373,678.566,3.60545
49.16,0.01192252,988.4444,4.174,64.6908,15.6664,558.1276,0.564652,4.43792,678.5464,3.60468
49.17,0.01192749,988.4403,4.174,64.6921,15.6668,558.0237,0.564549,4.43854,678.5268,3.60391
49.18,0.01193246,988.4362,4.174,64.6934,15.6672,557.9198,0.564446,4.43916,678.5072,3.60314
49.19,0.01193743,988.4321,4.174,64.6947,15.6676,557.8159,0.564343,4.43978,678.4876,3.60237
49.2,0.0119424,988.428,4.174,64.696,15.668,557.712,0.56424,4.4404,678.468,3.6016
49.21,0.01194737,988.4239,4.174,64.6973,15.6684,557.6081,0.564137,4.44102,678.4484,3.60083
49.22,0.01195234,988.4198,4.174,64.6986,15.6688,557.5042,0.564034,4.44164,678.4288,3.60006
49.23,0.01195731,988.4157,4.174,64.6999,15.6692,557.4003,0.563931,4.44226,678.4092,3.59929
49.24,0.01196228,988.4116,4.174,64.7012,15.6696,557.2964,0.563828,4.44288,678.3896,3.59852
49.25,0.01196725,988.4075,4.174,64.7025,15.67,557.1925,0.563725,4.4435,678.37,3.59775
49.26,0.01197222,988.4034,4.174,64.7038,15.6704,557.0886,0.563622,4.44412,678.3504,3.59698
49.27,0.01197719,988.3993,4.174,64.7051,15.6708,556.9847,0.563519,4.44474,678.3308,3.59621
49.28,0.01198216,988.3952,4.174,64.7064,15.6712,556.8808,0.563416,4.44536,678.3112,3.59544
49.29,0.01198713,988.3911,4.174,64.7077,15.6716,556.7769,0.563313,4.44598,678.2916,3.59467
49.3,0.0119921,988.387,4.174,64.709,15.672,556.673,0.56321,4.4466,678.272,3.5939
49.31,0.01199707,988.3829,4.174,64.7103,15.6724,556.5691,0.563107,4.44722,678.2524,3.59313
49.32,0.01200204,988.3788,4.174,64.7116,15.6728,556.4652,0.563004,4.44784,678.2328,3.59236
49.33,0.01200701,988.3747,4.174,64.7129,15.6732,556.3613,0.562901,4.44846,678.2132,3.59159
49.34,0.01201198,988.3706,4.174,64.7142,15.6736,556.2574,0.562798,4.44908,678.1936,3.59082
49.35,0.01201695,988.3665,4.174,64.7155,15.674,556.1535,0.562695,4.4497,678.174,3.59005
49.36,0.01202192,988.3624,4.174,64.7168,15.6744,556.0496,0.562592,4.45032,678.1544,3.58928
49.37,0.01202689,988.3583,4.174,64.7181,15.6748,555.9457,0.562489,4.45094,678.1348,3.58851
49.38,0.01203186,988.3542,4.174,64.7194,15.6752,555.8418,0.562386,4.45156,678.1152,3.58774
49.39,0.01203683,988.3501,4.174,64.7207,15.6756,555.7379,0.562283,4.45218,678.0956,3.58697
49.4,0.0120418,988.346,4.174,64.722,15.676,555.634,0.56218,4.4528,678.076,3.5862
49.41,0.01204677,988.3419,4.174,64.7233,15.6764,555.5301,0.562077,4.45342,678.0564,3.58543
49.42,0.01205174,988.3378,4.174,64.7246,15.6768,555.4262,0.561974,4.45404,678.0368,3.58466
49.43,0.01205671,988.3337,4.174,64.7259,15.6772,555.3223,0.561871,4.45466,678.0172,3.58389
49.44,0.01206168,988.3296,4.174,64.7272,15.6776,555.2184,0.561768,4.45528,677.9976,3.58312
49.45,0.01206665,988.3255,4.174,64.7285,15.678,555.1145,0.561665,4.4559,677.978,3.58235
49.46,0.01207162,988.3214,4.174,64.7298,15.6784,555.0106,0.561562,4.45652,677.9584,3.58158
49.47,0.01207659,988.3173,4.174,64.7311,15.6788,554.9067,0.561459,4.45714,677.9388,3.58081
49.48,0.01208156,988.3132,4.174,64.7324,15.6792,554.8028,0.561356,4.45776,677.9192,3.58004
49.49,0.01208653,988.3091,4.174,64.7337,15.6796,554.6989,0.561253,4.45838,677.8996,3.57927
49.5,0.0120915,988.305,4.174,64.735,15.68,554.595,0.56115,4.459,677.88,3.5785
49.51,0.01209647,988.3009,4.174,64.7363,15.6804,554.4911,0.561047,4.45962,677.8604,3.57773
49.52,0.01210144,988.2968,4.174,64.7376,15.6808,554.3872,0.560944,4.46024,677.8408,3.57696
49.53,0.01210641,988.2927,4.174,64.7389,15.6812,554.2833,0.560841,4.46086,677.8212,3.57619
49.54,0.01211138,988.2886,4.174,64.7402,15.6816,554.1794,0.560738,4.46148,677.8016,3.57542
49.55,0.01211635,988.2845,4.174,64.7415,15.682,554.0755,0.560635,4.4621,677.782,3.57465
49.56,0.01212132,988.2804,4.174,64.7428,15.6824,553.9716,0.560532,4.46272,677.7624,3.57388
49.57,0.01212629,988.2763,4.174,64.7441,15.6828,553.8677,0.560429,4.46334,677.7428,3.57311
49.58,0.01213126,988.2722,4.174,64.7454,15.6832,553.7638,0.560326,4.46396,677.7232,3.57234
49.59,0.01213623,988.2681,4.174,64.7467,15.6836,553.6599,0.560223,4.46458,677.7036,3.57157
49.6,0.0121412,988.264,4.174,64.748,15.684,553.556,0.56012,4.4652,677.684,3.5708
49.61,0.01214617,988.2599,4.174,64.7493,15.6844,553.4521,0.560017,4.46582,677.6644,3.57003
49.62,0.01215114,988.2558,4.174,64.7506,15.6848,553.3482,0.559914,4.46644,677.6448,3.56926
49.63,0.01215611,988.2517,4.174,64.7519,15.6852,553.2443,0.559811,4.46706,677.6252,3.56849
49.64,0.01216108,988.2476,4.174,64.7532,15.6856,553.1404,0.559708,4.46768,677.6056,3.56772
49.65,0.01216605,988.2435,4.174,64.7545,15.686,553.0365,0.559605,4.4683,677.586,3.56695
49.66,0.01217102,988.2394,4.174,64.7558,15.6864,552.9326,0.559502,4.46892,677.5664,3.56618
49.67,0.01217599,988.2353,4.174,64.7571,15.6868,552.8287,0.559399,4.46954,677.5468,3.56541
49.68,0.01218096,988.2312,4.174,64.7584,15.6872,552.7248,0.559296,4.47016,677.5272,3.56464
49.69,0.01218593,988.2271,4.174,64.7597,15.6876,552.6209,0.559193,4.47078,677.5076,3.56387
49.7,0.0121909,988.223,4.174,64.761,15.688,552.517,0.55909,4.4714,677.488,3.5631
49.71,0.01219587,988.2189,4.174,64.7623,15.6884,552.4131,0.558987,4.47202,677.4684,3.56233
49.72,0.01220084,988.2148,4.174,64.7636,15.6888,552.3092,0.558884,4.47264,677.4488,3.56156
49.73,0.01220581,988.2107,4.174,64.7649,15.6892,552.2053,0.558781,4.47326,677.4292,3.56079
49.74,0.01221078,988.2066,4.174,64.7662,15.6896,552.1014,0.558678,4.47388,677.4096,3.56002
49.75,0.01221575,988.2025,4.174,64.7675,15.69,551.9975,0.558575,4.4745,677.39,3.55925
49.76,0.01222072,988.1984,4.174,64.7688,15.6904,551.8936,0.558472,4.47512,677.3704,3.55848
49.77,0.01222569,988.1943,4.174,64.7701,15.6908,551.7897,0.558369,4.47574,677.3508,3.55771
49.78,0.01223066,988.1902,4.174,64.7714,15.6912,551.6858,0.558266,4.47636,677.3312,3.55694
49.79,0.01223563,988.1861,4.174,64.7727,15.6916,551.5819,0.558163,4.47698,677.3116,3.55617
49.8,0.0122406,988.182,4.174,64.774,15.692,551.478,0.55806,4.4776,677.292,3.5554
49.81,0.01224557,988.1779,4.174,64.7753,15.6924,551.3741,0.557957,4.47822,677.2724,3.55463
49.82,0.01225054,988.1738,4.174,64.7766,15.6928,551.2702,0.557854,4.47884,677.2528,3.55386
49.83,0.01225551,988.1697,4.174,64.7779,15.6932,551.1663,0.557751,4.47946,677.2332,3.55309
49.84,0.01226048,988.1656,4.174,64.7792,15.6936,551.0624,0.557648,4.48008,677.2136,3.55232
49.85,0.01226545,988.1615,4.174,64.7805,15.694,550.9585,0.557545,4.4807,677.194,3.55155
49.86,0.01227042,988.1574,4.174,64.7818,15.6944,550.8546,0.557442,4.48132,677.1744,3.55078
49.87,0.01227539,988.1533,4.174,64.7831,15.6948,550.7507,0.557339,4.48194,677.1548,3.55001
49.88,0.01228036,988.1492,4.174,64.7844,15.6952,550.6468,0.557236,4.48256,677.1352,3.54924
49.89,0.01228533,988.1451,4.174,64.7857,15.6956,550.5429,0.557133,4.48318,677.1156,3.54847
49.9,0.0122903,988.141,4.174,64.787,15.696,550.439,0.55703,4.4838,677.096,3.5477
49.91,0.01229527,988.1369,4.174,64.7883,15.6964,550.3351,0.556927,4.48442,677.0764,3.54693
49.92,0.01230024,988.1328,4.174,64.7896,15.6968,550.2312,0.556824,4.48504,677.0568,3.54616
49.93,0.01230521,988.1287,4.174,64.7909,15.6972,550.1273,0.556721,4.48566,677.0372,3.54539
49.94,0.01231018,988.1246,4.174,64.7922,15.6976,550.0234,0.556618,4.48628,677.0176,3.54462
49.95,0.01231515,988.1205,4.174,64.7935,15.698,549.9195,0.556515,4.4869,676.998,3.54385
49.96,0.01232012,988.1164,4.174,64.7948,15.6984,549.8156,0.556412,4.48752,676.9784,3.54308
49.97,0.01232509,988.1123,4.174,64.7961,15.6988,549.7117,0.556309,4.48814,676.9588,3.54231
49.98,0.01233006,988.1082,4.174,64.7974,15.6992,549.6078,0.556206,4.48876,676.9392,3.54154
49.99,0.01233503,988.1041,4.174,64.7987,15.6996,549.5039,0.556103,4.48938,676.9196,3.54077
50,0.01234,988.1,4.174,64.8,15.7,549.4,0.556,4.49,676.9,3.54
50.01,0.01234758,988.0951,4.174005,64.8011,15.7003,549.3205,0.555922,4.49062,676.8853,3.53944
50.02,0.01235516,988.0902,4.17401,64.8022,15.7006,549.241,0.555844,4.49124,676.8706,3.53888
50.03,0.01236274,988.0853,4.174015,64.8033,15.7009,549.1615,0.555766,4.49186,676.8559,3.53832
50.04,0.01237032,988.0804,4.17402,64.8044,15.7012,549.082,0.555688,4.49248,676.8412,3.53776
50.05,0.0123779,988.0755,4.174025,64.8055,15.7015,549.0025,0.55561,4.4931,676.8265,3.5372
50.06,0.01238548,988.0706,4.17403,64.8066,15.7018,548.923,0.555532,4.49372,676.8118,3.53664
50.07,0.01239306,988.0657,4.174035,64.8077,15.7021,548.8435,0.555454,4.49434,676.7971,3.53608
50.08,0.01240064,988.0608,4.17404,64.8088,15.7024,548.764,0.555376,4.49496,676.7824,3.53552
50.09,0.01240822,988.0559,4.174045,64.8099,15.7027,548.6845,0.555298,4.49558,676.7677,3.53496
50.1,0.0124158,988.051,4.17405,64.811,15.703,548.605,0.55522,4.4962,676.753,3.5344
50.11,0.01242338,988.0461,4.174055,64.8121,15.7033,548.5255,0.555142,4.49682,676.7383,3.53384
50.12,0.01243096,988.0412,4.17406,64.8132,15.7036,548.446,0.555064,4.49744,676.7236,3.53328
50.13,0.01243854,988.0363,4.174065,64.8143,15.7039,548.3665,0.554986,4.49806,676.7089,3.53272
50.14,0.01244612,988.0314,4.17407,64.8154,15.7042,548.287,0.554908,4.49868,676.6942,3.53216
50.15,0.0124537,988.0265,4.174075,64.8165,15.7045,548.2075,0.55483,4.4993,676.6795,3.5316
50.16,0.01246128,988.0216,4.17408,64.8176,15.7048,548.128,0.554752,4.49992,676.6648,3.53104
50.17,0.01246886,988.0167,4.174085,64.8187,15.7051,548.0485,0.554674,4.50054,676.6501,3.53048
50.18,0.01247644,988.0118,4.17409,64.8198,15.7054,547.969,0.554596,4.50116,676.6354,3.52992
50.19,0.01248402,988.0069,4.174095,64.8209,15.7057,547.8895,0.554518,4.50178,676.6207,3.52936
50.2,0.0124916,988.002,4.1741,64.822,15.706,547.81,0.55444,4.5024,676.606,3.5288
50.21,0.01249918,987.9971,4.174105,64.8231,15.7063,547.7305,0.554362,4.50302,676.5913,3.52824
50.22,0.01250676,987.9922,4.17411,64.8242,15.7066,547.651,0.554284,4.50364,676.5766,3.52768
50.23,0.01251434,987.9873,4.174115,64.8253,15.7069,547.5715,0.554206,4.50426,676.5619,3.52712
50.24,0.01252192,987.9824,4.17412,64.8264,15.7072,547.492,0.554128,4.50488,676.5472,3.52656
50.25,0.0125295,987.9775,4.174125,64.8275,15.7075,547.4125,0.55405,4.5055,676.5325,3.526
50.26,0.01253708,987.9726,4.17413,64.8286,15.7078,547.333,0.553972,4.50612,676.5178,3.52544
50.27,0.01254466,987.9677,4.174135,64.8297,15.7081,547.2535,0.553894,4.50674,676.5031,3.52488
50.28,0.01255224,987.9628,4.17414,64.8308,15.7084,547.174,0.553816,4.50736,676.4884,3.52432
50.29,0.01255982,987.9579,4.174145,64.8319,15.7087,547.0945,0.553738,4.50798,676.4737,3.52376
50.3,0.0125674,987.953,4.17415,64.833,15.709,547.015,0.55366,4.5086,676.459,3.5232
50.31,0.01257498,987.9481,4.174155,64.8341,15.7093,546.9355,0.553582,4.50922,676.4443,3.52264
50.32,0.01258256,987.9432,4.17416,64.8352,15.7096,546.856,0.553504,4.50984,676.4296,3.52208
50.33,0.01259014,987.9383,4.174165,64.8363,15.7099,546.7765,0.553426,4.51046,676.4149,3.52152
50.34,0.01259772,987.9334,4.17417,64.8374,15.7102,546.697,0.553348,4.51108,676.4002,3.52096
50.35,0.0126053,987.9285,4.174175,64.8385,15.7105,546.6175,0.55327,4.5117,676.3855,3.5204
50.36,0.01261288,987.9236,4.17418,64.8396,15.7108,546.538,0.553192,4.51232,676.3708,3.51984
50.37,0.01262046,987.9187,4.174185,64.8407,15.7111,546.4585,0.553114,4.51294,676.3561,3.51928
50.38,0.01262804,987.9138,4.17419,64.8418,15.7114,546.379,0.553036,4.51356,676.3414,3.51872
50.39,0.01263562,987.9089,4.174195,64.8429,15.7117,546.2995,0.552958,4.51418,676.3267,3.51816
50.4,0.0126432,987.904,4.1742,64.844,15.712,546.22,0.55288,4.5148,676.312,3.5176
50.41,0.01265078,987.8991,4.174205,64.8451,15.7123,546.1405,0.552802,4.51542,676.2973,3.51704
50.42,0.01265836,987.8942,4.17421,64.8462,15.7126,546.061,0.552724,4.51604,676.2826,3.51648
50.43,0.01266594,987.8893,4.174215,64.8473,15.7129,545.9815,0.552646,4.51666,676.2679,3.51592
50.44,0.01267352,987.8844,4.17422,64.8484,15.7132,545.902,0.552568,4.51728,676.2532,3.51536
50.45,0.0126811,987.8795,4.174225,64.8495,15.7135,545.8225,0.55249,4.5179,676.2385,3.5148
50.46,0.01268868,987.8746,4.17423,64.8506,15.7138,545.743,0.552412,4.51852,676.2238,3.51424
50.47,0.01269626,987.8697,4.174235,64.8517,15.7141,545.6635,0.552334,4.51914,676.2091,3.51368
50.48,0.01270384,987.8648,4.17424,64.8528,15.7144,545.584,0.552256,4.51976,676.1944,3.51312
50.49,0.01271142,987.8599,4.174245,64.8539,15.7147,545.5045,0.552178,4.52038,676.1797,3.51256
50.5,0.012719,987.855,4.17425,64.855,15.715,545.425,0.5521,4.521,676.165,3.512
50.51,0.01272658,987.8501,4.174255,64.8561,15.7153,545.3455,0.552022,4.52162,676.1503,3.51144
50.52,0.01273416,987.8452,4.17426,64.8572,15.7156,545.266,0.551944,4.52224,676.1356,3.51088
50.53,0.01274174,987.8403,4.174265,64.8583,15.7159,545.1865,0.551866,4.52286,676.1209,3.51032
50.54,0.01274932,987.8354,4.17427,64.8594,15.7162,545.107,0.551788,4.52348,676.1062,3.50976
50.55,0.0127569,987.8305,4.174275,64.8605,15.7165,545.0275,0.55171,4.5241,676.0915,3.5092
50.56,0.01276448,987.8256,4.17428,64.8616,15.7168,544.948,0.551632,4.52472,676.0768,3.50864
50.57,0.01277206,987.8207,4.174285,64.8627,15.7171,544.8685,0.551554,4.52534,676.0621,3.50808
50.58,0.01277964,987.8158,4.17429,64.8638,15.7174,544.789,0.551476,4.52596,676.0474,3.50752
50.59,0.01278722,987.8109,4.174295,64.8649,15.7177,544.7095,0.551398,4.52658,676.0327,3.50696
50.6,0.0127948,987.806,4.1743,64.866,15.718,544.63,0.55132,4.5272,676.018,3.5064
50.61,0.01280238,987.8011,4.174305,64.8671,15.7183,544.5505,0.551242,4.52782,676.0033,3.50584
50.62,0.01280996,987.7962,4.17431,64.8682,15.7186,544.471,0.551164,4.52844,675.9886,3.50528
50.63,0.01281754,987.7913,4.174315,64.8693,15.7189,544.3915,0.551086,4.52906,675.9739,3.50472
50.64,0.01282512,987.7864,4.17432,64.8704,15.7192,544.312,0.551008,4.52968,675.9592,3.50416
50.65,0.0128327,987.7815,4.174325,64.8715,15.7195,544.2325,0.55093,4.5303,675.9445,3.5036
50.66,0.01284028,987.7766,4.17433,64.8726,15.7198,544.153,0.550852,4.53092,675.9298,3.50304
50.67,0.01284786,987.7717,4.174335,64.8737,15.7201,544.0735,0.550774,4.53154,675.9151,3.50248
50.68,0.01285544,987.7668,4.17434,64.8748,15.7204,543.994,0.550696,4.53216,675.9004,3.50192
50.69,0.01286302,987.7619,4.174345,64.8759,15.7207,543.9145,0.550618,4.53278,675.8857,3.50136
50.7,0.0128706,987.757,4.17435,64.877,15.721,543.835,0.55054,4.5334,675.871,3.5008
50.71,0.01287818,987.7521,4.174355,64.8781,15.7213,543.7555,0.550462,4.53402,675.8563,3.50024
50.72,0.01288576,987.7472,4.17436,64.8792,15.7216,543.676,0.550384,4.53464,675.8416,3.49968
50.73,0.01289334,987.7423,4.174365,64.8803,15.7219,543.5965,0.550306,4.53526,675.8269,3.49912
50.74,0.01290092,987.7374,4.17437,64.8814,15.7222,543.517,0.550228,4.53588,675.8122,3.49856
50.75,0.0129085,987.7325,4.174375,64.8825,15.7225,543.4375,0.55015,4.5365,675.7975,3.498
50.76,0.01291608,987.7276,4.17438,64.8836,15.7228,543.358,0.550072,4.53712,675.7828,3.49744
50.77,0.01292366,987.7227,4.174385,64.8847,15.7231,543.2785,0.549994,4.53774,675.7681,3.49688
50.78,0.01293124,987.7178,4.17439,64.8858,15.7234,543.199,0.549916,4.53836,675.7534,3.49632
50.79,0.01293882,987.7129,4.174395,64.8869,15.7237,543.1195,0.549838,4.53898,675.7387,3.49576
50.8,0.0129464,987.708,4.1744,64.888,15.724,543.04,0.54976,4.5396,675.724,3.4952
50.81,0.01295398,987.7031,4.174405,64.8891,15.7243,542.9605,0.549682,4.54022,675.7093,3.49464
50.82,0.01296156,987.6982,4.17441,64.8902,15.7246,542.881,0.549604,4.54084,675.6946,3.49408
50.83,0.01296914,987.6933,4.174415,64.8913,15.7249,542.8015,0.549526,4.54146,675.6799,3.49352
50.84,0.01297672,987.6884,4.17442,64.8924,15.7252,542.722,0.549448,4.54208,675.6652,3.49296
50.85,0.0129843,987.6835,4.174425,64.8935,15.7255,542.6425,0.54937,4.5427,675.6505,3.4924
50.86,0.01299188,987.6786,4.17443,64.8946,15.7258,542.563,0.549292,4.54332,675.6358,3.49184
50.87,0.01299946,987.6737,4.174435,64.8957,15.7261,542.4835,0.549214,4.54394,675.6211,3.49128
50.88,0.01300704,987.6688,4.17444,64.8968,15.7264,542.404,0.549136,4.54456,675.6064,3.49072
50.89,0.01301462,987.6639,4.174445,64.8979,15.7267,542.3245,0.549058,4.54518,675.5917,3.49016
50.9,0.0130222,987.659,4.17445,64.899,15.727,542.245,0.54898,4.5458,675.577,3.4896
50.91,0.01302978,987.6541,4.174455,64.9001,15.7273,542.1655,0.548902,4.54642,675.5623,3.48904
50.92,0.01303736,987.6492,4.17446,64.9012,15.7276,542.086,0.548824,4.54704,675.5476,3.48848
50.93,0.01304494,987.6443,4.174465,64.9023,15.7279,542.0065,0.548746,4.54766,675.5329,3.48792
50.94,0.01305252,987.6394,4.17447,64.9034,15.7282,541.927,0.548668,4.54828,675.5182,3.48736
50.95,0.0130601,987.6345,4.174475,64.9045,15.7285,541.8475,0.54859,4.5489,675.5035,3.4868
50.96,0.01306768,987.6296,4.17448,64.9056,15.7288,541.768,0.548512,4.54952,675.4888,3.48624
50.97,0.01307526,987.6247,4.174485,64.9067,15.7291,541.6885,0.548434,4.55014,675.4741,3.48568
50.98,0.01308284,987.6198,4.17449,64.9078,15.7294,541.609,0.548356,4.55076,675.4594,3.48512
50.99,0.01309042,987.6149,4.174495,64.9089,15.7297,541.5295,0.548278,4.55138,675.4447,3.48456
51,0.013098,987.61,4.1745,64.91,15.73,541.45,0.5482,4.552,675.43,3.484
51.01,0.01310558,987.6051,4.174505,64.9111,15.7303,541.3705,0.548122,4.55262,675.4153,3.48344
51.02,0.01311316,987.6002,4.17451,64.9122,15.7306,541.291,0.548044,4.55324,675.4006,3.48288
51.03,0.01312074,987.5953,4.174515,64.9133,15.7309,541.2115,0.547966,4.55386,675.3859,3.48232
51.04,0.01312832,987.5904,4.17452,64.9144,15.7312,541.132,0.547888,4.55448,675.3712,3.48176
51.05,0.0131359,987.5855,4.174525,64.9155,15.7315,541.0525,0.54781,4.5551,675.3565,3.4812
51.06,0.01314348,987.5806,4.17453,64.9166,15.7318,540.973,0.547732,4.55572,675.3418,3.48064
51.07,0.01315106,987.5757,4.174535,64.9177,15.7321,540.8935,0.547654,4.55634,675.3271,3.48008
51.08,0.01315864,987.5708,4.17454,64.9188,15.7324,540.814,0.547576,4.55696,675.3124,3.47952
51.09,0.01316622,987.5659,4.174545,64.9199,15.7327,540.7345,0.547498,4.55758,675.2977,3.47896
51.1,0.0131738,987.561,4.17455,64.921,15.733,540.655,0.54742,4.5582,675.283,3.4784
51.11,0.01318138,987.5561,4.174555,64.9221,15.7333,540.5755,0.547342,4.55882,675.2683,3.47784
51.12,0.01318896,987.5512,4.17456,64.9232,15.7336,540.496,0.547264,4.55944,675.2536,3.47728
51.13,0.01319654,987.5463,4.174565,64.9243,15.7339,540.4165,0.547186,4.56006,675.2389,3.47672
51.14,0.01320412,987.5414,4.17457,64.9254,15.7342,540.337,0.547108,4.56068,675.2242,3.47616
51.15,0.0132117,987.5365,4.174575,64.9265,15.7345,540.2575,0.54703,4.5613,675.2095,3.4756
51.16,0.01321928,987.5316,4.17458,64.9276,15.7348,540.178,0.546952,4.56192,675.1948,3.47504
51.17,0.01322686,987.5267,4.174585,64.9287,15.7351,540.0985,0.546874,4.56254,675.1801,3.47448
51.18,0.01323444,987.5218,4.17459,64.9298,15.7354,540.019,0.546796,4.56316,675.1654,3.47392
51.19,0.01324202,987.5169,4.174595,64.9309,15.7357,539.9395,0.546718,4.56378,675.1507,3.47336
51.2,0.0132496,987.512,4.1746,64.932,15.736,539.86,0.54664,4.5644,675.136,3.4728
51.21,0.01325718,987.5071,4.174605,64.9331,15.7363,539.7805,0.546562,4.56502,675.1213,3.47224
51.22,0.01326476,987.5022,4.17461,64.9342,15.7366,539.701,0.546484,4.56564,675.1066,3.47168
51.23,0.01327234,987.4973,4.174615,64.9353,15.7369,539.6215,0.546406,4.56626,675.0919,3.47112
51.24,0.01327992,987.4924,4.17462,64.9364,15.7372,539.542,0.546328,4.56688,675.0772,3.47056
51.25,0.0132875,987.4875,4.174625,64.9375,15.7375,539.4625,0.54625,4.5675,675.0625,3.47
51.26,0.01329508,987.4826,4.17463,64.9386,15.7378,539.383,0.546172,4.56812,675.0478,3.46944
51.27,0.01330266,987.4777,4.174635,64.9397,15.7381,539.3035,0.546094,4.56874,675.0331,3.46888
51.28,0.01331024,987.4728,4.17464,64.9408,15.7384,539.224,0.546016,4.56936,675.0184,3.46832
51.29,0.01331782,987.4679,4.174645,64.9419,15.7387,539.1445,0.545938,4.56998,675.0037,3.46776
51.3,0.0133254,987.463,4.17465,64.943,15.739,539.065,0.54586,4.5706,674.989,3.4672
51.31,0.01333298,987.4581,4.174655,64.9441,15.7393,538.9855,0.545782,4.57122,674.9743,3.46664
51.32,0.01334056,987.4532,4.17466,64.9452,15.7396,538.906,0.545704,4.57184,674.9596,3.46608
51.33,0.01334814,987.4483,4.174665,64.9463,15.7399,538.8265,0.545626,4.57246,674.9449,3.46552
51.34,0.01335572,987.4434,4.17467,64.9474,15.7402,538.747,0.545548,4.57308,674.9302,3.46496
51.35,0.0133633,987.4385,4.174675,64.9485,15.7405,538.6675,0.54547,4.5737,674.9155,3.4644
51.36,0.01337088,987.4336,4.17468,64.9496,15.7408,538.588,0.545392,4.57432,674.9008,3.46384
51.37,0.01337846,987.4287,4.174685,64.9507,15.7411,538.5085,0.545314,4.57494,674.8861,3.46328
51.38,0.01338604,987.4238,4.17469,64.9518,15.7414,538.429,0.545236,4.57556,674.8714,3.46272
51.39,0.01339362,987.4189,4.174695,64.9529,15.7417,538.3495,0.545158,4.57618,674.8567,3.46216
51.4,0.0134012,987.414,4.1747,64.954,15.742,538.27,0.54508,4.5768,674.842,3.4616
51.41,0.01340878,987.4091,4.174705,64.9551,15.7423,538.1905,0.545002,4.57742,674.8273,3.46104
51.42,0.01341636,987.4042,4.17471,64.9562,15.7426,538.111,0.544924,4.57804,674.8126,3.46048
51.43,0.01342394,987.3993,4.174715,64.9573,15.7429,538.0315,0.544846,4.57866,674.7979,3.45992
51.44,0.01343152,987.3944,4.17472,64.9584,15.7432,537.952,0.544768,4.57928,674.7832,3.45936
51.45,0.0134391,987.3895,4.174725,64.9595,15.7435,537.8725,0.54469,4.5799,674.7685,3.4588
51.46,0.01344668,987.3846,4.17473,64.9606,15.7438,537.793,0.544612,4.58052,674.7538,3.45824
51.47,0.01345426,987.3797,4.174735,64.9617,15.7441,537.7135,0.544534,4.58114,674.7391,3.45768
51.48,0.01346184,987.3748,4.17474,64.9628,15.7444,537.634,0.544456,4.58176,674.7244,3.45712
51.49,0.01346942,987.3699,4.174745,64.9639,15.7447,537.5545,0.544378,4.58238,674.7097,3.45656
51.5,0.013477,987.365,4.17475,64.965,15.745,537.475,0.5443,4.583,674.695,3.456
51.51,0.01348458,987.3601,4.174755,64.9661,15.7453,537.3955,0.544222,4.58362,674.6803,3.45544
51.52,0.01349216,987.3552,4.17476,64.9672,15.7456,537.316,0.544144,4.58424,674.6656,3.45488
51.53,0.01349974,987.3503,4.174765,64.9683,15.7459,537.2365,0.544066,4.58486,674.6509,3.45432
51.54,0.01350732,987.3454,4.17477,64.9694,15.7462,537.157,0.543988,4.58548,674.6362,3.45376
51.55,0.0135149,987.3405,4.174775,64.9705,15.7465,537.0775,0.54391,4.5861,674.6215,3.4532
51.56,0.01352248,987.3356,4.17478,64.9716,15.7468,536.998,0.543832,4.58672,674.6068,3.45264
51.57,0.01353006,987.3307,4.174785,64.9727,15.7471,536.9185,0.543754,4.58734,674.5921,3.45208
51.58,0.01353764,987.3258,4.17479,64.9738,15.7474,536.839,0.543676,4.58796,674.5774,3.45152
51.59,0.01354522,987.3209,4.174795,64.9749,15.7477,536.7595,0.543598,4.58858,674.5627,3.45096
51.6,0.0135528,987.316,4.1748,64.976,15.748,536.68,0.54352,4.5892,674.548,3.4504
51.61,0.01356038,987.3111,4.174805,64.9771,15.7483,536.6005,0.543442,4.58982,674.5333,3.44984
51.62,0.01356796,987.3062,4.17481,64.9782,15.7486,536.521,0.543364,4.59044,674.5186,3.44928
51.63,0.01357554,987.3013,4.174815,64.9793,15.7489,536.4415,0.543286,4.59106,674.5039,3.44872
51.64,0.01358312,987.2964,4.17482,64.9804,15.7492,536.362,0.543208,4.59168,674.4892,3.44816
51.65,0.0135907,987.2915,4.174825,64.9815,15.7495,536.2825,0.54313,4.5923,674.4745,3.4476
51.66,0.01359828,987.2866,4.17483,64.9826,15.7498,536.203,0.543052,4.59292,674.4598,3.44704
51.67,0.01360586,987.2817,4.174835,64.9837,15.7501,536.1235,0.542974,4.59354,674.4451,3.44648
51.68,0.01361344,987.2768,4.17484,64.9848,15.7504,536.044,0.542896,4.59416,674.4304,3.44592
51.69,0.01362102,987.2719,4.174845,64.9859,15.7507,535.9645,0.542818,4.59478,674.4157,3.44536
51.7,0.0136286,987.267,4.17485,64.987,15.751,535.885,0.54274,4.5954,674.401,3.4448
51.71,0.01363618,987.2621,4.174855,64.9881,15.7513,535.8055,0.542662,4.59602,674.3863,3.44424
51.72,0.01364376,987.2572,4.17486,64.9892,15.7516,535.726,0.542584,4.59664,674.3716,3.44368
51.73,0.01365134,987.2523,4.174865,64.9903,15.7519,535.6465,0.542506,4.59726,674.3569,3.44312
51.74,0.01365892,987.2474,4.17487,64.9914,15.7522,535.567,0.542428,4.59788,674.3422,3.44256
51.75,0.0136665,987.2425,4.174875,64.9925,15.7525,535.4875,0.54235,4.5985,674.3275,3.442
51.76,0.01367408,987.2376,4.17488,64.9936,15.7528,535.408,0.542272,4.59912,674.3128,3.44144
51.77,0.01368166,987.2327,4.174885,64.9947,15.7531,535.3285,0.542194,4.59974,674.2981,3.44088
51.78,0.01368924,987.2278,4.17489,64.9958,15.7534,535.249,0.542116,4.60036,674.2834,3.44032
51.79,0.01369682,987.2229,4.174895,64.9969,15.7537,535.1695,0.542038,4.60098,674.2687,3.43976
51.8,0.0137044,987.218,4.1749,64.998,15.754,535.09,0.54196,4.6016,674.254,3.4392
51.81,0.01371198,987.2131,4.174905,64.9991,15.7543,535.0105,0.541882,4.60222,674.2393,3.43864
51.82,0.01371956,987.2082,4.17491,65.0002,15.7546,534.931,0.541804,4.60284,674.2246,3.43808
51.83,0.01372714,987.2033,4.174915,65.0013,15.7549,534.8515,0.541726,4.60346,674.2099,3.43752
51.84,0.01373472,987.1984,4.17492,65.0024,15.7552,534.772,0.541648,4.60408,674.1952,3.43696
51.85,0.0137423,987.1935,4.174925,65.0035,15.7555,534.6925,0.54157,4.6047,674.1805,3.4364
51.86,0.01374988,987.1886,4.17493,65.0046,15.7558,534.613,0.541492,4.60532,674.1658,3.43584
51.87,0.01375746,987.1837,4.174935,65.0057,15.7561,534.5335,0.541414,4.60594,674.1511,3.43528
51.88,0.01376504,987.1788,4.17494,65.0068,15.7564,534.454,0.541336,4.60656,674.1364,3.43472
51.89,0.01377262,987.1739,4.174945,65.0079,15.7567,534.3745,0.541258,4.60718,674.1217,3.43416
51.9,0.0137802,987.169,4.17495,65.009,15.757,534.295,0.54118,4.6078,674.107,3.4336
51.91,0.01378778,987.1641,4.174955,65.0101,15.7573,534.2155,0.541102,4.60842,674.0923,3.43304
51.92,0.01379536,987.1592,4.17496,65.0112,15.7576,534.136,0.541024,4.60904,674.0776,3.43248
51.93,0.01380294,987.1543,4.174965,65.0123,15.7579,534.0565,0.540946,4.60966,674.0629,3.43192
51.94,0.01381052,987.1494,4.17497,65.0134,15.7582,533.977,0.540868,4.61028,674.0482,3.43136
51.95,0.0138181,987.1445,4.174975,65.0145,15.7585,533.8975,0.54079,4.6109,674.0335,3.4308
51.96,0.01382568,987.1396,4.17498,65.0156,15.7588,533.818,0.540712,4.61152,674.0188,3.43024
51.97,0.01383326,987.1347,4.174985,65.0167,15.7591,533.7385,0.540634,4.61214,674.0041,3.42968
51.98,0.01384084,987.1298,4.17499,65.0178,15.7594,533.659,0.540556,4.61276,673.9894,3.42912
51.99,0.01384842,987.1249,4.174995,65.0189,15.7597,533.5795,0.540478,4.61338,673.9747,3.42856
52,0.013856,987.12,4.175,65.02,15.76,533.5,0.5404,4.614,673.96,3.428
52.01,0.01386358,987.1151,4.175005,65.0211,15.7603,533.4205,0.540322,4.61462,673.9453,3.42744
52.02,0.01387116,987.1102,4.17501,65.0222,15.7606,533.341,0.540244,4.61524,673.9306,3.42688
52.03,0.01387874,987.1053,4.175015,65.0233,15.7609,533.2615,0.540166,4.61586,673.9159,3.42632
52.04,0.01388632,987.1004,4.17502,65.0244,15.7612,533.182,0.540088,4.61648,673.9012,3.42576
52.05,0.0138939,987.0955,4.175025,65.0255,15.7615,533.1025,0.54001,4.6171,673.8865,3.4252
52.06,0.01390148,987.0906,4.17503,65.0266,15.7618,533.023,0.539932,4.61772,673.8718,3.42464
52.07,0.01390906,987.0857,4.175035,65.0277,15.7621,532.9435,0.539854,4.61834,673.8571,3.42408
52.08,0.01391664,987.0808,4.17504,65.0288,15.7624,532.864,0.539776,4.61896,673.8424,3.42352
52.09,0.01392422,987.0759,4.175045,65.0299,15.7627,532.7845,0.539698,4.61958,673.8277,3.42296
52.1,0.0139318,987.071,4.17505,65.031,15.763,532.705,0.53962,4.6202,673.813,3.4224
52.11,0.01393938,987.0661,4.175055,65.0321,15.7633,532.6255,0.539542,4.62082,673.7983,3.42184
52.12,0.01394696,987.0612,4.17506,65.0332,15.7636,532.546,0.539464,4.62144,673.7836,3.42128
52.13,0.01395454,987.0563,4.175065,65.0343,15.7639,532.4665,0.539386,4.62206,673.7689,3.42072
52.14,0.01396212,987.0514,4.17507,65.0354,15.7642,532.387,0.539308,4.62268,673.7542,3.42016
52.15,0.0139697,987.0465,4.175075,65.0365,15.7645,532.3075,0.53923,4.6233,673.7395,3.4196
52.16,0.01397728,987.0416,4.17508,65.0376,15.7648,532.228,0.539152,4.62392,673.7248,3.41904
52.17,0.01398486,987.0367,4.175085,65.0387,15.7651,532.1485,0.539074,4.62454,673.7101,3.41848
52.18,0.01399244,987.0318,4.17509,65.0398,15.7654,532.069,0.538996,4.62516,673.6954,3.41792
52.19,0.01400002,987.0269,4.175095,65.0409,15.7657,531.9895,0.538918,4.62578,673.6807,3.41736
52.2,0.0140076,987.022,4.1751,65.042,15.766,531.91,0.53884,4.6264,673.666,3.4168
52.21,0.01401518,987.0171,4.175105,65.0431,15.7663,531.8305,0.538762,4.62702,673.6513,3.41624
52.22,0.01402276,987.0122,4.17511,65.0442,15.7666,531.751,0.538684,4.62764,673.6366,3.41568
52.23,0.01403034,987.0073,4.175115,65.0453,15.7669,531.6715,0.538606,4.62826,673.6219,3.41512
52.24,0.01403792,987.0024,4.17512,65.0464,15.7672,531.592,0.538528,4.62888,673.6072,3.41456
52.25,0.0140455,986.9975,4.175125,65.0475,15.7675,531.5125,0.53845,4.6295,673.5925,3.414
52.26,0.01405308,986.9926,4.17513,65.0486,15.7678,531.433,0.538372,4.63012,673.5778,3.41344
52.27,0.01406066,986.9877,4.175135,65.0497,15.7681,531.3535,0.538294,4.63074,673.5631,3.41288
52.28,0.01406824,986.9828,4.17514,65.0508,15.7684,531.274,0.538216,4.63136,673.5484,3.41232
52.29,0.01407582,986.9779,4.175145,65.0519,15.7687,531.1945,0.538138,4.63198,673.5337,3.41176
52.3,0.0140834,986.973,4.17515,65.053,15.769,531.115,0.53806,4.6326,673.519,3.4112
52.31,0.01409098,986.9681,4.175155,65.0541,15.7693,531.0355,0.537982,4.63322,673.5043,3.41064
52.32,0.01409856,986.9632,4.17516,65.0552,15.7696,530.956,0.537904,4.63384,673.4896,3.41008
52.33,0.01410614,986.9583,4.175165,65.0563,15.7699,530.8765,0.537826,4.63446,673.4749,3.40952
52.34,0.01411372,986.9534,4.17517,65.0574,15.7702,530.797,0.537748,4.63508,673.4602,3.40896
52.35,0.0141213,986.9485,4.175175,65.0585,15.7705,530.7175,0.53767,4.6357,673.4455,3.4084
52.36,0.01412888,986.9436,4.17518,65.0596,15.7708,530.638,0.537592,4.63632,673.4308,3.40784
52.37,0.01413646,986.9387,4.175185,65.0607,15.7711,530.5585,0.537514,4.63694,673.4161,3.40728
52.38,0.01414404,986.9338,4.17519,65.0618,15.7714,530.479,0.537436,4.63756,673.4014,3.40672
52.39,0.01415162,986.9289,4.175195,65.0629,15.7717,530.3995,0.537358,4.63818,673.3867,3.40616
52.4,0.0141592,986.924,4.1752,65.064,15.772,530.32,0.53728,4.6388,673.372,3.4056
52.41,0.01416678,986.9191,4.175205,65.0651,15.7723,530.2405,0.537202,4.63942,673.3573,3.40504
52.42,0.01417436,986.9142,4.17521,65.0662,15.7726,530.161,0.537124,4.64004,673.3426,3.40448
52.43,0.01418194,986.9093,4.175215,65.0673,15.7729,530.0815,0.537046,4.64066,673.3279,3.40392
52.44,0.01418952,986.9044,4.17522,65.0684,15.7732,530.002,0.536968,4.64128,673.3132,3.40336
52.45,0.0141971,986.8995,4.175225,65.0695,15.7735,529.9225,0.53689,4.6419,673.2985,3.4028
52.46,0.01420468,986.8946,4.17523,65.0706,15.7738,529.843,0.536812,4.64252,673.2838,3.40224
52.47,0.01421226,986.8897,4.175235,65.0717,15.7741,529.7635,0.536734,4.64314,673.2691,3.40168
52.48,0.01421984,986.8848,4.17524,65.0728,15.7744,529.684,0.536656,4.64376,673.2544,3.40112
52.49,0.01422742,986.8799,4.175245,65.0739,15.7747,529.6045,0.536578,4.64438,673.2397,3.40056
52.5,0.014235,986.875,4.17525,65.075,15.775,529.525,0.5365,4.645,673.225,3.4
52.51,0.01424258,986.8701,4.175255,65.0761,15.7753,529.4455,0.536422,4.64562,673.2103,3.39944
52.52,0.01425016,986.8652,4.17526,65.0772,15.7756,529.366,0.536344,4.64624,673.1956,3.39888
52.53,0.01425774,986.8603,4.175265,65.0783,15.7759,529.2865,0.536266,4.64686,673.1809,3.39832
52.54,0.01426532,986.8554,4.17527,65.0794,15.7762,529.207,0.536188,4.64748,673.1662,3.39776
52.55,0.0142729,986.8505,4.175275,65.0805,15.7765,529.1275,0.53611,4.6481,673.1515,3.3972
52.56,0.01428048,986.8456,4.17528,65.0816,15.7768,529.048,0.536032,4.64872,673.1368,3.39664
52.57,0.01428806,986.8407,4.175285,65.0827,15.7771,528.9685,0.535954,4.64934,673.1221,3.39608
52.58,0.01429564,986.8358,4.17529,65.0838,15.7774,528.889,0.535876,4.64996,673.1074,3.39552
52.59,0.01430322,986.8309,4.175295,65.0849,15.7777,528.8095,0.535798,4.65058,673.0927,3.39496
52.6,0.0143108,986.826,4.1753,65.086,15.778,528.73,0.53572,4.6512,673.078,3.3944
52.61,0.01431838,986.8211,4.175305,65.0871,15.7783,528.6505,0.535642,4.65182,673.0633,3.39384
52.62,0.01432596,986.8162,4.17531,65.0882,15.7786,528.571,0.535564,4.65244,673.0486,3.39328
52.63,0.01433354,986.8113,4.175315,65.0893,15.7789,528.4915,0.535486,4.65306,673.0339,3.39272
52.64,0.01434112,986.8064,4.17532,65.0904,15.7792,528.412,0.535408,4.65368,673.0192,3.39216
52.65,0.0143487,986.8015,4.175325,65.0915,15.7795,528.3325,0.53533,4.6543,673.0045,3.3916
52.66,0.01435628,986.7966,4.17533,65.0926,15.7798,528.253,0.535252,4.65492,672.9898,3.39104
52.67,0.01436386,986.7917,4.175335,65.0937,15.7801,528.1735,0.535174,4.65554,672.9751,3.39048
52.68,0.01437144,986.7868,4.17534,65.0948,15.7804,528.094,0.535096,4.65616,672.9604,3.38992
52.69,0.01437902,986.7819,4.175345,65.0959,15.7807,528.0145,0.535018,4.65678,672.9457,3.38936
52.7,0.0143866,986.777,4.17535,65.097,15.781,527.935,0.53494,4.6574,672.931,3.3888
52.71,0.01439418,986.7721,4.175355,65.0981,15.7813,527.8555,0.534862,4.65802,672.9163,3.38824
52.72,0.01440176,986.7672,4.17536,65.0992,15.7816,527.776,0.534784,4.65864,672.9016,3.38768
52.73,0.01440934,986.7623,4.175365,65.1003,15.7819,527.6965,0.534706,4.65926,672.8869,3.38712
52.74,0.01441692,986.7574,4.17537,65.1014,15.7822,527.617,0.534628,4.65988,672.8722,3.38656
52.75,0.0144245,986.7525,4.175375,65.1025,15.7825,527.5375,0.53455,4.6605,672.8575,3.386
52.76,0.01443208,986.7476,4.17538,65.1036,15.7828,527.458,0.534472,4.66112,672.8428,3.38544
52.77,0.01443966,986.7427,4.175385,65.1047,15.7831,527.3785,0.534394,4.66174,672.8281,3.38488
52.78,0.01444724,986.7378,4.17539,65.1058,15.7834,527.299,0.534316,4.66236,672.8134,3.38432
52.79,0.01445482,986.7329,4.175395,65.1069,15.7837,527.2195,0.534238,4.66298,672.7987,3.38376
52.8,0.0144624,986.728,4.1754,65.108,15.784,527.14,0.53416,4.6636,672.784,3.3832
52.81,0.01446998,986.7231,4.175405,65.1091,15.7843,527.0605,0.534082,4.66422,672.7693,3.38264
52.82,0.01447756,986.7182,4.17541,65.1102,15.7846,526.981,0.534004,4.66484,672.7546,3.38208
52.83,0.01448514,986.7133,4.175415,65.1113,15.7849,526.9015,0.533926,4.66546,672.7399,3.38152
52.84,0.01449272,986.7084,4.17542,65.1124,15.7852,526.822,0.533848,4.66608,672.7252,3.38096
52.85,0.0145003,986.7035,4.175425,65.1135,15.7855,526.7425,0.53377,4.6667,672.7105,3.3804
52.86,0.01450788,986.6986,4.17543,65.1146,15.7858,526.663,0.533692,4.66732,672.6958,3.37984
52.87,0.01451546,986.6937,4.175435,65.1157,15.7861,526.5835,0.533614,4.66794,672.6811,3.37928
52.88,0.01452304,986.6888,4.17544,65.1168,15.7864,526.504,0.533536,4.66856,672.6664,3.37872
52.89,0.01453062,986.6839,4.175445,65.1179,15.7867,526.4245,0.533458,4.66918,672.6517,3.37816
52.9,0.0145382,986.679,4.17545,65.119,15.787,526.345,0.53338,4.6698,672.637,3.3776
52.91,0.01454578,986.6741,4.175455,65.1201,15.7873,526.2655,0.533302,4.67042,672.6223,3.37704
52.92,0.01455336,986.6692,4.17546,65.1212,15.7876,526.186,0.533224,4.67104,672.6076,3.37648
52.93,0.01456094,986.6643,4.175465,65.1223,15.7879,526.1065,0.533146,4.67166,672.5929,3.37592
52.94,0.01456852,986.6594,4.17547,65.1234,15.7882,526.027,0.533068,4.67228,672.5782,3.37536
52.95,0.0145761,986.6545,4.175475,65.1245,15.7885,525.9475,0.53299,4.6729,672.5635,3.3748
52.96,0.01458368,986.6496,4.17548,65.1256,15.7888,525.868,0.532912,4.67352,672.5488,3.37424
52.97,0.01459126,986.6447,4.175485,65.1267,15.7891,525.7885,0.532834,4.67414,672.5341,3.37368
52.98,0.01459884,986.6398,4.17549,65.1278,15.7894,525.709,0.532756,4.67476,672.5194,3.37312
52.99,0.01460642,986.6349,4.175495,65.1289,15.7897,525.6295,0.532678,4.67538,672.5047,3.37256
53,0.014614,986.63,4.1755,65.13,15.79,525.55,0.5326,4.676,672.49,3.372
53.01,0.01462158,986.6251,4.175505,65.1311,15.7903,525.4705,0.532522,4.67662,672.4753,3.37144
53.02,0.01462916,986.6202,4.17551,65.1322,15.7906,525.391,0.532444,4.67724,672.4606,3.37088
53.03,0.01463674,986.6153,4.175515,65.1333,15.7909,525.3115,0.532366,4.67786,672.4459,3.37032
53.04,0.01464432,986.6104,4.17552,65.1344,15.7912,525.232,0.532288,4.67848,672.4312,3.36976
53.05,0.0146519,986.6055,4.175525,65.1355,15.7915,525.1525,0.53221,4.6791,672.4165,3.3692
53.06,0.01465948,986.6006,4.17553,65.1366,15.7918,525.073,0.532132,4.67972,672.4018,3.36864
53.07,0.01466706,986.5957,4.175535,65.1377,15.7921,524.9935,0.532054,4.68034,672.3871,3.36808
53.08,0.01467464,986.5908,4.17554,65.1388,15.7924,524.914,0.531976,4.68096,672.3724,3.36752
53.09,0.01468222,986.5859,4.175545,65.1399,15.7927,524.8345,0.531898,4.68158,672.3577,3.36696
53.1,0.0146898,986.581,4.17555,65.141,15.793,524.755,0.53182,4.6822,672.343,3.3664
53.11,0.01469738,986.5761,4.175555,65.1421,15.7933,524.6755,0.531742,4.68282,672.3283,3.36584
53.12,0.01470496,986.5712,4.17556,65.1432,15.7936,524.596,0.531664,4.68344,672.3136,3.36528
53.13,0.01471254,986.5663,4.175565,65.1443,15.7939,524.5165,0.531586,4.68406,672.2989,3.36472
53.14,0.01472012,986.5614,4.17557,65.1454,15.7942,524.437,0.531508,4.68468,672.2842,3.36416
53.15,0.0147277,986.5565,4.175575,65.1465,15.7945,524.3575,0.53143,4.6853,672.2695,3.3636
53.16,0.01473528,986.5516,4.17558,65.1476,15.7948,524.278,0.531352,4.68592,672.2548,3.36304
53.17,0.01474286,986.5467,4.175585,65.1487,15.7951,524.1985,0.531274,4.68654,672.2401,3.36248
53.18,0.01475044,986.5418,4.17559,65.1498,15.7954,524.119,0.531196,4.68716,672.2254,3.36192
53.19,0.01475802,986.5369,4.175595,65.1509,15.7957,524.0395,0.531118,4.68778,672.2107,3.36136
53.2,0.0147656,986.532,4.1756,65.152,15.796,523.96,0.53104,4.6884,672.196,3.3608
53.21,0.01477318,986.5271,4.175605,65.1531,15.7963,523.8805,0.530962,4.68902,672.1813,3.36024
53.22,0.01478076,986.5222,4.17561,65.1542,15.7966,523.801,0.530884,4.68964,672.1666,3.35968
53.23,0.01478834,986.5173,4.175615,65.1553,15.7969,523.7215,0.530806,4.69026,672.1519,3.35912
53.24,0.01479592,986.5124,4.17562,65.1564,15.7972,523.642,0.530728,4.69088,672.1372,3.35856
53.25,0.0148035,986.5075,4.175625,65.1575,15.7975,523.5625,0.53065,4.6915,672.1225,3.358
53.26,0.01481108,986.5026,4.17563,65.1586,15.7978,523.483,0.530572,4.69212,672.1078,3.35744
53.27,0.01481866,986.4977,4.175635,65.1597,15.7981,523.4035,0.530494,4.69274,672.0931,3.35688
53.28,0.01482624,986.4928,4.17564,65.1608,15.7984,523.324,0.530416,4.69336,672.0784,3.35632
53.29,0.01483382,986.4879,4.175645,65.1619,15.7987,523.2445,0.530338,4.69398,672.0637,3.35576
53.3,0.0148414,986.483,4.17565,65.163,15.799,523.165,0.53026,4.6946,672.049,3.3552
53.31,0.01484898,986.4781,4.175655,65.1641,15.7993,523.0855,0.530182,4.69522,672.0343,3.35464
53.32,0.01485656,986.4732,4.17566,65.1652,15.7996,523.006,0.530104,4.69584,672.0196,3.35408
53.33,0.01486414,986.4683,4.175665,65.1663,15.7999,522.9265,0.530026,4.69646,672.0049,3.35352
53.34,0.01487172,986.4634,4.17567,65.1674,15.8002,522.847,0.529948,4.69708,671.9902,3.35296
53.35,0.0148793,986.4585,4.175675,65.1685,15.8005,522.7675,0.52987,4.6977,671.9755,3.3524
53.36,0.01488688,986.4536,4.17568,65.1696,15.8008,522.688,0.529792,4.69832,671.9608,3.35184
53.37,0.01489446,986.4487,4.175685,65.1707,15.8011,522.6085,0.529714,4.69894,671.9461,3.35128
53.38,0.01490204,986.4438,4.17569,65.1718,15.8014,522.529,0.529636,4.69956,671.9314,3.35072
53.39,0.01490962,986.4389,4.175695,65.1729,15.8017,522.4495,0.529558,4.70018,671.9167,3.35016
53.4,0.0149172,986.434,4.1757,65.174,15.802,522.37,0.52948,4.7008,671.902,3.3496
53.41,0.01492478,986.4291,4.175705,65.1751,15.8023,522.2905,0.529402,4.70142,671.8873,3.34904
53.42,0.01493236,986.4242,4.17571,65.1762,15.8026,522.211,0.529324,4.70204,671.8726,3.34848
53.43,0.01493994,986.4193,4.175715,65.1773,15.8029,522.1315,0.529246,4.70266,671.8579,3.34792
53.44,0.01494752,986.4144,4.17572,65.1784,15.8032,522.052,0.529168,4.70328,671.8432,3.34736
53.45,0.0149551,986.4095,4.175725,65.1795,15.8035,521.9725,0.52909,4.7039,671.8285,3.3468
53.46,0.01496268,986.4046,4.17573,65.1806,15.8038,521.893,0.529012,4.70452,671.8138,3.34624
53.47,0.01497026,986.3997,4.175735,65.1817,15.8041,521.8135,0.528934,4.70514,671.7991,3.34568
53.48,0.01497784,986.3948,4.17574,65.1828,15.8044,521.734,0.528856,4.70576,671.7844,3.34512
53.49,0.01498542,986.3899,4.175745,65.1839,15.8047,521.6545,0.528778,4.70638,671.7697,3.34456
53.5,0.014993,986.385,4.17575,65.185,15.805,521.575,0.5287,4.707,671.755,3.344
53.51,0.01500058,986.3801,4.175755,65.1861,15.8053,521.4955,0.528622,4.70762,671.7403,3.34344
53.52,0.01500816,986.3752,4.17576,65.1872,15.8056,521.416,0.528544,4.70824,671.7256,3.34288
53.53,0.01501574,986.3703,4.175765,65.1883,15.8059,521.3365,0.528466,4.70886,671.7109,3.34232
53.54,0.01502332,986.3654,4.17577,65.1894,15.8062,521.257,0.528388,4.70948,671.6962,3.34176
53.55,0.0150309,986.3605,4.175775,65.1905,15.8065,521.1775,0.52831,4.7101,671.6815,3.3412
53.56,0.01503848,986.3556,4.17578,65.1916,15.8068,521.098,0.528232,4.71072,671.6668,3.34064
53.57,0.01504606,986.3507,4.175785,65.1927,15.8071,521.0185,0.528154,4.71134,671.6521,3.34008
53.58,0.01505364,986.3458,4.17579,65.1938,15.8074,520.939,0.528076,4.71196,671.6374,3.33952
53.59,0.01506122,986.3409,4.175795,65.1949,15.8077,520.8595,0.527998,4.71258,671.6227,3.33896
53.6,0.0150688,986.336,4.1758,65.196,15.808,520.78,0.52792,4.7132,671.608,3.3384
53.61,0.01507638,986.3311,4.175805,65.1971,15.8083,520.7005,0.527842,4.71382,671.5933,3.33784
53.62,0.01508396,986.3262,4.17581,65.1982,15.8086,520.621,0.527764,4.71444,671.5786,3.33728
53.63,0.01509154,986.3213,4.175815,65.1993,15.8089,520.5415,0.527686,4.71506,671.5639,3.33672
53.64,0.01509912,986.3164,4.17582,65.2004,15.8092,520.462,0.527608,4.71568,671.5492,3.33616
53.65,0.0151067,986.3115,4.175825,65.2015,15.8095,520.3825,0.52753,4.7163,671.5345,3.3356
53.66,0.01511428,986.3066,4.17583,65.2026,15.8098,520.303,0.527452,4.71692,671.5198,3.33504
53.67,0.01512186,986.3017,4.175835,65.2037,15.8101,520.2235,0.527374,4.71754,671.5051,3.33448
53.68,0.01512944,986.2968,4.17584,65.2048,15.8104,520.144,0.527296,4.71816,671.4904,3.33392
53.69,0.01513702,986.2919,4.175845,65.2059,15.8107,520.0645,0.527218,4.71878,671.4757,3.33336
53.7,0.0151446,986.287,4.17585,65.207,15.811,519.985,0.52714,4.7194,671.461,3.3328
53.71,0.01515218,986.2821,4.175855,65.2081,15.8113,519.9055,0.527062,4.72002,671.4463,3.33224
53.72,0.01515976,986.2772,4.17586,65.2092,15.8116,519.826,0.526984,4.72064,671.4316,3.33168
53.73,0.01516734,986.2723,4.175865,65.2103,15.8119,519.7465,0.526906,4.72126,671.4169,3.33112
53.74,0.01517492,986.2674,4.17587,65.2114,15.8122,519.667,0.526828,4.72188,671.4022,3.33056
53.75,0.0151825,986.2625,4.175875,65.2125,15.8125,519.5875,0.52675,4.7225,671.3875,3.33
53.76,0.01519008,986.2576,4.17588,65.2136,15.8128,519.508,0.526672,4.72312,671.3728,3.32944
53.77,0.01519766,986.2527,4.175885,65.2147,15.8131,519.4285,0.526594,4.72374,671.3581,3.32888
53.78,0.01520524,986.2478,4.17589,65.2158,15.8134,519.349,0.526516,4.72436,671.3434,3.32832
53.79,0.01521282,986.2429,4.175895,65.2169,15.8137,519.2695,0.526438,4.72498,671.3287,3.32776
53.8,0.0152204,986.238,4.1759,65.218,15.814,519.19,0.52636,4.7256,671.314,3.3272
53.81,0.01522798,986.2331,4.175905,65.2191,15.8143,519.1105,0.526282,4.72622,671.2993,3.32664
53.82,0.01523556,986.2282,4.17591,65.2202,15.8146,519.031,0.526204,4.72684,671.2846,3.32608
53.83,0.01524314,986.2233,4.175915,65.2213,15.8149,518.9515,0.526126,4.72746,671.2699,3.32552
53.84,0.01525072,986.2184,4.17592,65.2224,15.8152,518.872,0.526048,4.72808,671.2552,3.32496
53.85,0.0152583,986.2135,4.175925,65.2235,15.8155,518.7925,0.52597,4.7287,671.2405,3.3244
53.86,0.01526588,986.2086,4.17593,65.2246,15.8158,518.713,0.525892,4.72932,671.2258,3.32384
53.87,0.01527346,986.2037,4.175935,65.2257,15.8161,518.6335,0.525814,4.72994,671.2111,3.32328
53.88,0.01528104,986.1988,4.17594,65.2268,15.8164,518.554,0.525736,4.73056,671.1964,3.32272
53.89,0.01528862,986.1939,4.175945,65.2279,15.8167,518.4745,0.525658,4.73118,671.1817,3.32216
53.9,0.0152962,986.189,4.17595,65.229,15.817,518.395,0.52558,4.7318,671.167,3.3216
53.91,0.01530378,986.1841,4.175955,65.2301,15.8173,518.3155,0.525502,4.73242,671.1523,3.32104
53.92,0.01531136,986.1792,4.17596,65.2312,15.8176,518.236,0.525424,4.73304,671.1376,3.32048
53.93,0.01531894,986.1743,4.175965,65.2323,15.8179,518.1565,0.525346,4.73366,671.1229,3.31992
53.94,0.01532652,986.1694,4.17597,65.2334,15.8182,518.077,0.525268,4.73428,671.1082,3.31936
53.95,0.0153341,986.1645,4.175975,65.2345,15.8185,517.9975,0.52519,4.7349,671.0935,3.3188
53.96,0.01534168,986.1596,4.17598,65.2356,15.8188,517.918,0.525112,4.73552,671.0788,3.31824
53.97,0.01534926,986.1547,4.175985,65.2367,15.8191,517.8385,0.525034,4.73614,671.0641,3.31768
53.98,0.01535684,986.1498,4.17599,65.2378,15.8194,517.759,0.524956,4.73676,671.0494,3.31712
53.99,0.01536442,986.1449,4.175995,65.2389,15.8197,517.6795,0.524878,4.73738,671.0347,3.31656
54,0.015372,986.14,4.176,65.24,15.82,517.6,0.5248,4.738,671.02,3.316
54.01,0.01537958,986.1351,4.176005,65.2411,15.8203,517.5205,0.524722,4.73862,671.0053,3.31544
54.02,0.01538716,986.1302,4.17601,65.2422,15.8206,517.441,0.524644,4.73924,670.9906,3.31488
54.03,0.01539474,986.1253,4.176015,65.2433,15.8209,517.3615,0.524566,4.73986,670.9759,3.31432
54.04,0.01540232,986.1204,4.17602,65.2444,15.8212,517.282,0.524488,4.74048,670.9612,3.31376
54.05,0.0154099,986.1155,4.176025,65.2455,15.8215,517.2025,0.52441,4.7411,670.9465,3.3132
54.06,0.01541748,986.1106,4.17603,65.2466,15.8218,517.123,0.524332,4.74172,670.9318,3.31264
54.07,0.01542506,986.1057,4.176035,65.2477,15.8221,517.0435,0.524254,4.74234,670.9171,3.31208
54.08,0.01543264,986.1008,4.17604,65.2488,15.8224,516.964,0.524176,4.74296,670.9024,3.31152
54.09,0.01544022,986.0959,4.176045,65.2499,15.8227,516.8845,0.524098,4.74358,670.8877,3.31096
54.1,0.0154478,986.091,4.17605,65.251,15.823,516.805,0.52402,4.7442,670.873,3.3104
54.11,0.01545538,986.0861,4.176055,65.2521,15.8233,516.7255,0.523942,4.74482,670.8583,3.30984
54.12,0.01546296,986.0812,4.17606,65.2532,15.8236,516.646,0.523864,4.74544,670.8436,3.30928
54.13,0.01547054,986.0763,4.176065,65.2543,15.8239,516.5665,0.523786,4.74606,670.8289,3.30872
54.14,0.01547812,986.0714,4.17607,65.2554,15.8242,516.487,0.523708,4.74668,670.8142,3.30816
54.15,0.0154857,986.0665,4.176075,65.2565,15.8245,516.4075,0.52363,4.7473,670.7995,3.3076
54.16,0.01549328,986.0616,4.17608,65.2576,15.8248,516.328,0.523552,4.74792,670.7848,3.30704
54.17,0.01550086,986.0567,4.176085,65.2587,15.8251,516.2485,0.523474,4.74854,670.7701,3.30648
54.18,0.01550844,986.0518,4.17609,65.2598,15.8254,516.169,0.523396,4.74916,670.7554,3.30592
54.19,0.01551602,986.0469,4.176095,65.2609,15.8257,516.0895,0.523318,4.74978,670.7407,3.30536
54.2,0.0155236,986.042,4.1761,65.262,15.826,516.01,0.52324,4.7504,670.726,3.3048
54.21,0.01553118,986.0371,4.176105,65.2631,15.8263,515.9305,0.523162,4.75102,670.7113,3.30424
54.22,0.01553876,986.0322,4.17611,65.2642,15.8266,515.851,0.523084,4.75164,670.6966,3.30368
54.23,0.01554634,986.0273,4.176115,65.2653,15.8269,515.7715,0.523006,4.75226,670.6819,3.30312
54.24,0.01555392,986.0224,4.17612,65.2664,15.8272,515.692,0.522928,4.75288,670.6672,3.30256
54.25,0.0155615,986.0175,4.176125,65.2675,15.8275,515.6125,0.52285,4.7535,670.6525,3.302
54.26,0.01556908,986.0126,4.17613,65.2686,15.8278,515.533,0.522772,4.75412,670.6378,3.30144
54.27,0.01557666,986.0077,4.176135,65.2697,15.8281,515.4535,0.522694,4.75474,670.6231,3.30088
54.28,0.01558424,986.0028,4.17614,65.2708,15.8284,515.374,0.522616,4.75536,670.6084,3.30032
54.29,0.01559182,985.9979,4.176145,65.2719,15.8287,515.2945,0.522538,4.75598,670.5937,3.29976
54.3,0.0155994,985.993,4.17615,65.273,15.829,515.215,0.52246,4.7566,670.579,3.2992
54.31,0.01560698,985.9881,4.176155,65.2741,15.8293,515.1355,0.522382,4.75722,670.5643,3.29864
54.32,0.01561456,985.9832,4.17616,65.2752,15.8296,515.056,0.522304,4.75784,670.5496,3.29808
54.33,0.01562214,985.9783,4.176165,65.2763,15.8299,514.9765,0.522226,4.75846,670.5349,3.29752
54.34,0.01562972,985.9734,4.17617,65.2774,15.8302,514.897,0.522148,4.75908,670.5202,3.29696
54.35,0.0156373,985.9685,4.176175,65.2785,15.8305,514.8175,0.52207,4.7597,670.5055,3.2964
54.36,0.01564488,985.9636,4.17618,65.2796,15.8308,514.738,0.521992,4.76032,670.4908,3.29584
54.37,0.01565246,985.9587,4.176185,65.2807,15.8311,514.6585,0.521914,4.76094,670.4761,3.29528
54.38,0.01566004,985.9538,4.17619,65.2818,15.8314,514.579,0.521836,4.76156,670.4614,3.29472
54.39,0.01566762,985.9489,4.176195,65.2829,15.8317,514.4995,0.521758,4.76218,670.4467,3.29416
54.4,0.0156752,985.944,4.1762,65.284,15.832,514.42,0.52168,4.7628,670.432,3.2936
54.41,0.01568278,985.9391,4.176205,65.2851,15.8323,514.3405,0.521602,4.76342,670.4173,3.29304
54.42,0.01569036,985.9342,4.17621,65.2862,15.8326,514.261,0.521524,4.76404,670.4026,3.29248
54.43,0.01569794,985.9293,4.176215,65.2873,15.8329,514.1815,0.521446,4.76466,670.3879,3.29192
54.44,0.01570552,985.9244,4.17622,65.2884,15.8332,514.102,0.521368,4.76528,670.3732,3.29136
54.45,0.0157131,985.9195,4.176225,65.2895,15.8335,514.0225,0.52129,4.7659,670.3585,3.2908
54.46,0.01572068,985.9146,4.17623,65.2906,15.8338,513.943,0.521212,4.76652,670.3438,3.29024
54.47,0.01572826,985.9097,4.176235,65.2917,15.8341,513.8635,0.521134,4.76714,670.3291,3.28968
54.48,0.01573584,985.9048,4.17624,65.2928,15.8344,513.784,0.521056,4.76776,670.3144,3.28912
54.49,0.01574342,985.8999,4.176245,65.2939,15.8347,513.7045,0.520978,4.76838,670.2997,3.28856
54.5,0.015751,985.895,4.17625,65.295,15.835,513.625,0.5209,4.769,670.285,3.288
54.51,0.01575858,985.8901,4.176255,65.2961,15.8353,513.5455,0.520822,4.76962,670.2703,3.28744
54.52,0.01576616,985.8852,4.17626,65.2972,15.8356,513.466,0.520744,4.77024,670.2556,3.28688
54.53,0.01577374,985.8803,4.176265,65.2983,15.8359,513.3865,0.520666,4.77086,670.2409,3.28632
54.54,0.01578132,985.8754,4.17627,65.2994,15.8362,513.307,0.520588,4.77148,670.2262,3.28576
54.55,0.0157889,985.8705,4.176275,65.3005,15.8365,513.2275,0.52051,4.7721,670.2115,3.2852
54.56,0.01579648,985.8656,4.17628,65.3016,15.8368,513.148,0.520432,4.77272,670.1968,3.28464
54.57,0.01580406,985.8607,4.176285,65.3027,15.8371,513.0685,0.520354,4.77334,670.1821,3.28408
54.58,0.01581164,985.8558,4.17629,65.3038,15.8374,512.989,0.520276,4.77396,670.1674,3.28352
54.59,0.01581922,985.8509,4.176295,65.3049,15.8377,512.9095,0.520198,4.77458,670.1527,3.28296
54.6,0.0158268,985.846,4.1763,65.306,15.838,512.83,0.52012,4.7752,670.138,3.2824
54.61,0.01583438,985.8411,4.176305,65.3071,15.8383,512.7505,0.520042,4.77582,670.1233,3.28184
54.62,0.01584196,985.8362,4.17631,65.3082,15.8386,512.671,0.519964,4.77644,670.1086,3.28128
54.63,0.01584954,985.8313,4.176315,65.3093,15.8389,512.5915,0.519886,4.77706,670.0939,3.28072
54.64,0.01585712,985.8264,4.17632,65.3104,15.8392,512.512,0.519808,4.77768,670.0792,3.28016
54.65,0.0158647,985.8215,4.176325,65.3115,15.8395,512.4325,0.51973,4.7783,670.0645,3.2796
54.66,0.01587228,985.8166,4.17633,65.3126,15.8398,512.353,0.519652,4.77892,670.0498,3.27904
54.67,0.01587986,985.8117,4.176335,65.3137,15.8401,512.2735,0.519574,4.77954,670.0351,3.27848
54.68,0.01588744,985.8068,4.17634,65.3148,15.8404,512.194,0.519496,4.78016,670.0204,3.27792
54.69,0.01589502,985.8019,4.176345,65.3159,15.8407,512.1145,0.519418,4.78078,670.0057,3.27736
54.7,0.0159026,985.797,4.17635,65.317,15.841,512.035,0.51934,4.7814,669.991,3.2768
54.71,0.01591018,985.7921,4.176355,65.3181,15.8413,511.9555,0.519262,4.78202,669.9763,3.27624
54.72,0.01591776,985.7872,4.17636,65.3192,15.8416,511.876,0.519184,4.78264,669.9616,3.27568
54.73,0.01592534,985.7823,4.176365,65.3203,15.8419,511.7965,0.519106,4.78326,669.9469,3.27512
54.74,0.01593292,985.7774,4.17637,65.3214,15.8422,511.717,0.519028,4.78388,669.9322,3.27456
54.75,0.0159405,985.7725,4.176375,65.3225,15.8425,511.6375,0.51895,4.7845,669.9175,3.274
54.76,0.01594808,985.7676,4.17638,65.3236,15.8428,511.558,0.518872,4.78512,669.9028,3.27344
54.77,0.01595566,985.7627,4.176385,65.3247,15.8431,511.4785,0.518794,4.78574,669.8881,3.27288
54.78,0.01596324,985.7578,4.17639,65.3258,15.8434,511.399,0.518716,4.78636,669.8734,3.27232
54.79,0.01597082,985.7529,4.176395,65.3269,15.8437,511.3195,0.518638,4.78698,669.8587,3.27176
54.8,0.0159784,985.748,4.1764,65.328,15.844,511.24,0.51856,4.7876,669.844,3.2712
54.81,0.01598598,985.7431,4.176405,65.3291,15.8443,511.1605,0.518482,4.78822,669.8293,3.27064
54.82,0.01599356,985.7382,4.17641,65.3302,15.8446,511.081,0.518404,4.78884,669.8146,3.27008
54.83,0.01600114,985.7333,4.176415,65.3313,15.8449,511.0015,0.518326,4.78946,669.7999,3.26952
54.84,0.01600872,985.7284,4.17642,65.3324,15.8452,510.922,0.518248,4.79008,669.7852,3.26896
54.85,0.0160163,985.7235,4.176425,65.3335,15.8455,510.8425,0.51817,4.7907,669.7705,3.2684
54.86,0.01602388,985.7186,4.17643,65.3346,15.8458,510.763,0.518092,4.79132,669.7558,3.26784
54.87,0.01603146,985.7137,4.176435,65.3357,15.8461,510.6835,0.518014,4.79194,669.7411,3.26728
54.88,0.01603904,985.7088,4.17644,65.3368,15.8464,510.604,0.517936,4.79256,669.7264,3.26672
54.89,0.01604662,985.7039,4.176445,65.3379,15.8467,510.5245,0.517858,4.79318,669.7117,3.26616
54.9,0.0160542,985.699,4.17645,65.339,15.847,510.445,0.51778,4.7938,669.697,3.2656
54.91,0.01606178,985.6941,4.176455,65.3401,15.8473,510.3655,0.517702,4.79442,669.6823,3.26504
54.92,0.01606936,985.6892,4.17646,65.3412,15.8476,510.286,0.517624,4.79504,669.6676,3.26448
54.93,0.01607694,985.6843,4.176465,65.3423,15.8479,510.2065,0.517546,4.79566,669.6529,3.26392
54.94,0.01608452,985.6794,4.17647,65.3434,15.8482,510.127,0.517468,4.79628,669.6382,3.26336
54.95,0.0160921,985.6745,4.176475,65.3445,15.8485,510.0475,0.51739,4.7969,669.6235,3.2628
54.96,0.01609968,985.6696,4.17648,65.3456,15.8488,509.968,0.517312,4.79752,669.6088,3.26224
54.97,0.01610726,985.6647,4.176485,65.3467,15.8491,509.8885,0.517234,4.79814,669.5941,3.26168
54.98,0.01611484,985.6598,4.17649,65.3478,15.8494,509.809,0.517156,4.79876,669.5794,3.26112
54.99,0.01612242,985.6549,4.176495,65.3489,15.8497,509.7295,0.517078,4.79938,669.5647,3.26056
55,0.01613,985.65,4.1765,65.35,15.85,509.65,0.517,4.8,669.55,3.26
55.01,0.01613758,985.6451,4.176505,65.3511,15.8503,509.5705,0.516922,4.80062,669.5353,3.25944
55.02,0.01614516,985.6402,4.17651,65.3522,15.8506,509.491,0.516844,4.80124,669.5206,3.25888
55.03,0.01615274,985.6353,4.176515,65.3533,15.8509,509.4115,0.516766,4.80186,669.5059,3.25832
55.04,0.01616032,985.6304,4.17652,65.3544,15.8512,509.332,0.516688,4.80248,669.4912,3.25776
55.05,0.0161679,985.6255,4.176525,65.3555,15.8515,509.2525,0.51661,4.8031,669.4765,3.2572
55.06,0.01617548,985.6206,4.17653,65.3566,15.8518,509.173,0.516532,4.80372,669.4618,3.25664
55.07,0.01618306,985.6157,4.176535,65.3577,15.8521,509.0935,0.516454,4.80434,669.4471,3.25608
55.08,0.01619064,985.6108,4.17654,65.3588,15.8524,509.014,0.516376,4.80496,669.4324,3.25552
55.09,0.01619822,985.6059,4.176545,65.3599,15.8527,508.9345,0.516298,4.80558,669.4177,3.25496
55.1,0.0162058,985.601,4.17655,65.361,15.853,508.855,0.51622,4.8062,669.403,3.2544
55.11,0.01621338,985.5961,4.176555,65.3621,15.8533,508.7755,0.516142,4.80682,669.3883,3.25384
55.12,0.01622096,985.5912,4.17656,65.3632,15.8536,508.696,0.516064,4.80744,669.3736,3.25328
55.13,0.01622854,985.5863,4.176565,65.3643,15.8539,508.6165,0.515986,4.80806,669.3589,3.25272
55.14,0.01623612,985.5814,4.17657,65.3654,15.8542,508.537,0.515908,4.80868,669.3442,3.25216
55.15,0.0162437,985.5765,4.176575,65.3665,15.8545,508.4575,0.51583,4.8093,669.3295,3.2516
55.16,0.01625128,985.5716,4.17658,65.3676,15.8548,508.378,0.515752,4.80992,669.3148,3.25104
55.17,0.01625886,985.5667,4.176585,65.3687,15.8551,508.2985,0.515674,4.81054,669.3001,3.25048
55.18,0.01626644,985.5618,4.17659,65.3698,15.8554,508.219,0.515596,4.81116,669.2854,3.24992
55.19,0.01627402,985.5569,4.176595,65.3709,15.8557,508.1395,0.515518,4.81178,669.2707,3.24936
55.2,0.0162816,985.552,4.1766,65.372,15.856,508.06,0.51544,4.8124,669.256,3.2488
55.21,0.01628918,985.5471,4.176605,65.3731,15.8563,507.9805,0.515362,4.81302,669.2413,3.24824
55.22,0.01629676,985.5422,4.17661,65.3742,15.8566,507.901,0.515284,4.81364,669.2266,3.24768
55.23,0.01630434,985.5373,4.176615,65.3753,15.8569,507.8215,0.515206,4.81426,669.2119,3.24712
55.24,0.01631192,985.5324,4.17662,65.3764,15.8572,507.742,0.515128,4.81488,669.1972,3.24656
55.25,0.0163195,985.5275,4.176625,65.3775,15.8575,507.6625,0.51505,4.8155,669.1825,3.246
55.26,0.01632708,985.5226,4.17663,65.3786,15.8578,507.583,0.514972,4.81612,669.1678,3.24544
55.27,0.01633466,985.5177,4.176635,65.3797,15.8581,507.5035,0.514894,4.81674,669.1531,3.24488
55.28,0.01634224,985.5128,4.17664,65.3808,15.8584,507.424,0.514816,4.81736,669.1384,3.24432
55.29,0.01634982,985.5079,4.176645,65.3819,15.8587,507.3445,0.514738,4.81798,669.1237,3.24376
55.3,0.0163574,985.503,4.17665,65.383,15.859,507.265,0.51466,4.8186,669.109,3.2432
55.31,0.01636498,985.4981,4.176655,65.3841,15.8593,507.1855,0.514582,4.81922,669.0943,3.24264
55.32,0.01637256,985.4932,4.17666,65.3852,15.8596,507.106,0.514504,4.81984,669.0796,3.24208
55.33,0.01638014,985.4883,4.176665,65.3863,15.8599,507.0265,0.514426,4.82046,669.0649,3.24152
55.34,0.01638772,985.4834,4.17667,65.3874,15.8602,506.947,0.514348,4.82108,669.0502,3.24096
55.35,0.0163953,985.4785,4.176675,65.3885,15.8605,506.8675,0.51427,4.8217,669.0355,3.2404
55.36,0.01640288,985.4736,4.17668,65.3896,15.8608,506.788,0.514192,4.82232,669.0208,3.23984
55.37,0.01641046,985.4687,4.176685,65.3907,15.8611,506.7085,0.514114,4.82294,669.0061,3.23928
55.38,0.01641804,985.4638,4.17669,65.3918,15.8614,506.629,0.514036,4.82356,668.9914,3.23872
55.39,0.01642562,985.4589,4.176695,65.3929,15.8617,506.5495,0.513958,4.82418,668.9767,3.23816
55.4,0.0164332,985.454,4.1767,65.394,15.862,506.47,0.51388,4.8248,668.962,3.2376
55.41,0.01644078,985.4491,4.176705,65.3951,15.8623,506.3905,0.513802,4.82542,668.9473,3.23704
55.42,0.01644836,985.4442,4.17671,65.3962,15.8626,506.311,0.513724,4.82604,668.9326,3.23648
55.43,0.01645594,985.4393,4.176715,65.3973,15.8629,506.2315,0.513646,4.82666,668.9179,3.23592
55.44,0.01646352,985.4344,4.17672,65.3984,15.8632,506.152,0.513568,4.82728,668.9032,3.23536
55.45,0.0164711,985.4295,4.176725,65.3995,15.8635,506.0725,0.51349,4.8279,668.8885,3.2348
55.46,0.01647868,985.4246,4.17673,65.4006,15.8638,505.993,0.513412,4.82852,668.8738,3.23424
55.47,0.01648626,985.4197,4.176735,65.4017,15.8641,505.9135,0.513334,4.82914,668.8591,3.23368
55.48,0.01649384,985.4148,4.17674,65.4028,15.8644,505.834,0.513256,4.82976,668.8444,3.23312
55.49,0.01650142,985.4099,4.176745,65.4039,15.8647,505.7545,0.513178,4.83038,668.8297,3.23256
55.5,0.016509,985.405,4.17675,65.405,15.865,505.675,0.5131,4.831,668.815,3.232
55.51,0.01651658,985.4001,4.176755,65.4061,15.8653,505.5955,0.513022,4.83162,668.8003,3.23144
55.52,0.01652416,985.3952,4.17676,65.4072,15.8656,505.516,0.512944,4.83224,668.7856,3.23088
55.53,0.01653174,985.3903,4.176765,65.4083,15.8659,505.4365,0.512866,4.83286,668.7709,3.23032
55.54,0.01653932,985.3854,4.17677,65.4094,15.8662,505.357,0.512788,4.83348,668.7562,3.22976
55.55,0.0165469,985.3805,4.176775,65.4105,15.8665,505.2775,0.51271,4.8341,668.7415,3.2292
55.56,0.01655448,985.3756,4.17678,65.4116,15.8668,505.198,0.512632,4.83472,668.7268,3.22864
55.57,0.01656206,985.3707,4.176785,65.4127,15.8671,505.1185,0.512554,4.83534,668.7121,3.22808
55.58,0.01656964,985.3658,4.17679,65.4138,15.8674,505.039,0.512476,4.83596,668.6974,3.22752
55.59,0.01657722,985.3609,4.176795,65.4149,15.8677,504.9595,0.512398,4.83658,668.6827,3.22696
55.6,0.0165848,985.356,4.1768,65.416,15.868,504.88,0.51232,4.8372,668.668,3.2264
55.61,0.01659238,985.3511,4.176805,65.4171,15.8683,504.8005,0.512242,4.83782,668.6533,3.22584
55.62,0.01659996,985.3462,4.17681,65.4182,15.8686,504.721,0.512164,4.83844,668.6386,3.22528
55.63,0.01660754,985.3413,4.176815,65.4193,15.8689,504.6415,0.512086,4.83906,668.6239,3.22472
55.64,0.01661512,985.3364,4.17682,65.4204,15.8692,504.562,0.512008,4.83968,668.6092,3.22416
55.65,0.0166227,985.3315,4.176825,65.4215,15.8695,504.4825,0.51193,4.8403,668.5945,3.2236
55.66,0.01663028,985.3266,4.17683,65.4226,15.8698,504.403,0.511852,4.84092,668.5798,3.22304
55.67,0.01663786,985.3217,4.176835,65.4237,15.8701,504.3235,0.511774,4.84154,668.5651,3.22248
55.68,0.01664544,985.3168,4.17684,65.4248,15.8704,504.244,0.511696,4.84216,668.5504,3.22192
55.69,0.01665302,985.3119,4.176845,65.4259,15.8707,504.1645,0.511618,4.84278,668.5357,3.22136
55.7,0.0166606,985.307,4.17685,65.427,15.871,504.085,0.51154,4.8434,668.521,3.2208
55.71,0.01666818,985.3021,4.176855,65.4281,15.8713,504.0055,0.511462,4.84402,668.5063,3.22024
55.72,0.01667576,985.2972,4.17686,65.4292,15.8716,503.926,0.511384,4.84464,668.4916,3.21968
55.73,0.01668334,985.2923,4.176865,65.4303,15.8719,503.8465,0.511306,4.84526,668.4769,3.21912
55.74,0.01669092,985.2874,4.17687,65.4314,15.8722,503.767,0.511228,4.84588,668.4622,3.21856
55.75,0.0166985,985.2825,4.176875,65.4325,15.8725,503.6875,0.51115,4.8465,668.4475,3.218
55.76,0.01670608,985.2776,4.17688,65.4336,15.8728,503.608,0.511072,4.84712,668.4328,3.21744
55.77,0.01671366,985.2727,4.176885,65.4347,15.8731,503.5285,0.510994,4.84774,668.4181,3.21688
55.78,0.01672124,985.2678,4.17689,65.4358,15.8734,503.449,0.510916,4.84836,668.4034,3.21632
55.79,0.01672882,985.2629,4.176895,65.4369,15.8737,503.3695,0.510838,4.84898,668.3887,3.21576
55.8,0.0167364,985.258,4.1769,65.438,15.874,503.29,0.51076,4.8496,668.374,3.2152
55.81,0.01674398,985.2531,4.176905,65.4391,15.8743,503.2105,0.510682,4.85022,668.3593,3.21464
55.82,0.01675156,985.2482,4.17691,65.4402,15.8746,503.131,0.510604,4.85084,668.3446,3.21408
55.83,0.01675914,985.2433,4.176915,65.4413,15.8749,503.0515,0.510526,4.85146,668.3299,3.21352
55.84,0.01676672,985.2384,4.17692,65.4424,15.8752,502.972,0.510448,4.85208,668.3152,3.21296
55.85,0.0167743,985.2335,4.176925,65.4435,15.8755,502.8925,0.51037,4.8527,668.3005,3.2124
55.86,0.01678188,985.2286,4.17693,65.4446,15.8758,502.813,0.510292,4.85332,668.2858,3.21184
55.87,0.01678946,985.2237,4.176935,65.4457,15.8761,502.7335,0.510214,4.85394,668.2711,3.21128
55.88,0.01679704,985.2188,4.17694,65.4468,15.8764,502.654,0.510136,4.85456,668.2564,3.21072
55.89,0.01680462,985.2139,4.176945,65.4479,15.8767,502.5745,0.510058,4.85518,668.2417,3.21016
55.9,0.0168122,985.209,4.17695,65.449,15.877,502.495,0.50998,4.8558,668.227,3.2096
55.91,0.01681978,985.2041,4.176955,65.4501,15.8773,502.4155,0.509902,4.85642,668.2123,3.20904
55.92,0.01682736,985.1992,4.17696,65.4512,15.8776,502.336,0.509824,4.85704,668.1976,3.20848
55.93,0.01683494,985.1943,4.176965,65.4523,15.8779,502.2565,0.509746,4.85766,668.1829,3.20792
55.94,0.01684252,985.1894,4.17697,65.4534,15.8782,502.177,0.509668,4.85828,668.1682,3.20736
55.95,0.0168501,985.1845,4.176975,65.4545,15.8785,502.0975,0.50959,4.8589,668.1535,3.2068
55.96,0.01685768,985.1796,4.17698,65.4556,15.8788,502.018,0.509512,4.85952,668.1388,3.20624
55.97,0.01686526,985.1747,4.176985,65.4567,15.8791,501.9385,0.509434,4.86014,668.1241,3.20568
55.98,0.01687284,985.1698,4.17699,65.4578,15.8794,501.859,0.509356,4.86076,668.1094,3.20512
55.99,0.01688042,985.1649,4.176995,65.4589,15.8797,501.7795,0.509278,4.86138,668.0947,3.20456
56,0.016888,985.16,4.177,65.46,15.88,501.7,0.5092,4.862,668.08,3.204
56.01,0.01689558,985.1551,4.177005,65.4611,15.8803,501.6205,0.509122,4.86262,668.0653,3.20344
56.02,0.01690316,985.1502,4.17701,65.4622,15.8806,501.541,0.509044,4.86324,668.0506,3.20288
56.03,0.01691074,985.1453,4.177015,65.4633,15.8809,501.4615,0.508966,4.86386,668.0359,3.20232
56.04,0.01691832,985.1404,4.17702,65.4644,15.8812,501.382,0.508888,4.86448,668.0212,3.20176
56.05,0.0169259,985.1355,4.177025,65.4655,15.8815,501.3025,0.50881,4.8651,668.0065,3.2012
56.06,0.01693348,985.1306,4.17703,65.4666,15.8818,501.223,0.508732,4.86572,667.9918,3.20064
56.07,0.01694106,985.1257,4.177035,65.4677,15.8821,501.1435,0.508654,4.86634,667.9771,3.20008
56.08,0.01694864,985.1208,4.17704,65.4688,15.8824,501.064,0.508576,4.86696,667.9624,3.19952
56.09,0.01695622,985.1159,4.177045,65.4699,15.8827,500.9845,0.508498,4.86758,667.9477,3.19896
56.1,0.0169638,985.111,4.17705,65.471,15.883,500.905,0.50842,4.8682,667.933,3.1984
56.11,0.01697138,985.1061,4.177055,65.4721,15.8833,500.8255,0.508342,4.86882,667.9183,3.19784
56.12,0.01697896,985.1012,4.17706,65.4732,15.8836,500.746,0.508264,4.86944,667.9036,3.19728
56.13,0.01698654,985.0963,4.177065,65.4743,15.8839,500.6665,0.508186,4.87006,667.8889,3.19672
56.14,0.01699412,985.0914,4.17707,65.4754,15.8842,500.587,0.508108,4.87068,667.8742,3.19616
56.15,0.0170017,985.0865,4.177075,65.4765,15.8845,500.5075,0.50803,4.8713,667.8595,3.1956
56.16,0.01700928,985.0816,4.17708,65.4776,15.8848,500.428,0.507952,4.87192,667.8448,3.19504
56.17,0.01701686,985.0767,4.177085,65.4787,15.8851,500.3485,0.507874,4.87254,667.8301,3.19448
56.18,0.01702444,985.0718,4.17709,65.4798,15.8854,500.269,0.507796,4.87316,667.8154,3.19392
56.19,0.01703202,985.0669,4.177095,65.4809,15.8857,500.1895,0.507718,4.87378,667.8007,3.19336
56.2,0.0170396,985.062,4.1771,65.482,15.886,500.11,0.50764,4.8744,667.786,3.1928
56.21,0.01704718,985.0571,4.177105,65.4831,15.8863,500.0305,0.507562,4.87502,667.7713,3.19224
56.22,0.01705476,985.0522,4.17711,65.4842,15.8866,499.951,0.507484,4.87564,667.7566,3.19168
56.23,0.01706234,985.0473,4.177115,65.4853,15.8869,499.8715,0.507406,4.87626,667.7419,3.19112
56.24,0.01706992,985.0424,4.17712,65.4864,15.8872,499.792,0.507328,4.87688,667.7272,3.19056
56.25,0.0170775,985.0375,4.177125,65.4875,15.8875,499.7125,0.50725,4.8775,667.7125,3.19
56.26,0.01708508,985.0326,4.17713,65.4886,15.8878,499.633,0.507172,4.87812,667.6978,3.18944
56.27,0.01709266,985.0277,4.177135,65.4897,15.8881,499.5535,0.507094,4.87874,667.6831,3.18888
56.28,0.01710024,985.0228,4.17714,65.4908,15.8884,499.474,0.507016,4.87936,667.6684,3.18832
56.29,0.01710782,985.0179,4.177145,65.4919,15.8887,499.3945,0.506938,4.87998,667.6537,3.18776
56.3,0.0171154,985.013,4.17715,65.493,15.889,499.315,0.50686,4.8806,667.639,3.1872
56.31,0.01712298,985.0081,4.177155,65.4941,15.8893,499.2355,0.506782,4.88122,667.6243,3.18664
56.32,0.01713056,985.0032,4.17716,65.4952,15.8896,499.156,0.506704,4.88184,667.6096,3.18608
56.33,0.01713814,984.9983,4.177165,65.4963,15.8899,499.0765,0.506626,4.88246,667.5949,3.18552
56.34,0.01714572,984.9934,4.17717,65.4974,15.8902,498.997,0.506548,4.88308,667.5802,3.18496
56.35,0.0171533,984.9885,4.177175,65.4985,15.8905,498.9175,0.50647,4.8837,667.5655,3.1844
56.36,0.01716088,984.9836,4.17718,65.4996,15.8908,498.838,0.506392,4.88432,667.5508,3.18384
56.37,0.01716846,984.9787,4.177185,65.5007,15.8911,498.7585,0.506314,4.88494,667.5361,3.18328
56.38,0.01717604,984.9738,4.17719,65.5018,15.8914,498.679,0.506236,4.88556,667.5214,3.18272
56.39,0.01718362,984.9689,4.177195,65.5029,15.8917,498.5995,0.506158,4.88618,667.5067,3.18216
56.4,0.0171912,984.964,4.1772,65.504,15.892,498.52,0.50608,4.8868,667.492,3.1816
56.41,0.01719878,984.9591,4.177205,65.5051,15.8923,498.4405,0.506002,4.88742,667.4773,3.18104
56.42,0.01720636,984.9542,4.17721,65.5062,15.8926,498.361,0.505924,4.88804,667.4626,3.18048
56.43,0.01721394,984.9493,4.177215,65.5073,15.8929,498.2815,0.505846,4.88866,667.4479,3.17992
56.44,0.01722152,984.9444,4.17722,65.5084,15.8932,498.202,0.505768,4.88928,667.4332,3.17936
56.45,0.0172291,984.9395,4.177225,65.5095,15.8935,498.1225,0.50569,4.8899,667.4185,3.1788
56.46,0.01723668,984.9346,4.17723,65.5106,15.8938,498.043,0.505612,4.89052,667.4038,3.17824
56.47,0.01724426,984.9297,4.177235,65.5117,15.8941,497.9635,0.505534,4.89114,667.3891,3.17768
56.48,0.01725184,984.9248,4.17724,65.5128,15.8944,497.884,0.505456,4.89176,667.3744,3.17712
56.49,0.01725942,984.9199,4.177245,65.5139,15.8947,497.8045,0.505378,4.89238,667.3597,3.17656
56.5,0.017267,984.915,4.17725,65.515,15.895,497.725,0.5053,4.893,667.345,3.176
56.51,0.01727458,984.9101,4.177255,65.5161,15.8953,497.6455,0.505222,4.89362,667.3303,3.17544
56.52,0.01728216,984.9052,4.17726,65.5172,15.8956,497.566,0.505144,4.89424,667.3156,3.17488
56.53,0.01728974,984.9003,4.177265,65.5183,15.8959,497.4865,0.505066,4.89486,667.3009,3.17432
56.54,0.01729732,984.8954,4.17727,65.5194,15.8962,497.407,0.504988,4.89548,667.2862,3.17376
56.55,0.0173049,984.8905,4.177275,65.5205,15.8965,497.3275,0.50491,4.8961,667.2715,3.1732
56.56,0.01731248,984.8856,4.17728,65.5216,15.8968,497.248,0.504832,4.89672,667.2568,3.17264
56.57,0.01732006,984.8807,4.177285,65.5227,15.8971,497.1685,0.504754,4.89734,667.2421,3.17208
56.58,0.01732764,984.8758,4.17729,65.5238,15.8974,497.089,0.504676,4.89796,667.2274,3.17152
56.59,0.01733522,984.8709,4.177295,65.5249,15.8977,497.0095,0.504598,4.89858,667.2127,3.17096
56.6,0.0173428,984.866,4.1773,65.526,15.898,496.93,0.50452,4.8992,667.198,3.1704
56.61,0.01735038,984.8611,4.177305,65.5271,15.8983,496.8505,0.504442,4.89982,667.1833,3.16984
56.62,0.01735796,984.8562,4.17731,65.5282,15.8986,496.771,0.504364,4.90044,667.1686,3.16928
56.63,0.01736554,984.8513,4.177315,65.5293,15.8989,496.6915,0.504286,4.90106,667.1539,3.16872
56.64,0.01737312,984.8464,4.17732,65.5304,15.8992,496.612,0.504208,4.90168,667.1392,3.16816
56.65,0.0173807,984.8415,4.177325,65.5315,15.8995,496.5325,0.50413,4.9023,667.1245,3.1676
56.66,0.01738828,984.8366,4.17733,65.5326,15.8998,496.453,0.504052,4.90292,667.1098,3.16704
56.67,0.01739586,984.8317,4.177335,65.5337,15.9001,496.3735,0.503974,4.90354,667.0951,3.16648
56.68,0.01740344,984.8268,4.17734,65.5348,15.9004,496.294,0.503896,4.90416,667.0804,3.16592
56.69,0.01741102,984.8219,4.177345,65.5359,15.9007,496.2145,0.503818,4.90478,667.0657,3.16536
56.7,0.0174186,984.817,4.17735,65.537,15.901,496.135,0.50374,4.9054,667.051,3.1648
56.71,0.01742618,984.8121,4.177355,65.5381,15.9013,496.0555,0.503662,4.90602,667.0363,3.16424
56.72,0.01743376,984.8072,4.17736,65.5392,15.9016,495.976,0.503584,4.90664,667.0216,3.16368
56.73,0.01744134,984.8023,4.177365,65.5403,15.9019,495.8965,0.503506,4.90726,667.0069,3.16312
56.74,0.01744892,984.7974,4.17737,65.5414,15.9022,495.817,0.503428,4.90788,666.9922,3.16256
56.75,0.0174565,984.7925,4.177375,65.5425,15.9025,495.7375,0.50335,4.9085,666.9775,3.162
56.76,0.01746408,984.7876,4.17738,65.5436,15.9028,495.658,0.503272,4.90912,666.9628,3.16144
56.77,0.01747166,984.7827,4.177385,65.5447,15.9031,495.5785,0.503194,4.90974,666.9481,3.16088
56.78,0.01747924,984.7778,4.17739,65.5458,15.9034,495.499,0.503116,4.91036,666.9334,3.16032
56.79,0.01748682,984.7729,4.177395,65.5469,15.9037,495.4195,0.503038,4.91098,666.9187,3.15976
56.8,0.0174944,984.768,4.1774,65.548,15.904,495.34,0.50296,4.9116,666.904,3.1592
56.81,0.01750198,984.7631,4.177405,65.5491,15.9043,495.2605,0.502882,4.91222,666.8893,3.15864
56.82,0.01750956,984.7582,4.17741,65.5502,15.9046,495.181,0.502804,4.91284,666.8746,3.15808
56.83,0.01751714,984.7533,4.177415,65.5513,15.9049,495.1015,0.502726,4.91346,666.8599,3.15752
56.84,0.01752472,984.7484,4.17742,65.5524,15.9052,495.022,0.502648,4.91408,666.8452,3.15696
56.85,0.0175323,984.7435,4.177425,65.5535,15.9055,494.9425,0.50257,4.9147,666.8305,3.1564
56.86,0.01753988,984.7386,4.17743,65.5546,15.9058,494.863,0.502492,4.91532,666.8158,3.15584
56.87,0.01754746,984.7337,4.177435,65.5557,15.9061,494.7835,0.502414,4.91594,666.8011,3.15528
56.88,0.01755504,984.7288,4.17744,65.5568,15.9064,494.704,0.502336,4.91656,666.7864,3.15472
56.89,0.01756262,984.7239,4.177445,65.5579,15.9067,494.6245,0.502258,4.91718,666.7717,3.15416
56.9,0.0175702,984.719,4.17745,65.559,15.907,494.545,0.50218,4.9178,666.757,3.1536
56.91,0.01757778,984.7141,4.177455,65.5601,15.9073,494.4655,0.502102,4.91842,666.7423,3.15304
56.92,0.01758536,984.7092,4.17746,65.5612,15.9076,494.386,0.502024,4.91904,666.7276,3.15248
56.93,0.01759294,984.7043,4.177465,65.5623,15.9079,494.3065,0.501946,4.91966,666.7129,3.15192
56.94,0.01760052,984.6994,4.17747,65.5634,15.9082,494.227,0.501868,4.92028,666.6982,3.15136
56.95,0.0176081,984.6945,4.177475,65.5645,15.9085,494.1475,0.50179,4.9209,666.6835,3.1508
56.96,0.01761568,984.6896,4.17748,65.5656,15.9088,494.068,0.501712,4.92152,666.6688,3.15024
56.97,0.01762326,984.6847,4.177485,65.5667,15.9091,493.9885,0.501634,4.92214,666.6541,3.14968
56.98,0.01763084,984.6798,4.17749,65.5678,15.9094,493.909,0.501556,4.92276,666.6394,3.14912
56.99,0.01763842,984.6749,4.177495,65.5689,15.9097,493.8295,0.501478,4.92338,666.6247,3.14856
57,0.017646,984.67,4.1775,65.57,15.91,493.75,0.5014,4.924,666.61,3.148
57.01,0.01765358,984.6651,4.177505,65.5711,15.9103,493.6705,0.501322,4.92462,666.5953,3.14744
57.02,0.01766116,984.6602,4.17751,65.5722,15.9106,493.591,0.501244,4.92524,666.5806,3.14688
57.03,0.01766874,984.6553,4.177515,65.5733,15.9109,493.5115,0.501166,4.92586,666.5659,3.14632
57.04,0.01767632,984.6504,4.17752,65.5744,15.9112,493.432,0.501088,4.92648,666.5512,3.14576
57.05,0.0176839,984.6455,4.177525,65.5755,15.9115,493.3525,0.50101,4.9271,666.5365,3.1452
57.06,0.01769148,984.6406,4.17753,65.5766,15.9118,493.273,0.500932,4.92772,666.5218,3.14464
57.07,0.01769906,984.6357,4.177535,65.5777,15.9121,493.1935,0.500854,4.92834,666.5071,3.14408
57.08,0.01770664,984.6308,4.17754,65.5788,15.9124,493.114,0.500776,4.92896,666.4924,3.14352
57.09,0.01771422,984.6259,4.177545,65.5799,15.9127,493.0345,0.500698,4.92958,666.4777,3.14296
57.1,0.0177218,984.621,4.17755,65.581,15.913,492.955,0.50062,4.9302,666.463,3.1424
57.11,0.01772938,984.6161,4.177555,65.5821,15.9133,492.8755,0.500542,4.93082,666.4483,3.14184
57.12,0.01773696,984.6112,4.17756,65.5832,15.9136,492.796,0.500464,4.93144,666.4336,3.14128
57.13,0.01774454,984.6063,4.177565,65.5843,15.9139,492.7165,0.500386,4.93206,666.4189,3.14072
57.14,0.01775212,984.6014,4.17757,65.5854,15.9142,492.637,0.500308,4.93268,666.4042,3.14016
57.15,0.0177597,984.5965,4.177575,65.5865,15.9145,492.5575,0.50023,4.9333,666.3895,3.1396
57.16,0.01776728,984.5916,4.17758,65.5876,15.9148,492.478,0.500152,4.93392,666.3748,3.13904
57.17,0.01777486,984.5867,4.177585,65.5887,15.9151,492.3985,0.500074,4.93454,666.3601,3.13848
57.18,0.01778244,984.5818,4.17759,65.5898,15.9154,492.319,0.499996,4.93516,666.3454,3.13792
57.19,0.01779002,984.5769,4.177595,65.5909,15.9157,492.2395,0.499918,4.93578,666.3307,3.13736
57.2,0.0177976,984.572,4.1776,65.592,15.916,492.16,0.49984,4.9364,666.316,3.1368
57.21,0.01780518,984.5671,4.177605,65.5931,15.9163,492.0805,0.499762,4.93702,666.3013,3.13624
57.22,0.01781276,984.5622,4.17761,65.5942,15.9166,492.001,0.499684,4.93764,666.2866,3.13568
57.23,0.01782034,984.5573,4.177615,65.5953,15.9169,491.9215,0.499606,4.93826,666.2719,3.13512
57.24,0.01782792,984.5524,4.17762,65.5964,15.9172,491.842,0.499528,4.93888,666.2572,3.13456
57.25,0.0178355,984.5475,4.177625,65.5975,15.9175,491.7625,0.49945,4.9395,666.2425,3.134
57.26,0.01784308,984.5426,4.17763,65.5986,15.9178,491.683,0.499372,4.94012,666.2278,3.13344
57.27,0.01785066,984.5377,4.177635,65.5997,15.9181,491.6035,0.499294,4.94074,666.2131,3.13288
57.28,0.01785824,984.5328,4.17764,65.6008,15.9184,491.524,0.499216,4.94136,666.1984,3.13232
57.29,0.01786582,984.5279,4.177645,65.6019,15.9187,491.4445,0.499138,4.94198,666.1837,3.13176
57.3,0.0178734,984.523,4.17765,65.603,15.919,491.365,0.49906,4.9426,666.169,3.1312
57.31,0.01788098,984.5181,4.177655,65.6041,15.9193,491.2855,0.498982,4.94322,666.1543,3.13064
57.32,0.01788856,984.5132,4.17766,65.6052,15.9196,491.206,0.498904,4.94384,666.1396,3.13008
57.33,0.01789614,984.5083,4.177665,65.6063,15.9199,491.1265,0.498826,4.94446,666.1249,3.12952
57.34,0.01790372,984.5034,4.17767,65.6074,15.9202,491.047,0.498748,4.94508,666.1102,3.12896
57.35,0.0179113,984.4985,4.177675,65.6085,15.9205,490.9675,0.49867,4.9457,666.0955,3.1284
57.36,0.01791888,984.4936,4.17768,65.6096,15.9208,490.888,0.498592,4.94632,666.0808,3.12784
57.37,0.01792646,984.4887,4.177685,65.6107,15.9211,490.8085,0.498514,4.94694,666.0661,3.12728
57.38,0.01793404,984.4838,4.17769,65.6118,15.9214,490.729,0.498436,4.94756,666.0514,3.12672
57.39,0.01794162,984.4789,4.177695,65.6129,15.9217,490.6495,0.498358,4.94818,666.0367,3.12616
57.4,0.0179492,984.474,4.1777,65.614,15.922,490.57,0.49828,4.9488,666.022,3.1256
57.41,0.01795678,984.4691,4.177705,65.6151,15.9223,490.4905,0.498202,4.94942,666.0073,3.12504
57.42,0.01796436,984.4642,4.17771,65.6162,15.9226,490.411,0.498124,4.95004,665.9926,3.12448
57.43,0.01797194,984.4593,4.177715,65.6173,15.9229,490.3315,0.498046,4.95066,665.9779,3.12392
57.44,0.01797952,984.4544,4.17772,65.6184,15.9232,490.252,0.497968,4.95128,665.9632,3.12336
57.45,0.0179871,984.4495,4.177725,65.6195,15.9235,490.1725,0.49789,4.9519,665.9485,3.1228
57.46,0.01799468,984.4446,4.17773,65.6206,15.9238,490.093,0.497812,4.95252,665.9338,3.12224
57.47,0.01800226,984.4397,4.177735,65.6217,15.9241,490.0135,0.497734,4.95314,665.9191,3.12168
57.48,0.01800984,984.4348,4.17774,65.6228,15.9244,489.934,0.497656,4.95376,665.9044,3.12112
57.49,0.01801742,984.4299,4.177745,65.6239,15.9247,489.8545,0.497578,4.95438,665.8897,3.12056
57.5,0.018025,984.425,4.17775,65.625,15.925,489.775,0.4975,4.955,665.875,3.12
57.51,0.01803258,984.4201,4.177755,65.6261,15.9253,489.6955,0.497422,4.95562,665.8603,3.11944
57.52,0.01804016,984.4152,4.17776,65.6272,15.9256,489.616,0.497344,4.95624,665.8456,3.11888
57.53,0.01804774,984.4103,4.177765,65.6283,15.9259,489.5365,0.497266,4.95686,665.8309,3.11832
57.54,0.01805532,984.4054,4.17777,65.6294,15.9262,489.457,0.497188,4.95748,665.8162,3.11776
57.55,0.0180629,984.4005,4.177775,65.6305,15.9265,489.3775,0.49711,4.9581,665.8015,3.1172
57.56,0.01807048,984.3956,4.17778,65.6316,15.9268,489.298,0.497032,4.95872,665.7868,3.11664
57.57,0.01807806,984.3907,4.177785,65.6327,15.9271,489.2185,0.496954,4.95934,665.7721,3.11608
57.58,0.01808564,984.3858,4.17779,65.6338,15.9274,489.139,0.496876,4.95996,665.7574,3.11552
57.59,0.01809322,984.3809,4.177795,65.6349,15.9277,489.0595,0.496798,4.96058,665.7427,3.11496
57.6,0.0181008,984.376,4.1778,65.636,15.928,488.98,0.49672,4.9612,665.728,3.1144
57.61,0.01810838,984.3711,4.177805,65.6371,15.9283,488.9005,0.496642,4.96182,665.7133,3.11384
57.62,0.01811596,984.3662,4.17781,65.6382,15.9286,488.821,0.496564,4.96244,665.6986,3.11328
57.63,0.01812354,984.3613,4.177815,65.6393,15.9289,488.7415,0.496486,4.96306,665.6839,3.11272
57.64,0.01813112,984.3564,4.17782,65.6404,15.9292,488.662,0.496408,4.96368,665.6692,3.11216
57.65,0.0181387,984.3515,4.177825,65.6415,15.9295,488.5825,0.49633,4.9643,665.6545,3.1116
57.66,0.01814628,984.3466,4.17783,65.6426,15.9298,488.503,0.496252,4.96492,665.6398,3.11104
57.67,0.01815386,984.3417,4.177835,65.6437,15.9301,488.4235,0.496174,4.96554,665.6251,3.11048
57.68,0.01816144,984.3368,4.17784,65.6448,15.9304,488.344,0.496096,4.96616,665.6104,3.10992
57.69,0.01816902,984.3319,4.177845,65.6459,15.9307,488.2645,0.496018,4.96678,665.5957,3.10936
57.7,0.0181766,984.327,4.17785,65.647,15.931,488.185,0.49594,4.9674,665.581,3.1088
57.71,0.01818418,984.3221,4.177855,65.6481,15.9313,488.1055,0.495862,4.96802,665.5663,3.10824
57.72,0.01819176,984.3172,4.17786,65.6492,15.9316,488.026,0.495784,4.96864,665.5516,3.10768
57.73,0.01819934,984.3123,4.177865,65.6503,15.9319,487.9465,0.495706,4.96926,665.5369,3.10712
57.74,0.01820692,984.3074,4.17787,65.6514,15.9322,487.867,0.495628,4.96988,665.5222,3.10656
57.75,0.0182145,984.3025,4.177875,65.6525,15.9325,487.7875,0.49555,4.9705,665.5075,3.106
57.76,0.01822208,984.2976,4.17788,65.6536,15.9328,487.708,0.495472,4.97112,665.4928,3.10544
57.77,0.01822966,984.2927,4.177885,65.6547,15.9331,487.6285,0.495394,4.97174,665.4781,3.10488
57.78,0.01823724,984.2878,4.17789,65.6558,15.9334,487.549,0.495316,4.97236,665.4634,3.10432
57.79,0.01824482,984.2829,4.177895,65.6569,15.9337,487.4695,0.495238,4.97298,665.4487,3.10376
57.8,0.0182524,984.278,4.1779,65.658,15.934,487.39,0.49516,4.9736,665.434,3.1032
57.81,0.01825998,984.2731,4.177905,65.6591,15.9343,487.3105,0.495082,4.97422,665.4193,3.10264
57.82,0.01826756,984.2682,4.17791,65.6602,15.9346,487.231,0.495004,4.97484,665.4046,3.10208
57.83,0.01827514,984.2633,4.177915,65.6613,15.9349,487.1515,0.494926,4.97546,665.3899,3.10152
57.84,0.01828272,984.2584,4.17792,65.6624,15.9352,487.072,0.494848,4.97608,665.3752,3.10096
57.85,0.0182903,984.2535,4.177925,65.6635,15.9355,486.9925,0.49477,4.9767,665.3605,3.1004
57.86,0.01829788,984.2486,4.17793,65.6646,15.9358,486.913,0.494692,4.97732,665.3458,3.09984
57.87,0.01830546,984.2437,4.177935,65.6657,15.9361,486.8335,0.494614,4.97794,665.3311,3.09928
57.88,0.01831304,984.2388,4.17794,65.6668,15.9364,486.754,0.494536,4.97856,665.3164,3.09872
57.89,0.01832062,984.2339,4.177945,65.6679,15.9367,486.6745,0.494458,4.97918,665.3017,3.09816
57.9,0.0183282,984.229,4.17795,65.669,15.937,486.595,0.49438,4.9798,665.287,3.0976
57.91,0.01833578,984.2241,4.177955,65.6701,15.9373,486.5155,0.494302,4.98042,665.2723,3.09704
57.92,0.01834336,984.2192,4.17796,65.6712,15.9376,486.436,0.494224,4.98104,665.2576,3.09648
57.93,0.01835094,984.2143,4.177965,65.6723,15.9379,486.3565,0.494146,4.98166,665.2429,3.09592
57.94,0.01835852,984.2094,4.17797,65.6734,15.9382,486.277,0.494068,4.98228,665.2282,3.09536
57.95,0.0183661,984.2045,4.177975,65.6745,15.9385,486.1975,0.49399,4.9829,665.2135,3.0948
57.96,0.01837368,984.1996,4.17798,65.6756,15.9388,486.118,0.493912,4.98352,665.1988,3.09424
57.97,0.01838126,984.1947,4.177985,65.6767,15.9391,486.0385,0.493834,4.98414,665.1841,3.09368
57.98,0.01838884,984.1898,4.17799,65.6778,15.9394,485.959,0.493756,4.98476,665.1694,3.09312
57.99,0.01839642,984.1849,4.177995,65.6789,15.9397,485.8795,0.493678,4.98538,665.1547,3.09256
58,0.018404,984.18,4.178,65.68,15.94,485.8,0.4936,4.986,665.14,3.092
58.01,0.01841158,984.1751,4.178005,65.6811,15.9403,485.7205,0.493522,4.98662,665.1253,3.09144
58.02,0.01841916,984.1702,4.17801,65.6822,15.9406,485.641,0.493444,4.98724,665.1106,3.09088
58.03,0.01842674,984.1653,4.178015,65.6833,15.9409,485.5615,0.493366,4.98786,665.0959,3.09032
58.04,0.01843432,984.1604,4.17802,65.6844,15.9412,485.482,0.493288,4.98848,665.0812,3.08976
58.05,0.0184419,984.1555,4.178025,65.6855,15.9415,485.4025,0.49321,4.9891,665.0665,3.0892
58.06,0.01844948,984.1506,4.17803,65.6866,15.9418,485.323,0.493132,4.98972,665.0518,3.08864
58.07,0.01845706,984.1457,4.178035,65.6877,15.9421,485.2435,0.493054,4.99034,665.0371,3.08808
58.08,0.01846464,984.1408,4.17804,65.6888,15.9424,485.164,0.492976,4.99096,665.0224,3.08752
58.09,0.01847222,984.1359,4.178045,65.6899,15.9427,485.0845,0.492898,4.99158,665.0077,3.08696
58.1,0.0184798,984.131,4.17805,65.691,15.943,485.005,0.49282,4.9922,664.993,3.0864
58.11,0.01848738,984.1261,4.178055,65.6921,15.9433,484.9255,0.492742,4.99282,664.9783,3.08584
58.12,0.01849496,984.1212,4.17806,65.6932,15.9436,484.846,0.492664,4.99344,664.9636,3.08528
58.13,0.01850254,984.1163,4.178065,65.6943,15.9439,484.7665,0.492586,4.99406,664.9489,3.08472
58.14,0.01851012,984.1114,4.17807,65.6954,15.9442,484.687,0.492508,4.99468,664.9342,3.08416
58.15,0.0185177,984.1065,4.178075,65.6965,15.9445,484.6075,0.49243,4.9953,664.9195,3.0836
58.16,0.01852528,984.1016,4.17808,65.6976,15.9448,484.528,0.492352,4.99592,664.9048,3.08304
58.17,0.01853286,984.0967,4.178085,65.6987,15.9451,484.4485,0.492274,4.99654,664.8901,3.08248
58.18,0.01854044,984.0918,4.17809,65.6998,15.9454,484.369,0.492196,4.99716,664.8754,3.08192
58.19,0.01854802,984.0869,4.178095,65.7009,15.9457,484.2895,0.492118,4.99778,664.8607,3.08136
58.2,0.0185556,984.082,4.1781,65.702,15.946,484.21,0.49204,4.9984,664.846,3.0808
58.21,0.01856318,984.0771,4.178105,65.7031,15.9463,484.1305,0.491962,4.99902,664.8313,3.08024
58.22,0.01857076,984.0722,4.17811,65.7042,15.9466,484.051,0.491884,4.99964,664.8166,3.07968
58.23,0.01857834,984.0673,4.178115,65.7053,15.9469,483.9715,0.491806,5.00026,664.8019,3.07912
58.24,0.01858592,984.0624,4.17812,65.7064,15.9472,483.892,0.491728,5.00088,664.7872,3.07856
58.25,0.0185935,984.0575,4.178125,65.7075,15.9475,483.8125,0.49165,5.0015,664.7725,3.078
58.26,0.01860108,984.0526,4.17813,65.7086,15.9478,483.733,0.491572,5.00212,664.7578,3.07744
58.27,0.01860866,984.0477,4.178135,65.7097,15.9481,483.6535,0.491494,5.00274,664.7431,3.07688
58.28,0.01861624,984.0428,4.17814,65.7108,15.9484,483.574,0.491416,5.00336,664.7284,3.07632
58.29,0.01862382,984.0379,4.178145,65.7119,15.9487,483.4945,0.491338,5.00398,664.7137,3.07576
58.3,0.0186314,984.033,4.17815,65.713,15.949,483.415,0.49126,5.0046,664.699,3.0752
58.31,0.01863898,984.0281,4.178155,65.7141,15.9493,483.3355,0.491182,5.00522,664.6843,3.07464
58.32,0.01864656,984.0232,4.17816,65.7152,15.9496,483.256,0.491104,5.00584,664.6696,3.07408
58.33,0.01865414,984.0183,4.178165,65.7163,15.9499,483.1765,0.491026,5.00646,664.6549,3.07352
58.34,0.01866172,984.0134,4.17817,65.7174,15.9502,483.097,0.490948,5.00708,664.6402,3.07296
58.35,0.0186693,984.0085,4.178175,65.7185,15.9505,483.0175,0.49087,5.0077,664.6255,3.0724
58.36,0.01867688,984.0036,4.17818,65.7196,15.9508,482.938,0.490792,5.00832,664.6108,3.07184
58.37,0.01868446,983.9987,4.178185,65.7207,15.9511,482.8585,0.490714,5.00894,664.5961,3.07128
58.38,0.01869204,983.9938,4.17819,65.7218,15.9514,482.779,0.490636,5.00956,664.5814,3.07072
58.39,0.01869962,983.9889,4.178195,65.7229,15.9517,482.6995,0.490558,5.01018,664.5667,3.07016
58.4,0.0187072,983.984,4.1782,65.724,15.952,482.62,0.49048,5.0108,664.552,3.0696
58.41,0.01871478,983.9791,4.178205,65.7251,15.9523,482.5405,0.490402,5.01142,664.5373,3.06904
58.42,0.01872236,983.9742,4.17821,65.7262,15.9526,482.461,0.490324,5.01204,664.5226,3.06848
58.43,0.01872994,983.9693,4.178215,65.7273,15.9529,482.3815,0.490246,5.01266,664.5079,3.06792
58.44,0.01873752,983.9644,4.17822,65.7284,15.9532,482.302,0.490168,5.01328,664.4932,3.06736
58.45,0.0187451,983.9595,4.178225,65.7295,15.9535,482.2225,0.49009,5.0139,664.4785,3.0668
58.46,0.01875268,983.9546,4.17823,65.7306,15.9538,482.143,0.490012,5.01452,664.4638,3.06624
58.47,0.01876026,983.9497,4.178235,65.7317,15.9541,482.0635,0.489934,5.01514,664.4491,3.06568
58.48,0.01876784,983.9448,4.17824,65.7328,15.9544,481.984,0.489856,5.01576,664.4344,3.06512
58.49,0.01877542,983.9399,4.178245,65.7339,15.9547,481.9045,0.489778,5.01638,664.4197,3.06456
58.5,0.018783,983.935,4.17825,65.735,15.955,481.825,0.4897,5.017,664.405,3.064
58.51,0.01879058,983.9301,4.178255,65.7361,15.9553,481.7455,0.489622,5.01762,664.3903,3.06344
58.52,0.01879816,983.9252,4.17826,65.7372,15.9556,481.666,0.489544,5.01824,664.3756,3.06288
58.53,0.01880574,983.9203,4.178265,65.7383,15.9559,481.5865,0.489466,5.01886,664.3609,3.06232
58.54,0.01881332,983.9154,4.17827,65.7394,15.9562,481.507,0.489388,5.01948,664.3462,3.06176
58.55,0.0188209,983.9105,4.178275,65.7405,15.9565,481.4275,0.48931,5.0201,664.3315,3.0612
58.56,0.01882848,983.9056,4.17828,65.7416,15.9568,481.348,0.489232,5.02072,664.3168,3.06064
58.57,0.01883606,983.9007,4.178285,65.7427,15.9571,481.2685,0.489154,5.02134,664.3021,3.06008
58.58,0.01884364,983.8958,4.17829,65.7438,15.9574,481.189,0.489076,5.02196,664.2874,3.05952
58.59,0.01885122,983.8909,4.178295,65.7449,15.9577,481.1095,0.488998,5.02258,664.2727,3.05896
58.6,0.0188588,983.886,4.1783,65.746,15.958,481.03,0.48892,5.0232,664.258,3.0584
58.61,0.01886638,983.8811,4.178305,65.7471,15.9583,480.9505,0.488842,5.02382,664.2433,3.05784
58.62,0.01887396,983.8762,4.17831,65.7482,15.9586,480.871,0.488764,5.02444,664.2286,3.05728
58.63,0.01888154,983.8713,4.178315,65.7493,15.9589,480.7915,0.488686,5.02506,664.2139,3.05672
58.64,0.01888912,983.8664,4.17832,65.7504,15.9592,480.712,0.488608,5.02568,664.1992,3.05616
58.65,0.0188967,983.8615,4.178325,65.7515,15.9595,480.6325,0.48853,5.0263,664.1845,3.0556
58.66,0.01890428,983.8566,4.17833,65.7526,15.9598,480.553,0.488452,5.02692,664.1698,3.05504
58.67,0.01891186,983.8517,4.178335,65.7537,15.9601,480.4735,0.488374,5.02754,664.1551,3.05448
58.68,0.01891944,983.8468,4.17834,65.7548,15.9604,480.394,0.488296,5.02816,664.1404,3.05392
58.69,0.01892702,983.8419,4.178345,65.7559,15.9607,480.3145,0.488218,5.02878,664.1257,3.05336
58.7,0.0189346,983.837,4.17835,65.757,15.961,480.235,0.48814,5.0294,664.111,3.0528
58.71,0.01894218,983.8321,4.178355,65.7581,15.9613,480.1555,0.488062,5.03002,664.0963,3.05224
58.72,0.01894976,983.8272,4.17836,65.7592,15.9616,480.076,0.487984,5.03064,664.0816,3.05168
58.73,0.01895734,983.8223,4.178365,65.7603,15.9619,479.9965,0.487906,5.03126,664.0669,3.05112
58.74,0.01896492,983.8174,4.17837,65.7614,15.9622,479.917,0.487828,5.03188,664.0522,3.05056
58.75,0.0189725,983.8125,4.178375,65.7625,15.9625,479.8375,0.48775,5.0325,664.0375,3.05
58.76,0.01898008,983.8076,4.17838,65.7636,15.9628,479.758,0.487672,5.03312,664.0228,3.04944
58.77,0.01898766,983.8027,4.178385,65.7647,15.9631,479.6785,0.487594,5.03374,664.0081,3.04888
58.78,0.01899524,983.7978,4.17839,65.7658,15.9634,479.599,0.487516,5.03436,663.9934,3.04832
58.79,0.01900282,983.7929,4.178395,65.7669,15.9637,479.5195,0.487438,5.03498,663.9787,3.04776
58.8,0.0190104,983.788,4.1784,65.768,15.964,479.44,0.48736,5.0356,663.964,3.0472
58.81,0.01901798,983.7831,4.178405,65.7691,15.9643,479.3605,0.487282,5.03622,663.9493,3.04664
58.82,0.01902556,983.7782,4.17841,65.7702,15.9646,479.281,0.487204,5.03684,663.9346,3.04608
58.83,0.01903314,983.7733,4.178415,65.7713,15.9649,479.2015,0.487126,5.03746,663.9199,3.04552
58.84,0.01904072,983.7684,4.17842,65.7724,15.9652,479.122,0.487048,5.03808,663.9052,3.04496
58.85,0.0190483,983.7635,4.178425,65.7735,15.9655,479.0425,0.48697,5.0387,663.8905,3.0444
58.86,0.01905588,983.7586,4.17843,65.7746,15.9658,478.963,0.486892,5.03932,663.8758,3.04384
58.87,0.01906346,983.7537,4.178435,65.7757,15.9661,478.8835,0.486814,5.03994,663.8611,3.04328
58.88,0.01907104,983.7488,4.17844,65.7768,15.9664,478.804,0.486736,5.04056,663.8464,3.04272
58.89,0.01907862,983.7439,4.178445,65.7779,15.9667,478.7245,0.486658,5.04118,663.8317,3.04216
58.9,0.0190862,983.739,4.17845,65.779,15.967,478.645,0.48658,5.0418,663.817,3.0416
58.91,0.01909378,983.7341,4.178455,65.7801,15.9673,478.5655,0.486502,5.04242,663.8023,3.04104
58.92,0.01910136,983.7292,4.17846,65.7812,15.9676,478.486,0.486424,5.04304,663.7876,3.04048
58.93,0.01910894,983.7243,4.178465,65.7823,15.9679,478.4065,0.486346,5.04366,663.7729,3.03992
58.94,0.01911652,983.7194,4.17847,65.7834,15.9682,478.327,0.486268,5.04428,663.7582,3.03936
58.95,0.0191241,983.7145,4.178475,65.7845,15.9685,478.2475,0.48619,5.0449,663.7435,3.0388
58.96,0.01913168,983.7096,4.17848,65.7856,15.9688,478.168,0.486112,5.04552,663.7288,3.03824
58.97,0.01913926,983.7047,4.178485,65.7867,15.9691,478.0885,0.486034,5.04614,663.7141,3.03768
58.98,0.01914684,983.6998,4.17849,65.7878,15.9694,478.009,0.485956,5.04676,663.6994,3.03712
58.99,0.01915442,983.6949,4.178495,65.7889,15.9697,477.9295,0.485878,5.04738,663.6847,3.03656
59,0.019162,983.69,4.1785,65.79,15.97,477.85,0.4858,5.048,663.67,3.036
59.01,0.01916958,983.6851,4.178505,65.7911,15.9703,477.7705,0.485722,5.04862,663.6553,3.03544
59.02,0.01917716,983.6802,4.17851,65.7922,15.9706,477.691,0.485644,5.04924,663.6406,3.03488
59.03,0.01918474,983.6753,4.178515,65.7933,15.9709,477.6115,0.485566,5.04986,663.6259,3.03432
59.04,0.01919232,983.6704,4.17852,65.7944,15.9712,477.532,0.485488,5.05048,663.6112,3.03376
59.05,0.0191999,983.6655,4.178525,65.7955,15.9715,477.4525,0.48541,5.0511,663.5965,3.0332
59.06,0.01920748,983.6606,4.17853,65.7966,15.9718,477.373,0.485332,5.05172,663.5818,3.03264
59.07,0.01921506,983.6557,4.178535,65.7977,15.9721,477.2935,0.485254,5.05234,663.5671,3.03208
59.08,0.01922264,983.6508,4.17854,65.7988,15.9724,477.214,0.485176,5.05296,663.5524,3.03152
59.09,0.01923022,983.6459,4.178545,65.7999,15.9727,477.1345,0.485098,5.05358,663.5377,3.03096
59.1,0.0192378,983.641,4.17855,65.801,15.973,477.055,0.48502,5.0542,663.523,3.0304
59.11,0.01924538,983.6361,4.178555,65.8021,15.9733,476.9755,0.484942,5.05482,663.5083,3.02984
59.12,0.01925296,983.6312,4.17856,65.8032,15.9736,476.896,0.484864,5.05544,663.4936,3.02928
59.13,0.01926054,983.6263,4.178565,65.8043,15.9739,476.8165,0.484786,5.05606,663.4789,3.02872
59.14,0.01926812,983.6214,4.17857,65.8054,15.9742,476.737,0.484708,5.05668,663.4642,3.02816
59.15,0.0192757,983.6165,4.178575,65.8065,15.9745,476.6575,0.48463,5.0573,663.4495,3.0276
59.16,0.01928328,983.6116,4.17858,65.8076,15.9748,476.578,0.484552,5.05792,663.4348,3.02704
59.17,0.01929086,983.6067,4.178585,65.8087,15.9751,476.4985,0.484474,5.05854,663.4201,3.02648
59.18,0.01929844,983.6018,4.17859,65.8098,15.9754,476.419,0.484396,5.05916,663.4054,3.02592
59.19,0.01930602,983.5969,4.178595,65.8109,15.9757,476.3395,0.484318,5.05978,663.3907,3.02536
59.2,0.0193136,983.592,4.1786,65.812,15.976,476.26,0.48424,5.0604,663.376,3.0248
59.21,0.01932118,983.5871,4.178605,65.8131,15.9763,476.1805,0.484162,5.06102,663.3613,3.02424
59.22,0.01932876,983.5822,4.17861,65.8142,15.9766,476.101,0.484084,5.06164,663.3466,3.02368
59.23,0.01933634,983.5773,4.178615,65.8153,15.9769,476.0215,0.484006,5.06226,663.3319,3.02312
59.24,0.01934392,983.5724,4.17862,65.8164,15.9772,475.942,0.483928,5.06288,663.3172,3.02256
59.25,0.0193515,983.5675,4.178625,65.8175,15.9775,475.8625,0.48385,5.0635,663.3025,3.022
59.26,0.01935908,983.5626,4.17863,65.8186,15.9778,475.783,0.483772,5.06412,663.2878,3.02144
59.27,0.01936666,983.5577,4.178635,65.8197,15.9781,475.7035,0.483694,5.06474,663.2731,3.02088
59.28,0.01937424,983.5528,4.17864,65.8208,15.9784,475.624,0.483616,5.06536,663.2584,3.02032
59.29,0.01938182,983.5479,4.178645,65.8219,15.9787,475.5445,0.483538,5.06598,663.2437,3.01976
59.3,0.0193894,983.543,4.17865,65.823,15.979,475.465,0.48346,5.0666,663.229,3.0192
59.31,0.01939698,983.5381,4.178655,65.8241,15.9793,475.3855,0.483382,5.06722,663.2143,3.01864
59.32,0.01940456,983.5332,4.17866,65.8252,15.9796,475.306,0.483304,5.06784,663.1996,3.01808
59.33,0.01941214,983.5283,4.178665,65.8263,15.9799,475.2265,0.483226,5.06846,663.1849,3.01752
59.34,0.01941972,983.5234,4.17867,65.8274,15.9802,475.147,0.483148,5.06908,663.1702,3.01696
59.35,0.0194273,983.5185,4.178675,65.8285,15.9805,475.0675,0.48307,5.0697,663.1555,3.0164
59.36,0.01943488,983.5136,4.17868,65.8296,15.9808,474.988,0.482992,5.07032,663.1408,3.01584
59.37,0.01944246,983.5087,4.178685,65.8307,15.9811,474.9085,0.482914,5.07094,663.1261,3.01528
59.38,0.01945004,983.5038,4.17869,65.8318,15.9814,474.829,0.482836,5.07156,663.1114,3.01472
59.39,0.01945762,983.4989,4.178695,65.8329,15.9817,474.7495,0.482758,5.07218,663.0967,3.01416
59.4,0.0194652,983.494,4.1787,65.834,15.982,474.67,0.48268,5.0728,663.082,3.0136
59.41,0.01947278,983.4891,4.178705,65.8351,15.9823,474.5905,0.482602,5.07342,663.0673,3.01304
59.42,0.01948036,983.4842,4.17871,65.8362,15.9826,474.511,0.482524,5.07404,663.0526,3.01248
59.43,0.01948794,983.4793,4.178715,65.8373,15.9829,474.4315,0.482446,5.07466,663.0379,3.01192
59.44,0.01949552,983.4744,4.17872,65.8384,15.9832,474.352,0.482368,5.07528,663.0232,3.01136
59.45,0.0195031,983.4695,4.178725,65.8395,15.9835,474.2725,0.48229,5.0759,663.0085,3.0108
59.46,0.01951068,983.4646,4.17873,65.8406,15.9838,474.193,0.482212,5.07652,662.9938,3.01024
59.47,0.01951826,983.4597,4.178735,65.8417,15.9841,474.1135,0.482134,5.07714,662.9791,3.00968
59.48,0.01952584,983.4548,4.17874,65.8428,15.9844,474.034,0.482056,5.07776,662.9644,3.00912
59.49,0.01953342,983.4499,4.178745,65.8439,15.9847,473.9545,0.481978,5.07838,662.9497,3.00856
59.5,0.019541,983.445,4.17875,65.845,15.985,473.875,0.4819,5.079,662.935,3.008
59.51,0.01954858,983.4401,4.178755,65.8461,15.9853,473.7955,0.481822,5.07962,662.9203,3.00744
59.52,0.01955616,983.4352,4.17876,65.8472,15.9856,473.716,0.481744,5.08024,662.9056,3.00688
59.53,0.01956374,983.4303,4.178765,65.8483,15.9859,473.6365,0.481666,5.08086,662.8909,3.00632
59.54,0.01957132,983.4254,4.17877,65.8494,15.9862,473.557,0.481588,5.08148,662.8762,3.00576
59.55,0.0195789,983.4205,4.178775,65.8505,15.9865,473.4775,0.48151,5.0821,662.8615,3.0052
59.56,0.01958648,983.4156,4.17878,65.8516,15.9868,473.398,0.481432,5.08272,662.8468,3.00464
59.57,0.01959406,983.4107,4.178785,65.8527,15.9871,473.3185,0.481354,5.08334,662.8321,3.00408
59.58,0.01960164,983.4058,4.17879,65.8538,15.9874,473.239,0.481276,5.08396,662.8174,3.00352
59.59,0.01960922,983.4009,4.178795,65.8549,15.9877,473.1595,0.481198,5.08458,662.8027,3.00296
59.6,0.0196168,983.396,4.1788,65.856,15.988,473.08,0.48112,5.0852,662.788,3.0024
59.61,0.01962438,983.3911,4.178805,65.8571,15.9883,473.0005,0.481042,5.08582,662.7733,3.00184
59.62,0.01963196,983.3862,4.17881,65.8582,15.9886,472.921,0.480964,5.08644,662.7586,3.00128
59.63,0.01963954,983.3813,4.178815,65.8593,15.9889,472.8415,0.480886,5.08706,662.7439,3.00072
59.64,0.01964712,983.3764,4.17882,65.8604,15.9892,472.762,0.480808,5.08768,662.7292,3.00016
59.65,0.0196547,983.3715,4.178825,65.8615,15.9895,472.6825,0.48073,5.0883,662.7145,2.9996
59.66,0.01966228,983.3666,4.17883,65.8626,15.9898,472.603,0.480652,5.08892,662.6998,2.99904
59.67,0.01966986,983.3617,4.178835,65.8637,15.9901,472.5235,0.480574,5.08954,662.6851,2.99848
59.68,0.01967744,983.3568,4.17884,65.8648,15.9904,472.444,0.480496,5.09016,662.6704,2.99792
59.69,0.01968502,983.3519,4.178845,65.8659,15.9907,472.3645,0.480418,5.09078,662.6557,2.99736
59.7,0.0196926,983.347,4.17885,65.867,15.991,472.285,0.48034,5.0914,662.641,2.9968
59.71,0.01970018,983.3421,4.178855,65.8681,15.9913,472.2055,0.480262,5.09202,662.6263,2.99624
59.72,0.01970776,983.3372,4.17886,65.8692,15.9916,472.126,0.480184,5.09264,662.6116,2.99568
59.73,0.01971534,983.3323,4.178865,65.8703,15.9919,472.0465,0.480106,5.09326,662.5969,2.99512
59.74,0.01972292,983.3274,4.17887,65.8714,15.9922,471.967,0.480028,5.09388,662.5822,2.99456
59.75,0.0197305,983.3225,4.178875,65.8725,15.9925,471.8875,0.47995,5.0945,662.5675,2.994
59.76,0.01973808,983.3176,4.17888,65.8736,15.9928,471.808,0.479872,5.09512,662.5528,2.99344
59.77,0.01974566,983.3127,4.178885,65.8747,15.9931,471.7285,0.479794,5.09574,662.5381,2.99288
59.78,0.01975324,983.3078,4.17889,65.8758,15.9934,471.649,0.479716,5.09636,662.5234,2.99232
59.79,0.01976082,983.3029,4.178895,65.8769,15.9937,471.5695,0.479638,5.09698,662.5087,2.99176
59.8,0.0197684,983.298,4.1789,65.878,15.994,471.49,0.47956,5.0976,662.494,2.9912
59.81,0.01977598,983.2931,4.178905,65.8791,15.9943,471.4105,0.479482,5.09822,662.4793,2.99064
59.82,0.01978356,983.2882,4.17891,65.8802,15.9946,471.331,0.479404,5.09884,662.4646,2.99008
59.83,0.01979114,983.2833,4.178915,65.8813,15.9949,471.2515,0.479326,5.09946,662.4499,2.98952
59.84,0.01979872,983.2784,4.17892,65.8824,15.9952,471.172,0.479248,5.10008,662.4352,2.98896
59.85,0.0198063,983.2735,4.178925,65.8835,15.9955,471.0925,0.47917,5.1007,662.4205,2.9884
59.86,0.01981388,983.2686,4.17893,65.8846,15.9958,471.013,0.479092,5.10132,662.4058,2.98784
59.87,0.01982146,983.2637,4.178935,65.8857,15.9961,470.9335,0.479014,5.10194,662.3911,2.98728
59.88,0.01982904,983.2588,4.17894,65.8868,15.9964,470.854,0.478936,5.10256,662.3764,2.98672
59.89,0.01983662,983.2539,4.178945,65.8879,15.9967,470.7745,0.478858,5.10318,662.3617,2.98616
59.9,0.0198442,983.249,4.17895,65.889,15.997,470.695,0.47878,5.1038,662.347,2.9856
59.91,0.01985178,983.2441,4.178955,65.8901,15.9973,470.6155,0.478702,5.10442,662.3323,2.98504
59.92,0.01985936,983.2392,4.17896,65.8912,15.9976,470.536,0.478624,5.10504,662.3176,2.98448
59.93,0.01986694,983.2343,4.178965,65.8923,15.9979,470.4565,0.478546,5.10566,662.3029,2.98392
59.94,0.01987452,983.2294,4.17897,65.8934,15.9982,470.377,0.478468,5.10628,662.2882,2.98336
59.95,0.0198821,983.2245,4.178975,65.8945,15.9985,470.2975,0.47839,5.1069,662.2735,2.9828
59.96,0.01988968,983.2196,4.17898,65.8956,15.9988,470.218,0.478312,5.10752,662.2588,2.98224
59.97,0.01989726,983.2147,4.178985,65.8967,15.9991,470.1385,0.478234,5.10814,662.2441,2.98168
59.98,0.01990484,983.2098,4.17899,65.8978,15.9994,470.059,0.478156,5.10876,662.2294,2.98112
59.99,0.01991242,983.2049,4.178995,65.8989,15.9997,469.9795,0.478078,5.10938,662.2147,2.98056
60,0.01992,983.2,4.179,65.9,16,469.9,0.478,5.11,662.2,2.98
60.01,0.01993125,983.1946,4.179008,65.9009,16.0003,469.8362,0.477937,5.11059,662.1813,2.97957
60.02,0.0199425,983.1892,4.179016,65.9018,16.0006,469.7724,0.477874,5.11118,662.1626,2.97914
60.03,0.01995375,983.1838,4.179024,65.9027,16.0009,469.7086,0.477811,5.11177,662.1439,2.97871
60.04,0.019965,983.1784,4.179032,65.9036,16.0012,469.6448,0.477748,5.11236,662.1252,2.97828
60.05,0.01997625,983.173,4.17904,65.9045,16.0015,469.581,0.477685,5.11295,662.1065,2.97785
60.06,0.0199875,983.1676,4.179048,65.9054,16.0018,469.5172,0.477622,5.11354,662.0878,2.97742
60.07,0.01999875,983.1622,4.179056,65.9063,16.0021,469.4534,0.477559,5.11413,662.0691,2.97699
60.08,0.02001,983.1568,4.179064,65.9072,16.0024,469.3896,0.477496,5.11472,662.0504,2.97656
60.09,0.02002125,983.1514,4.179072,65.9081,16.0027,469.3258,0.477433,5.11531,662.0317,2.97613
60.1,0.0200325,983.146,4.17908,65.909,16.003,469.262,0.47737,5.1159,662.013,2.9757
60.11,0.02004375,983.1406,4.179088,65.9099,16.0033,469.1982,0.477307,5.11649,661.9943,2.97527
60.12,0.020055,983.1352,4.179096,65.9108,16.0036,469.1344,0.477244,5.11708,661.9756,2.97484
60.13,0.02006625,983.1298,4.179104,65.9117,16.0039,469.0706,0.477181,5.11767,661.9569,2.97441
60.14,0.0200775,983.1244,4.179112,65.9126,16.0042,469.0068,0.477118,5.11826,661.9382,2.97398
60.15,0.02008875,983.119,4.17912,65.9135,16.0045,468.943,0.477055,5.11885,661.9195,2.97355
60.16,0.0201,983.1136,4.179128,65.9144,16.0048,468.8792,0.476992,5.11944,661.9008,2.97312
60.17,0.02011125,983.1082,4.179136,65.9153,16.0051,468.8154,0.476929,5.12003,661.8821,2.97269
60.18,0.0201225,983.1028,4.179144,65.9162,16.0054,468.7516,0.476866,5.12062,661.8634,2.97226
60.19,0.02013375,983.0974,4.179152,65.9171,16.0057,468.6878,0.476803,5.12121,661.8447,2.97183
60.2,0.020145,983.092,4.17916,65.918,16.006,468.624,0.47674,5.1218,661.826,2.9714
60.21,0.02015625,983.0866,4.179168,65.9189,16.0063,468.5602,0.476677,5.12239,661.8073,2.97097
60.22,0.0201675,983.0812,4.179176,65.9198,16.0066,468.4964,0.476614,5.12298,661.7886,2.97054
60.23,0.02017875,983.0758,4.179184,65.9207,16.0069,468.4326,0.476551,5.12357,661.7699,2.97011
60.24,0.02019,983.0704,4.179192,65.9216,16.0072,468.3688,0.476488,5.12416,661.7512,2.96968
60.25,0.02020125,983.065,4.1792,65.9225,16.0075,468.305,0.476425,5.12475,661.7325,2.96925
60.26,0.0202125,983.0596,4.179208,65.9234,16.0078,468.2412,0.476362,5.12534,661.7138,2.96882
60.27,0.02022375,983.0542,4.179216,65.9243,16.0081,468.1774,0.476299,5.12593,661.6951,2.96839
60.28,0.020235,983.0488,4.179224,65.9252,16.0084,468.1136,0.476236,5.12652,661.6764,2.96796
60.29,0.02024625,983.0434,4.179232,65.9261,16.0087,468.0498,0.476173,5.12711,661.6577,2.96753
60.3,0.0202575,983.038,4.17924,65.927,16.009,467.986,0.47611,5.1277,661.639,2.9671
60.31,0.02026875,983.0326,4.179248,65.9279,16.0093,467.9222,0.476047,5.12829,661.6203,2.96667
60.32,0.02028,983.0272,4.179256,65.9288,16.0096,467.8584,0.475984,5.12888,661.6016,2.96624
60.33,0.02029125,983.0218,4.179264,65.9297,16.0099,467.7946,0.475921,5.12947,661.5829,2.96581
60.34,0.0203025,983.0164,4.179272,65.9306,16.0102,467.7308,0.475858,5.13006,661.5642,2.96538
60.35,0.02031375,983.011,4.17928,65.9315,16.0105,467.667,0.475795,5.13065,661.5455,2.96495
60.36,0.020325,983.0056,4.179288,65.9324,16.0108,467.6032,0.475732,5.13124,661.5268,2.96452
60.37,0.02033625,983.0002,4.179296,65.9333,16.0111,467.5394,0.475669,5.13183,661.5081,2.96409
60.38,0.0203475,982.9948,4.179304,65.9342,16.0114,467.4756,0.475606,5.13242,661.4894,2.96366
60.39,0.02035875,982.9894,4.179312,65.9351,16.0117,467.4118,0.475543,5.13301,661.4707,2.96323
60.4,0.02037,982.984,4.17932,65.936,16.012,467.348,0.47548,5.1336,661.452,2.9628
60.41,0.02038125,982.9786,4.179328,65.9369,16.0123,467.2842,0.475417,5.13419,661.4333,2.96237
60.42,0.0203925,982.9732,4.179336,65.9378,16.0126,467.2204,0.475354,5.13478,661.4146,2.96194
60.43,0.02040375,982.9678,4.179344,65.9387,16.0129,467.1566,0.475291,5.13537,661.3959,2.96151
60.44,0.020415,982.9624,4.179352,65.9396,16.0132,467.0928,0.475228,5.13596,661.3772,2.96108
60.45,0.02042625,982.957,4.17936,65.9405,16.0135,467.029,0.475165,5.13655,661.3585,2.96065
60.46,0.0204375,982.9516,4.179368,65.9414,16.0138,466.9652,0.475102,5.13714,661.3398,2.96022
60.47,0.02044875,982.9462,4.179376,65.9423,16.0141,466.9014,0.475039,5.13773,661.3211,2.95979
60.48,0.02046,982.9408,4.179384,65.9432,16.0144,466.8376,0.474976,5.13832,661.3024,2.95936
60.49,0.02047125,982.9354,4.179392,65.9441,16.0147,466.7738,0.474913,5.13891,661.2837,2.95893
60.5,0.0204825,982.93,4.1794,65.945,16.015,466.71,0.47485,5.1395,661.265,2.9585
60.51,0.02049375,982.9246,4.179408,65.9459,16.0153,466.6462,0.474787,5.14009,661.2463,2.95807
60.52,0.020505,982.9192,4.179416,65.9468,16.0156,466.5824,0.474724,5.14068,661.2276,2.95764
60.53,0.02051625,982.9138,4.179424,65.9477,16.0159,466.5186,0.474661,5.14127,661.2089,2.95721
60.54,0.0205275,982.9084,4.179432,65.9486,16.0162,466.4548,0.474598,5.14186,661.1902,2.95678
60.55,0.02053875,982.903,4.17944,65.9495,16.0165,466.391,0.474535,5.14245,661.1715,2.95635
60.56,0.02055,982.8976,4.179448,65.9504,16.0168,466.3272,0.474472,5.14304,661.1528,2.95592
60.57,0.02056125,982.8922,4.179456,65.9513,16.0171,466.2634,0.474409,5.14363,661.1341,2.95549
60.58,0.0205725,982.8868,4.179464,65.9522,16.0174,466.1996,0.474346,5.14422,661.1154,2.95506
60.59,0.02058375,982.8814,4.179472,65.9531,16.0177,466.1358,0.474283,5.14481,661.0967,2.95463
60.6,0.020595,982.876,4.17948,65.954,16.018,466.072,0.47422,5.1454,661.078,2.9542
60.61,0.02060625,982.8706,4.179488,65.9549,16.0183,466.0082,0.474157,5.14599,661.0593,2.95377
60.62,0.0206175,982.8652,4.179496,65.9558,16.0186,465.9444,0.474094,5.14658,661.0406,2.95334
60.63,0.02062875,982.8598,4.179504,65.9567,16.0189,465.8806,0.474031,5.14717,661.0219,2.95291
60.64,0.02064,982.8544,4.179512,65.9576,16.0192,465.8168,0.473968,5.14776,661.0032,2.95248
60.65,0.02065125,982.849,4.17952,65.9585,16.0195,465.753,0.473905,5.14835,660.9845,2.95205
60.66,0.0206625,982.8436,4.179528,65.9594,16.0198,465.6892,0.473842,5.14894,660.9658,2.95162
60.67,0.02067375,982.8382,4.179536,65.9603,16.0201,465.6254,0.473779,5.14953,660.9471,2.95119
60.68,0.020685,982.8328,4.179544,65.9612,16.0204,465.5616,0.473716,5.15012,660.9284,2.95076
60.69,0.02069625,982.8274,4.179552,65.9621,16.0207,465.4978,0.473653,5.15071,660.9097,2.95033
60.7,0.0207075,982.822,4.17956,65.963,16.021,465.434,0.47359,5.1513,660.891,2.9499
60.71,0.02071875,982.8166,4.179568,65.9639,16.0213,465.3702,0.473527,5.15189,660.8723,2.94947
60.72,0.02073,982.8112,4.179576,65.9648,16.0216,465.3064,0.473464,5.15248,660.8536,2.94904
60.73,0.02074125,982.8058,4.179584,65.9657,16.0219,465.2426,0.473401,5.15307,660.8349,2.94861
60.74,0.0207525,982.8004,4.179592,65.9666,16.0222,465.1788,0.473338,5.15366,660.8162,2.94818
60.75,0.02076375,982.795,4.1796,65.9675,16.0225,465.115,0.473275,5.15425,660.7975,2.94775
60.76,0.020775,982.7896,4.179608,65.9684,16.0228,465.0512,0.473212,5.15484,660.7788,2.94732
60.77,0.02078625,982.7842,4.179616,65.9693,16.0231,464.9874,0.473149,5.15543,660.7601,2.94689
60.78,0.0207975,982.7788,4.179624,65.9702,16.0234,464.9236,0.473086,5.15602,660.7414,2.94646
60.79,0.02080875,982.7734,4.179632,65.9711,16.0237,464.8598,0.473023,5.15661,660.7227,2.94603
60.8,0.02082,982.768,4.17964,65.972,16.024,464.796,0.47296,5.1572,660.704,2.9456
60.81,0.02083125,982.7626,4.179648,65.9729,16.0243,464.7322,0.472897,5.15779,660.6853,2.94517
60.82,0.0208425,982.7572,4.179656,65.9738,16.0246,464.6684,0.472834,5.15838,660.6666,2.94474
60.83,0.02085375,982.7518,4.179664,65.9747,16.0249,464.6046,0.472771,5.15897,660.6479,2.94431
60.84,0.020865,982.7464,4.179672,65.9756,16.0252,464.5408,0.472708,5.15956,660.6292,2.94388
60.85,0.02087625,982.741,4.17968,65.9765,16.0255,464.477,0.472645,5.16015,660.6105,2.94345
60.86,0.0208875,982.7356,4.179688,65.9774,16.0258,464.4132,0.472582,5.16074,660.5918,2.94302
60.87,0.02089875,982.7302,4.179696,65.9783,16.0261,464.3494,0.472519,5.16133,660.5731,2.94259
60.88,0.02091,982.7248,4.179704,65.9792,16.0264,464.2856,0.472456,5.16192,660.5544,2.94216
60.89,0.02092125,982.7194,4.179712,65.9801,16.0267,464.2218,0.472393,5.16251,660.5357,2.94173
60.9,0.0209325,982.714,4.17972,65.981,16.027,464.158,0.47233,5.1631,660.517,2.9413
60.91,0.02094375,982.7086,4.179728,65.9819,16.0273,464.0942,0.472267,5.16369,660.4983,2.94087
60.92,0.020955,982.7032,4.179736,65.9828,16.0276,464.0304,0.472204,5.16428,660.4796,2.94044
60.93,0.02096625,982.6978,4.179744,65.9837,16.0279,463.9666,0.472141,5.16487,660.4609,2.94001
60.94,0.0209775,982.6924,4.179752,65.9846,16.0282,463.9028,0.472078,5.16546,660.4422,2.93958
60.95,0.02098875,982.687,4.17976,65.9855,16.0285,463.839,0.472015,5.16605,660.4235,2.93915
60.96,0.021,982.6816,4.179768,65.9864,16.0288,463.7752,0.471952,5.16664,660.4048,2.93872
60.97,0.02101125,982.6762,4.179776,65.9873,16.0291,463.7114,0.471889,5.16723,660.3861,2.93829
60.98,0.0210225,982.6708,4.179784,65.9882,16.0294,463.6476,0.471826,5.16782,660.3674,2.93786
60.99,0.02103375,982.6654,4.179792,65.9891,16.0297,463.5838,0.471763,5.16841,660.3487,2.93743
61,0.021045,982.66,4.1798,65.99,16.03,463.52,0.4717,5.169,660.33,2.937
61.01,0.02105625,982.6546,4.179808,65.9909,16.0303,463.4562,0.471637,5.16959,660.3113,2.93657
61.02,0.0210675,982.6492,4.179816,65.9918,16.0306,463.3924,0.471574,5.17018,660.2926,2.93614
61.03,0.02107875,982.6438,4.179824,65.9927,16.0309,463.3286,0.471511,5.17077,660.2739,2.93571
61.04,0.02109,982.6384,4.179832,65.9936,16.0312,463.2648,0.471448,5.17136,660.2552,2.93528
61.05,0.02110125,982.633,4.17984,65.9945,16.0315,463.201,0.471385,5.17195,660.2365,2.93485
61.06,0.0211125,982.6276,4.179848,65.9954,16.0318,463.1372,0.471322,5.17254,660.2178,2.93442
61.07,0.02112375,982.6222,4.179856,65.9963,16.0321,463.0734,0.471259,5.17313,660.1991,2.93399
61.08,0.021135,982.6168,4.179864,65.9972,16.0324,463.0096,0.471196,5.17372,660.1804,2.93356
61.09,0.02114625,982.6114,4.179872,65.9981,16.0327,462.9458,0.471133,5.17431,660.1617,2.93313
61.1,0.0211575,982.606,4.17988,65.999,16.033,462.882,0.47107,5.1749,660.143,2.9327
61.11,0.02116875,982.6006,4.179888,65.9999,16.0333,462.8182,0.471007,5.17549,660.1243,2.93227
61.12,0.02118,982.5952,4.179896,66.0008,16.0336,462.7544,0.470944,5.17608,660.1056,2.93184
61.13,0.02119125,982.5898,4.179904,66.0017,16.0339,462.6906,0.470881,5.17667,660.0869,2.93141
61.14,0.0212025,982.5844,4.179912,66.0026,16.0342,462.6268,0.470818,5.17726,660.0682,2.93098
61.15,0.02121375,982.579,4.17992,66.0035,16.0345,462.563,0.470755,5.17785,660.0495,2.93055
61.16,0.021225,982.5736,4.179928,66.0044,16.0348,462.4992,0.470692,5.17844,660.0308,2.93012
61.17,0.02123625,982.5682,4.179936,66.0053,16.0351,462.4354,0.470629,5.17903,660.0121,2.92969
61.18,0.0212475,982.5628,4.179944,66.0062,16.0354,462.3716,0.470566,5.17962,659.9934,2.92926
61.19,0.02125875,982.5574,4.179952,66.0071,16.0357,462.3078,0.470503,5.18021,659.9747,2.92883
61.2,0.02127,982.552,4.17996,66.008,16.036,462.244,0.47044,5.1808,659.956,2.9284
61.21,0.02128125,982.5466,4.179968,66.0089,16.0363,462.1802,0.470377,5.18139,659.9373,2.92797
61.22,0.0212925,982.5412,4.179976,66.0098,16.0366,462.1164,0.470314,5.18198,659.9186,2.92754
61.23,0.02130375,982.5358,4.179984,66.0107,16.0369,462.0526,0.470251,5.18257,659.8999,2.92711
61.24,0.021315,982.5304,4.179992,66.0116,16.0372,461.9888,0.470188,5.18316,659.8812,2.92668
61.25,0.02132625,982.525,4.18,66.0125,16.0375,461.925,0.470125,5.18375,659.8625,2.92625
61.26,0.0213375,982.5196,4.180008,66.0134,16.0378,461.8612,0.470062,5.18434,659.8438,2.92582
61.27,0.02134875,982.5142,4.180016,66.0143,16.0381,461.7974,0.469999,5.18493,659.8251,2.92539
61.28,0.02136,982.5088,4.180024,66.0152,16.0384,461.7336,0.469936,5.18552,659.8064,2.92496
61.29,0.02137125,982.5034,4.180032,66.0161,16.0387,461.6698,0.469873,5.18611,659.7877,2.92453
61.3,0.0213825,982.498,4.18004,66.017,16.039,461.606,0.46981,5.1867,659.769,2.9241
61.31,0.02139375,982.4926,4.180048,66.0179,16.0393,461.5422,0.469747,5.18729,659.7503,2.92367
61.32,0.021405,982.4872,4.180056,66.0188,16.0396,461.4784,0.469684,5.18788,659.7316,2.92324
61.33,0.02141625,982.4818,4.180064,66.0197,16.0399,461.4146,0.469621,5.18847,659.7129,2.92281
61.34,0.0214275,982.4764,4.180072,66.0206,16.0402,461.3508,0.469558,5.18906,659.6942,2.92238
61.35,0.02143875,982.471,4.18008,66.0215,16.0405,461.287,0.469495,5.18965,659.6755,2.92195
61.36,0.02145,982.4656,4.180088,66.0224,16.0408,461.2232,0.469432,5.19024,659.6568,2.92152
61.37,0.02146125,982.4602,4.180096,66.0233,16.0411,461.1594,0.469369,5.19083,659.6381,2.92109
61.38,0.0214725,982.4548,4.180104,66.0242,16.0414,461.0956,0.469306,5.19142,659.6194,2.92066
61.39,0.02148375,982.4494,4.180112,66.0251,16.0417,461.0318,0.469243,5.19201,659.6007,2.92023
61.4,0.021495,982.444,4.18012,66.026,16.042,460.968,0.46918,5.1926,659.582,2.9198
61.41,0.02150625,982.4386,4.180128,66.0269,16.0423,460.9042,0.469117,5.19319,659.5633,2.91937
61.42,0.0215175,982.4332,4.180136,66.0278,16.0426,460.8404,0.469054,5.19378,659.5446,2.91894
61.43,0.02152875,982.4278,4.180144,66.0287,16.0429,460.7766,0.468991,5.19437,659.5259,2.91851
61.44,0.02154,982.4224,4.180152,66.0296,16.0432,460.7128,0.468928,5.19496,659.5072,2.91808
61.45,0.02155125,982.417,4.18016,66.0305,16.0435,460.649,0.468865,5.19555,659.4885,2.91765
61.46,0.0215625,982.4116,4.180168,66.0314,16.0438,460.5852,0.468802,5.19614,659.4698,2.91722
61.47,0.02157375,982.4062,4.180176,66.0323,16.0441,460.5214,0.468739,5.19673,659.4511,2.91679
61.48,0.021585,982.4008,4.180184,66.0332,16.0444,460.4576,0.468676,5.19732,659.4324,2.91636
61.49,0.02159625,982.3954,4.180192,66.0341,16.0447,460.3938,0.468613,5.19791,659.4137,2.91593
61.5,0.0216075,982.39,4.1802,66.035,16.045,460.33,0.46855,5.1985,659.395,2.9155
61.51,0.02161875,982.3846,4.180208,66.0359,16.0453,460.2662,0.468487,5.19909,659.3763,2.91507
61.52,0.02163,982.3792,4.180216,66.0368,16.0456,460.2024,0.468424,5.19968,659.3576,2.91464
61.53,0.02164125,982.3738,4.180224,66.0377,16.0459,460.1386,0.468361,5.20027,659.3389,2.91421
61.54,0.0216525,982.3684,4.180232,66.0386,16.0462,460.0748,0.468298,5.20086,659.3202,2.91378
61.55,0.02166375,982.363,4.18024,66.0395,16.0465,460.011,0.468235,5.20145,659.3015,2.91335
61.56,0.021675,982.3576,4.180248,66.0404,16.0468,459.9472,0.468172,5.20204,659.2828,2.91292
61.57,0.02168625,982.3522,4.180256,66.0413,16.0471,459.8834,0.468109,5.20263,659.2641,2.91249
61.58,0.0216975,982.3468,4.180264,66.0422,16.0474,459.8196,0.468046,5.20322,659.2454,2.91206
61.59,0.02170875,982.3414,4.180272,66.0431,16.0477,459.7558,0.467983,5.20381,659.2267,2.91163
61.6,0.02172,982.336,4.18028,66.044,16.048,459.692,0.46792,5.2044,659.208,2.9112
61.61,0.02173125,982.3306,4.180288,66.0449,16.0483,459.6282,0.467857,5.20499,659.1893,2.91077
61.62,0.0217425,982.3252,4.180296,66.0458,16.0486,459.5644,0.467794,5.20558,659.1706,2.91034
61.63,0.02175375,982.3198,4.180304,66.0467,16.0489,459.5006,0.467731,5.20617,659.1519,2.90991
61.64,0.021765,982.3144,4.180312,66.0476,16.0492,459.4368,0.467668,5.20676,659.1332,2.90948
61.65,0.02177625,982.309,4.18032,66.0485,16.0495,459.373,0.467605,5.20735,659.1145,2.90905
61.66,0.0217875,982.3036,4.180328,66.0494,16.0498,459.3092,0.467542,5.20794,659.0958,2.90862
61.67,0.02179875,982.2982,4.180336,66.0503,16.0501,459.2454,0.467479,5.20853,659.0771,2.90819
61.68,0.02181,982.2928,4.180344,66.0512,16.0504,459.1816,0.467416,5.20912,659.0584,2.90776
61.69,0.02182125,982.2874,4.180352,66.0521,16.0507,459.1178,0.467353,5.20971,659.0397,2.90733
61.7,0.0218325,982.282,4.18036,66.053,16.051,459.054,0.46729,5.2103,659.021,2.9069
61.71,0.02184375,982.2766,4.180368,66.0539,16.0513,458.9902,0.467227,5.21089,659.0023,2.90647
61.72,0.021855,982.2712,4.180376,66.0548,16.0516,458.9264,0.467164,5.21148,658.9836,2.90604
61.73,0.02186625,982.2658,4.180384,66.0557,16.0519,458.8626,0.467101,5.21207,658.9649,2.90561
61.74,0.0218775,982.2604,4.180392,66.0566,16.0522,458.7988,0.467038,5.21266,658.9462,2.90518
61.75,0.02188875,982.255,4.1804,66.0575,16.0525,458.735,0.466975,5.21325,658.9275,2.90475
61.76,0.0219,982.2496,4.180408,66.0584,16.0528,458.6712,0.466912,5.21384,658.9088,2.90432
61.77,0.02191125,982.2442,4.180416,66.0593,16.0531,458.6074,0.466849,5.21443,658.8901,2.90389
61.78,0.0219225,982.2388,4.180424,66.0602,16.0534,458.5436,0.466786,5.21502,658.8714,2.90346
61.79,0.02193375,982.2334,4.180432,66.0611,16.0537,458.4798,0.466723,5.21561,658.8527,2.90303
61.8,0.021945,982.228,4.18044,66.062,16.054,458.416,0.46666,5.2162,658.834,2.9026
61.81,0.02195625,982.2226,4.180448,66.0629,16.0543,458.3522,0.466597,5.21679,658.8153,2.90217
61.82,0.0219675,982.2172,4.180456,66.0638,16.0546,458.2884,0.466534,5.21738,658.7966,2.90174
61.83,0.02197875,982.2118,4.180464,66.0647,16.0549,458.2246,0.466471,5.21797,658.7779,2.90131
61.84,0.02199,982.2064,4.180472,66.0656,16.0552,458.1608,0.466408,5.21856,658.7592,2.90088
61.85,0.02200125,982.201,4.18048,66.0665,16.0555,458.097,0.466345,5.21915,658.7405,2.90045
61.86,0.0220125,982.1956,4.180488,66.0674,16.0558,458.0332,0.466282,5.21974,658.7218,2.90002
61.87,0.02202375,982.1902,4.180496,66.0683,16.0561,457.9694,0.466219,5.22033,658.7031,2.89959
61.88,0.022035,982.1848,4.180504,66.0692,16.0564,457.9056,0.466156,5.22092,658.6844,2.89916
61.89,0.02204625,982.1794,4.180512,66.0701,16.0567,457.8418,0.466093,5.22151,658.6657,2.89873
61.9,0.0220575,982.174,4.18052,66.071,16.057,457.778,0.46603,5.2221,658.647,2.8983
61.91,0.02206875,982.1686,4.180528,66.0719,16.0573,457.7142,0.465967,5.22269,658.6283,2.89787
61.92,0.02208,982.1632,4.180536,66.0728,16.0576,457.6504,0.465904,5.22328,658.6096,2.89744
61.93,0.02209125,982.1578,4.180544,66.0737,16.0579,457.5866,0.465841,5.22387,658.5909,2.89701
61.94,0.0221025,982.1524,4.180552,66.0746,16.0582,457.5228,0.465778,5.22446,658.5722,2.89658
61.95,0.02211375,982.147,4.18056,66.0755,16.0585,457.459,0.465715,5.22505,658.5535,2.89615
61.96,0.022125,982.1416,4.180568,66.0764,16.0588,457.3952,0.465652,5.22564,658.5348,2.89572
61.97,0.02213625,982.1362,4.180576,66.0773,16.0591,457.3314,0.465589,5.22623,658.5161,2.89529
61.98,0.0221475,982.1308,4.180584,66.0782,16.0594,457.2676,0.465526,5.22682,658.4974,2.89486
61.99,0.02215875,982.1254,4.180592,66.0791,16.0597,457.2038,0.465463,5.22741,658.4787,2.89443
62,0.02217,982.12,4.1806,66.08,16.06,457.14,0.4654,5.228,658.46,2.894
62.01,0.02218125,982.1146,4.180608,66.0809,16.0603,457.0762,0.465337,5.22859,658.4413,2.89357
62.02,0.0221925,982.1092,4.180616,66.0818,16.0606,457.0124,0.465274,5.22918,658.4226,2.89314
62.03,0.02220375,982.1038,4.180624,66.0827,16.0609,456.9486,0.465211,5.22977,658.4039,2.89271
62.04,0.022215,982.0984,4.180632,66.0836,16.0612,456.8848,0.465148,5.23036,658.3852,2.89228
62.05,0.02222625,982.093,4.18064,66.0845,16.0615,456.821,0.465085,5.23095,658.3665,2.89185
62.06,0.0222375,982.0876,4.180648,66.0854,16.0618,456.7572,0.465022,5.23154,658.3478,2.89142
62.07,0.02224875,982.0822,4.180656,66.0863,16.0621,456.6934,0.464959,5.23213,658.3291,2.89099
62.08,0.02226,982.0768,4.180664,66.0872,16.0624,456.6296,0.464896,5.23272,658.3104,2.89056
62.09,0.02227125,982.0714,4.180672,66.0881,16.0627,456.5658,0.464833,5.23331,658.2917,2.89013
62.1,0.0222825,982.066,4.18068,66.089,16.063,456.502,0.46477,5.2339,658.273,2.8897
62.11,0.02229375,982.0606,4.180688,66.0899,16.0633,456.4382,0.464707,5.23449,658.2543,2.88927
62.12,0.022305,982.0552,4.180696,66.0908,16.0636,456.3744,0.464644,5.23508,658.2356,2.88884
62.13,0.02231625,982.0498,4.180704,66.0917,16.0639,456.3106,0.464581,5.23567,658.2169,2.88841
62.14,0.0223275,982.0444,4.180712,66.0926,16.0642,456.2468,0.464518,5.23626,658.1982,2.88798
62.15,0.02233875,982.039,4.18072,66.0935,16.0645,456.183,0.464455,5.23685,658.1795,2.88755
62.16,0.02235,982.0336,4.180728,66.0944,16.0648,456.1192,0.464392,5.23744,658.1608,2.88712
62.17,0.02236125,982.0282,4.180736,66.0953,16.0651,456.0554,0.464329,5.23803,658.1421,2.88669
62.18,0.0223725,982.0228,4.180744,66.0962,16.0654,455.9916,0.464266,5.23862,658.1234,2.88626
62.19,0.02238375,982.0174,4.180752,66.0971,16.0657,455.9278,0.464203,5.23921,658.1047,2.88583
62.2,0.022395,982.012,4.18076,66.098,16.066,455.864,0.46414,5.2398,658.086,2.8854
62.21,0.02240625,982.0066,4.180768,66.0989,16.0663,455.8002,0.464077,5.24039,658.0673,2.88497
62.22,0.0224175,982.0012,4.180776,66.0998,16.0666,455.7364,0.464014,5.24098,658.0486,2.88454
62.23,0.02242875,981.9958,4.180784,66.1007,16.0669,455.6726,0.463951,5.24157,658.0299,2.88411
62.24,0.02244,981.9904,4.180792,66.1016,16.0672,455.6088,0.463888,5.24216,658.0112,2.88368
62.25,0.02245125,981.985,4.1808,66.1025,16.0675,455.545,0.463825,5.24275,657.9925,2.88325
62.26,0.0224625,981.9796,4.180808,66.1034,16.0678,455.4812,0.463762,5.24334,657.9738,2.88282
62.27,0.02247375,981.9742,4.180816,66.1043,16.0681,455.4174,0.463699,5.24393,657.9551,2.88239
62.28,0.022485,981.9688,4.180824,66.1052,16.0684,455.3536,0.463636,5.24452,657.9364,2.88196
62.29,0.02249625,981.9634,4.180832,66.1061,16.0687,455.2898,0.463573,5.24511,657.9177,2.88153
62.3,0.0225075,981.958,4.18084,66.107,16.069,455.226,0.46351,5.2457,657.899,2.8811
62.31,0.02251875,981.9526,4.180848,66.1079,16.0693,455.1622,0.463447,5.24629,657.8803,2.88067
62.32,0.02253,981.9472,4.180856,66.1088,16.0696,455.0984,0.463384,5.24688,657.8616,2.88024
62.33,0.02254125,981.9418,4.180864,66.1097,16.0699,455.0346,0.463321,5.24747,657.8429,2.87981
62.34,0.0225525,981.9364,4.180872,66.1106,16.0702,454.9708,0.463258,5.24806,657.8242,2.87938
62.35,0.02256375,981.931,4.18088,66.1115,16.0705,454.907,0.463195,5.24865,657.8055,2.87895
62.36,0.022575,981.9256,4.180888,66.1124,16.0708,454.8432,0.463132,5.24924,657.7868,2.87852
62.37,0.02258625,981.9202,4.180896,66.1133,16.0711,454.7794,0.463069,5.24983,657.7681,2.87809
62.38,0.0225975,981.9148,4.180904,66.1142,16.0714,454.7156,0.463006,5.25042,657.7494,2.87766
62.39,0.02260875,981.9094,4.180912,66.1151,16.0717,454.6518,0.462943,5.25101,657.7307,2.87723
62.4,0.02262,981.904,4.18092,66.116,16.072,454.588,0.46288,5.2516,657.712,2.8768
62.41,0.02263125,981.8986,4.180928,66.1169,16.0723,454.5242,0.462817,5.25219,657.6933,2.87637
62.42,0.0226425,981.8932,4.180936,66.1178,16.0726,454.4604,0.462754,5.25278,657.6746,2.87594
62.43,0.02265375,981.8878,4.180944,66.1187,16.0729,454.3966,0.462691,5.25337,657.6559,2.87551
62.44,0.022665,981.8824,4.180952,66.1196,16.0732,454.3328,0.462628,5.25396,657.6372,2.87508
62.45,0.02267625,981.877,4.18096,66.1205,16.0735,454.269,0.462565,5.25455,657.6185,2.87465
62.46,0.0226875,981.8716,4.180968,66.1214,16.0738,454.2052,0.462502,5.25514,657.5998,2.87422
62.47,0.02269875,981.8662,4.180976,66.1223,16.0741,454.1414,0.462439,5.25573,657.5811,2.87379
62.48,0.02271,981.8608,4.180984,66.1232,16.0744,454.0776,0.462376,5.25632,657.5624,2.87336
62.49,0.02272125,981.8554,4.180992,66.1241,16.0747,454.0138,0.462313,5.25691,657.5437,2.87293
62.5,0.0227325,981.85,4.181,66.125,16.075,453.95,0.46225,5.2575,657.525,2.8725
62.51,0.02274375,981.8446,4.181008,66.1259,16.0753,453.8862,0.462187,5.25809,657.5063,2.87207
62.52,0.022755,981.8392,4.181016,66.1268,16.0756,453.8224,0.462124,5.25868,657.4876,2.87164
62.53,0.02276625,981.8338,4.181024,66.1277,16.0759,453.7586,0.462061,5.25927,657.4689,2.87121
62.54,0.0227775,981.8284,4.181032,66.1286,16.0762,453.6948,0.461998,5.25986,657.4502,2.87078
62.55,0.02278875,981.823,4.18104,66.1295,16.0765,453.631,0.461935,5.26045,657.4315,2.87035
62.56,0.0228,981.8176,4.181048,66.1304,16.0768,453.5672,0.461872,5.26104,657.4128,2.86992
62.57,0.02281125,981.8122,4.181056,66.1313,16.0771,453.5034,0.461809,5.26163,657.3941,2.86949
62.58,0.0228225,981.8068,4.181064,66.1322,16.0774,453.4396,0.461746,5.26222,657.3754,2.86906
62.59,0.02283375,981.8014,4.181072,66.1331,16.0777,453.3758,0.461683,5.26281,657.3567,2.86863
62.6,0.022845,981.796,4.18108,66.134,16.078,453.312,0.46162,5.2634,657.338,2.8682
62.61,0.02285625,981.7906,4.181088,66.1349,16.0783,453.2482,0.461557,5.26399,657.3193,2.86777
62.62,0.0228675,981.7852,4.181096,66.1358,16.0786,453.1844,0.461494,5.26458,657.3006,2.86734
62.63,0.02287875,981.7798,4.181104,66.1367,16.0789,453.1206,0.461431,5.26517,657.2819,2.86691
62.64,0.02289,981.7744,4.181112,66.1376,16.0792,453.0568,0.461368,5.26576,657.2632,2.86648
62.65,0.02290125,981.769,4.18112,66.1385,16.0795,452.993,0.461305,5.26635,657.2445,2.86605
62.66,0.0229125,981.7636,4.181128,66.1394,16.0798,452.9292,0.461242,5.26694,657.2258,2.86562
62.67,0.02292375,981.7582,4.181136,66.1403,16.0801,452.8654,0.461179,5.26753,657.2071,2.86519
62.68,0.022935,981.7528,4.181144,66.1412,16.0804,452.8016,0.461116,5.26812,657.1884,2.86476
62.69,0.02294625,981.7474,4.181152,66.1421,16.0807,452.7378,0.461053,5.26871,657.1697,2.86433
62.7,0.0229575,981.742,4.18116,66.143,16.081,452.674,0.46099,5.2693,657.151,2.8639
62.71,0.02296875,981.7366,4.181168,66.1439,16.0813,452.6102,0.460927,5.26989,657.1323,2.86347
62.72,0.02298,981.7312,4.181176,66.1448,16.0816,452.5464,0.460864,5.27048,657.1136,2.86304
62.73,0.02299125,981.7258,4.181184,66.1457,16.0819,452.4826,0.460801,5.27107,657.0949,2.86261
62.74,0.0230025,981.7204,4.181192,66.1466,16.0822,452.4188,0.460738,5.27166,657.0762,2.86218
62.75,0.02301375,981.715,4.1812,66.1475,16.0825,452.355,0.460675,5.27225,657.0575,2.86175
62.76,0.023025,981.7096,4.181208,66.1484,16.0828,452.2912,0.460612,5.27284,657.0388,2.86132
62.77,0.02303625,981.7042,4.181216,66.1493,16.0831,452.2274,0.460549,5.27343,657.0201,2.86089
62.78,0.0230475,981.6988,4.181224,66.1502,16.0834,452.1636,0.460486,5.27402,657.0014,2.86046
62.79,0.02305875,981.6934,4.181232,66.1511,16.0837,452.0998,0.460423,5.27461,656.9827,2.86003
62.8,0.02307,981.688,4.18124,66.152,16.084,452.036,0.46036,5.2752,656.964,2.8596
62.81,0.02308125,981.6826,4.181248,66.1529,16.0843,451.9722,0.460297,5.27579,656.9453,2.85917
62.82,0.0230925,981.6772,4.181256,66.1538,16.0846,451.9084,0.460234,5.27638,656.9266,2.85874
62.83,0.02310375,981.6718,4.181264,66.1547,16.0849,451.8446,0.460171,5.27697,656.9079,2.85831
62.84,0.023115,981.6664,4.181272,66.1556,16.0852,451.7808,0.460108,5.27756,656.8892,2.85788
62.85,0.02312625,981.661,4.18128,66.1565,16.0855,451.717,0.460045,5.27815,656.8705,2.85745
62.86,0.0231375,981.6556,4.181288,66.1574,16.0858,451.6532,0.459982,5.27874,656.8518,2.85702
62.87,0.02314875,981.6502,4.181296,66.1583,16.0861,451.5894,0.459919,5.27933,656.8331,2.85659
62.88,0.02316,981.6448,4.181304,66.1592,16.0864,451.5256,0.459856,5.27992,656.8144,2.85616
62.89,0.02317125,981.6394,4.181312,66.1601,16.0867,451.4618,0.459793,5.28051,656.7957,2.85573
62.9,0.0231825,981.634,4.18132,66.161,16.087,451.398,0.45973,5.2811,656.777,2.8553
62.91,0.02319375,981.6286,4.181328,66.1619,16.0873,451.3342,0.459667,5.28169,656.7583,2.85487
62.92,0.023205,981.6232,4.181336,66.1628,16.0876,451.2704,0.459604,5.28228,656.7396,2.85444
62.93,0.02321625,981.6178,4.181344,66.1637,16.0879,451.2066,0.459541,5.28287,656.7209,2.85401
62.94,0.0232275,981.6124,4.181352,66.1646,16.0882,451.1428,0.459478,5.28346,656.7022,2.85358
62.95,0.02323875,981.607,4.18136,66.1655,16.0885,451.079,0.459415,5.28405,656.6835,2.85315
62.96,0.02325,981.6016,4.181368,66.1664,16.0888,451.0152,0.459352,5.28464,656.6648,2.85272
62.97,0.02326125,981.5962,4.181376,66.1673,16.0891,450.9514,0.459289,5.28523,656.6461,2.85229
62.98,0.0232725,981.5908,4.181384,66.1682,16.0894,450.8876,0.459226,5.28582,656.6274,2.85186
62.99,0.02328375,981.5854,4.181392,66.1691,16.0897,450.8238,0.459163,5.28641,656.6087,2.85143
63,0.023295,981.58,4.1814,66.17,16.09,450.76,0.4591,5.287,656.59,2.851
63.01,0.02330625,981.5746,4.181408,66.1709,16.0903,450.6962,0.459037,5.28759,656.5713,2.85057
63.02,0.0233175,981.5692,4.181416,66.1718,16.0906,450.6324,0.458974,5.28818,656.5526,2.85014
63.03,0.02332875,981.5638,4.181424,66.1727,16.0909,450.5686,0.458911,5.28877,656.5339,2.84971
63.04,0.02334,981.5584,4.181432,66.1736,16.0912,450.5048,0.458848,5.28936,656.5152,2.84928
63.05,0.02335125,981.553,4.18144,66.1745,16.0915,450.441,0.458785,5.28995,656.4965,2.84885
63.06,0.0233625,981.5476,4.181448,66.1754,16.0918,450.3772,0.458722,5.29054,656.4778,2.84842
63.07,0.02337375,981.5422,4.181456,66.1763,16.0921,450.3134,0.458659,5.29113,656.4591,2.84799
63.08,0.023385,981.5368,4.181464,66.1772,16.0924,450.2496,0.458596,5.29172,656.4404,2.84756
63.09,0.02339625,981.5314,4.181472,66.1781,16.0927,450.1858,0.458533,5.29231,656.4217,2.84713
63.1,0.0234075,981.526,4.18148,66.179,16.093,450.122,0.45847,5.2929,656.403,2.8467
63.11,0.02341875,981.5206,4.181488,66.1799,16.0933,450.0582,0.458407,5.29349,656.3843,2.84627
63.12,0.02343,981.5152,4.181496,66.1808,16.0936,449.9944,0.458344,5.29408,656.3656,2.84584
63.13,0.02344125,981.5098,4.181504,66.1817,16.0939,449.9306,0.458281,5.29467,656.3469,2.84541
63.14,0.0234525,981.5044,4.181512,66.1826,16.0942,449.8668,0.458218,5.29526,656.3282,2.84498
63.15,0.02346375,981.499,4.18152,66.1835,16.0945,449.803,0.458155,5.29585,656.3095,2.84455
63.16,0.023475,981.4936,4.181528,66.1844,16.0948,449.7392,0.458092,5.29644,656.2908,2.84412
63.17,0.02348625,981.4882,4.181536,66.1853,16.0951,449.6754,0.458029,5.29703,656.2721,2.84369
63.18,0.0234975,981.4828,4.181544,66.1862,16.0954,449.6116,0.457966,5.29762,656.2534,2.84326
63.19,0.02350875,981.4774,4.181552,66.1871,16.0957,449.5478,0.457903,5.29821,656.2347,2.84283
63.2,0.02352,981.472,4.18156,66.188,16.096,449.484,0.45784,5.2988,656.216,2.8424
63.21,0.02353125,981.4666,4.181568,66.1889,16.0963,449.4202,0.457777,5.29939,656.1973,2.84197
63.22,0.0235425,981.4612,4.181576,66.1898,16.0966,449.3564,0.457714,5.29998,656.1786,2.84154
63.23,0.02355375,981.4558,4.181584,66.1907,16.0969,449.2926,0.457651,5.30057,656.1599,2.84111
63.24,0.023565,981.4504,4.181592,66.1916,16.0972,449.2288,0.457588,5.30116,656.1412,2.84068
63.25,0.02357625,981.445,4.1816,66.1925,16.0975,449.165,0.457525,5.30175,656.1225,2.84025
63.26,0.0235875,981.4396,4.181608,66.1934,16.0978,449.1012,0.457462,5.30234,656.1038,2.83982
63.27,0.02359875,981.4342,4.181616,66.1943,16.0981,449.0374,0.457399,5.30293,656.0851,2.83939
63.28,0.02361,981.4288,4.181624,66.1952,16.0984,448.9736,0.457336,5.30352,656.0664,2.83896
63.29,0.02362125,981.4234,4.181632,66.1961,16.0987,448.9098,0.457273,5.30411,656.0477,2.83853
63.3,0.0236325,981.418,4.18164,66.197,16.099,448.846,0.45721,5.3047,656.029,2.8381
63.31,0.02364375,981.4126,4.181648,66.1979,16.0993,448.7822,0.457147,5.30529,656.0103,2.83767
63.32,0.023655,981.4072,4.181656,66.1988,16.0996,448.7184,0.457084,5.30588,655.9916,2.83724
63.33,0.02366625,981.4018,4.181664,66.1997,16.0999,448.6546,0.457021,5.30647,655.9729,2.83681
63.34,0.0236775,981.3964,4.181672,66.2006,16.1002,448.5908,0.456958,5.30706,655.9542,2.83638
63.35,0.02368875,981.391,4.18168,66.2015,16.1005,448.527,0.456895,5.30765,655.9355,2.83595
63.36,0.0237,981.3856,4.181688,66.2024,16.1008,448.4632,0.456832,5.30824,655.9168,2.83552
63.37,0.02371125,981.3802,4.181696,66.2033,16.1011,448.3994,0.456769,5.30883,655.8981,2.83509
63.38,0.0237225,981.3748,4.181704,66.2042,16.1014,448.3356,0.456706,5.30942,655.8794,2.83466
63.39,0.02373375,981.3694,4.181712,66.2051,16.1017,448.2718,0.456643,5.31001,655.8607,2.83423
63.4,0.023745,981.364,4.18172,66.206,16.102,448.208,0.45658,5.3106,655.842,2.8338
63.41,0.02375625,981.3586,4.181728,66.2069,16.1023,448.1442,0.456517,5.31119,655.8233,2.83337
63.42,0.0237675,981.3532,4.181736,66.2078,16.1026,448.0804,0.456454,5.31178,655.8046,2.83294
63.43,0.02377875,981.3478,4.181744,66.2087,16.1029,448.0166,0.456391,5.31237,655.7859,2.83251
63.44,0.02379,981.3424,4.181752,66.2096,16.1032,447.9528,0.456328,5.31296,655.7672,2.83208
63.45,0.02380125,981.337,4.18176,66.2105,16.1035,447.889,0.456265,5.31355,655.7485,2.83165
63.46,0.0238125,981.3316,4.181768,66.2114,16.1038,447.8252,0.456202,5.31414,655.7298,2.83122
63.47,0.02382375,981.3262,4.181776,66.2123,16.1041,447.7614,0.456139,5.31473,655.7111,2.83079
63.48,0.023835,981.3208,4.181784,66.2132,16.1044,447.6976,0.456076,5.31532,655.6924,2.83036
63.49,0.02384625,981.3154,4.181792,66.2141,16.1047,447.6338,0.456013,5.31591,655.6737,2.82993
63.5,0.0238575,981.31,4.1818,66.215,16.105,447.57,0.45595,5.3165,655.655,2.8295
63.51,0.02386875,981.3046,4.181808,66.2159,16.1053,447.5062,0.455887,5.31709,655.6363,2.82907
63.52,0.02388,981.2992,4.181816,66.2168,16.1056,447.4424,0.455824,5.31768,655.6176,2.82864
63.53,0.02389125,981.2938,4.181824,66.2177,16.1059,447.3786,0.455761,5.31827,655.5989,2.82821
63.54,0.0239025,981.2884,4.181832,66.2186,16.1062,447.3148,0.455698,5.31886,655.5802,2.82778
63.55,0.02391375,981.283,4.18184,66.2195,16.1065,447.251,0.455635,5.31945,655.5615,2.82735
63.56,0.023925,981.2776,4.181848,66.2204,16.1068,447.1872,0.455572,5.32004,655.5428,2.82692
63.57,0.02393625,981.2722,4.181856,66.2213,16.1071,447.1234,0.455509,5.32063,655.5241,2.82649
63.58,0.0239475,981.2668,4.181864,66.2222,16.1074,447.0596,0.455446,5.32122,655.5054,2.82606
63.59,0.02395875,981.2614,4.181872,66.2231,16.1077,446.9958,0.455383,5.32181,655.4867,2.82563
63.6,0.02397,981.256,4.18188,66.224,16.108,446.932,0.45532,5.3224,655.468,2.8252
63.61,0.02398125,981.2506,4.181888,66.2249,16.1083,446.8682,0.455257,5.32299,655.4493,2.82477
63.62,0.0239925,981.2452,4.181896,66.2258,16.1086,446.8044,0.455194,5.32358,655.4306,2.82434
63.63,0.02400375,981.2398,4.181904,66.2267,16.1089,446.7406,0.455131,5.32417,655.4119,2.82391
63.64,0.024015,981.2344,4.181912,66.2276,16.1092,446.6768,0.455068,5.32476,655.3932,2.82348
63.65,0.02402625,981.229,4.18192,66.2285,16.1095,446.613,0.455005,5.32535,655.3745,2.82305
63.66,0.0240375,981.2236,4.181928,66.2294,16.1098,446.5492,0.454942,5.32594,655.3558,2.82262
63.67,0.02404875,981.2182,4.181936,66.2303,16.1101,446.4854,0.454879,5.32653,655.3371,2.82219
63.68,0.02406,981.2128,4.181944,66.2312,16.1104,446.4216,0.454816,5.32712,655.3184,2.82176
63.69,0.02407125,981.2074,4.181952,66.2321,16.1107,446.3578,0.454753,5.32771,655.2997,2.82133
63.7,0.0240825,981.202,4.18196,66.233,16.111,446.294,0.45469,5.3283,655.281,2.8209
63.71,0.02409375,981.1966,4.181968,66.2339,16.1113,446.2302,0.454627,5.32889,655.2623,2.82047
63.72,0.024105,981.1912,4.181976,66.2348,16.1116,446.1664,0.454564,5.32948,655.2436,2.82004
63.73,0.02411625,981.1858,4.181984,66.2357,16.1119,446.1026,0.454501,5.33007,655.2249,2.81961
63.74,0.0241275,981.1804,4.181992,66.2366,16.1122,446.0388,0.454438,5.33066,655.2062,2.81918
63.75,0.02413875,981.175,4.182,66.2375,16.1125,445.975,0.454375,5.33125,655.1875,2.81875
63.76,0.02415,981.1696,4.182008,66.2384,16.1128,445.9112,0.454312,5.33184,655.1688,2.81832
63.77,0.02416125,981.1642,4.182016,66.2393,16.1131,445.8474,0.454249,5.33243,655.1501,2.81789
63.78,0.0241725,981.1588,4.182024,66.2402,16.1134,445.7836,0.454186,5.33302,655.1314,2.81746
63.79,0.02418375,981.1534,4.182032,66.2411,16.1137,445.7198,0.454123,5.33361,655.1127,2.81703
63.8,0.024195,981.148,4.18204,66.242,16.114,445.656,0.45406,5.3342,655.094,2.8166
63.81,0.02420625,981.1426,4.182048,66.2429,16.1143,445.5922,0.453997,5.33479,655.0753,2.81617
63.82,0.0242175,981.1372,4.182056,66.2438,16.1146,445.5284,0.453934,5.33538,655.0566,2.81574
63.83,0.02422875,981.1318,4.182064,66.2447,16.1149,445.4646,0.453871,5.33597,655.0379,2.81531
63.84,0.02424,981.1264,4.182072,66.2456,16.1152,445.4008,0.453808,5.33656,655.0192,2.81488
63.85,0.02425125,981.121,4.18208,66.2465,16.1155,445.337,0.453745,5.33715,655.0005,2.81445
63.86,0.0242625,981.1156,4.182088,66.2474,16.1158,445.2732,0.453682,5.33774,654.9818,2.81402
63.87,0.02427375,981.1102,4.182096,66.2483,16.1161,445.2094,0.453619,5.33833,654.9631,2.81359
63.88,0.024285,981.1048,4.182104,66.2492,16.1164,445.1456,0.453556,5.33892,654.9444,2.81316
63.89,0.02429625,981.0994,4.182112,66.2501,16.1167,445.0818,0.453493,5.33951,654.9257,2.81273
63.9,0.0243075,981.094,4.18212,66.251,16.117,445.018,0.45343,5.3401,654.907,2.8123
63.91,0.02431875,981.0886,4.182128,66.2519,16.1173,444.9542,0.453367,5.34069,654.8883,2.81187
63.92,0.02433,981.0832,4.182136,66.2528,16.1176,444.8904,0.453304,5.34128,654.8696,2.81144
63.93,0.02434125,981.0778,4.182144,66.2537,16.1179,444.8266,0.453241,5.34187,654.8509,2.81101
63.94,0.0243525,981.0724,4.182152,66.2546,16.1182,444.7628,0.453178,5.34246,654.8322,2.81058
63.95,0.02436375,981.067,4.18216,66.2555,16.1185,444.699,0.453115,5.34305,654.8135,2.81015
63.96,0.024375,981.0616,4.182168,66.2564,16.1188,444.6352,0.453052,5.34364,654.7948,2.80972
63.97,0.02438625,981.0562,4.182176,66.2573,16.1191,444.5714,0.452989,5.34423,654.7761,2.80929
63.98,0.0243975,981.0508,4.182184,66.2582,16.1194,444.5076,0.452926,5.34482,654.7574,2.80886
63.99,0.02440875,981.0454,4.182192,66.2591,16.1197,444.4438,0.452863,5.34541,654.7387,2.80843
64,0.02442,981.04,4.1822,66.26,16.12,444.38,0.4528,5.346,654.72,2.808
64.01,0.02443125,981.0346,4.182208,66.2609,16.1203,444.3162,0.452737,5.34659,654.7013,2.80757
64.02,0.0244425,981.0292,4.182216,66.2618,16.1206,444.2524,0.452674,5.34718,654.6826,2.80714
64.03,0.02445375,981.0238,4.182224,66.2627,16.1209,444.1886,0.452611,5.34777,654.6639,2.80671
64.04,0.024465,981.0184,4.182232,66.2636,16.1212,444.1248,0.452548,5.34836,654.6452,2.80628
64.05,0.02447625,981.013,4.18224,66.2645,16.1215,444.061,0.452485,5.34895,654.6265,2.80585
64.06,0.0244875,981.0076,4.182248,66.2654,16.1218,443.9972,0.452422,5.34954,654.6078,2.80542
64.07,0.02449875,981.0022,4.182256,66.2663,16.1221,443.9334,0.452359,5.35013,654.5891,2.80499
64.08,0.02451,980.9968,4.182264,66.2672,16.1224,443.8696,0.452296,5.35072,654.5704,2.80456
64.09,0.02452125,980.9914,4.182272,66.2681,16.1227,443.8058,0.452233,5.35131,654.5517,2.80413
64.1,0.0245325,980.986,4.18228,66.269,16.123,443.742,0.45217,5.3519,654.533,2.8037
64.11,0.02454375,980.9806,4.182288,66.2699,16.1233,443.6782,0.452107,5.35249,654.5143,2.80327
64.12,0.024555,980.9752,4.182296,66.2708,16.1236,443.6144,0.452044,5.35308,654.4956,2.80284
64.13,0.02456625,980.9698,4.182304,66.2717,16.1239,443.5506,0.451981,5.35367,654.4769,2.80241
64.14,0.0245775,980.9644,4.182312,66.2726,16.1242,443.4868,0.451918,5.35426,654.4582,2.80198
64.15,0.02458875,980.959,4.18232,66.2735,16.1245,443.423,0.451855,5.35485,654.4395,2.80155
64.16,0.0246,980.9536,4.182328,66.2744,16.1248,443.3592,0.451792,5.35544,654.4208,2.80112
64.17,0.02461125,980.9482,4.182336,66.2753,16.1251,443.2954,0.451729,5.35603,654.4021,2.80069
64.18,0.0246225,980.9428,4.182344,66.2762,16.1254,443.2316,0.451666,5.35662,654.3834,2.80026
64.19,0.02463375,980.9374,4.182352,66.2771,16.1257,443.1678,0.451603,5.35721,654.3647,2.79983
64.2,0.024645,980.932,4.18236,66.278,16.126,443.104,0.45154,5.3578,654.346,2.7994
64.21,0.02465625,980.9266,4.182368,66.2789,16.1263,443.0402,0.451477,5.35839,654.3273,2.79897
64.22,0.0246675,980.9212,4.182376,66.2798,16.1266,442.9764,0.451414,5.35898,654.3086,2.79854
64.23,0.02467875,980.9158,4.182384,66.2807,16.1269,442.9126,0.451351,5.35957,654.2899,2.79811
64.24,0.02469,980.9104,4.182392,66.2816,16.1272,442.8488,0.451288,5.36016,654.2712,2.79768
64.25,0.02470125,980.905,4.1824,66.2825,16.1275,442.785,0.451225,5.36075,654.2525,2.79725
64.26,0.0247125,980.8996,4.182408,66.2834,16.1278,442.7212,0.451162,5.36134,654.2338,2.79682
64.27,0.02472375,980.8942,4.182416,66.2843,16.1281,442.6574,0.451099,5.36193,654.2151,2.79639
64.28,0.024735,980.8888,4.182424,66.2852,16.1284,442.5936,0.451036,5.36252,654.1964,2.79596
64.29,0.02474625,980.8834,4.182432,66.2861,16.1287,442.5298,0.450973,5.36311,654.1777,2.79553
64.3,0.0247575,980.878,4.18244,66.287,16.129,442.466,0.45091,5.3637,654.159,2.7951
64.31,0.02476875,980.8726,4.182448,66.2879,16.1293,442.4022,0.450847,5.36429,654.1403,2.79467
64.32,0.02478,980.8672,4.182456,66.2888,16.1296,442.3384,0.450784,5.36488,654.1216,2.79424
64.33,0.02479125,980.8618,4.182464,66.2897,16.1299,442.2746,0.450721,5.36547,654.1029,2.79381
64.34,0.0248025,980.8564,4.182472,66.2906,16.1302,442.2108,0.450658,5.36606,654.0842,2.79338
64.35,0.02481375,980.851,4.18248,66.2915,16.1305,442.147,0.450595,5.36665,654.0655,2.79295
64.36,0.024825,980.8456,4.182488,66.2924,16.1308,442.0832,0.450532,5.36724,654.0468,2.79252
64.37,0.02483625,980.8402,4.182496,66.2933,16.1311,442.0194,0.450469,5.36783,654.0281,2.79209
64.38,0.0248475,980.8348,4.182504,66.2942,16.1314,441.9556,0.450406,5.36842,654.0094,2.79166
64.39,0.02485875,980.8294,4.182512,66.2951,16.1317,441.8918,0.450343,5.36901,653.9907,2.79123
64.4,0.02487,980.824,4.18252,66.296,16.132,441.828,0.45028,5.3696,653.972,2.7908
64.41,0.02488125,980.8186,4.182528,66.2969,16.1323,441.7642,0.450217,5.37019,653.9533,2.79037
64.42,0.0248925,980.8132,4.182536,66.2978,16.1326,441.7004,0.450154,5.37078,653.9346,2.78994
64.43,0.02490375,980.8078,4.182544,66.2987,16.1329,441.6366,0.450091,5.37137,653.9159,2.78951
64.44,0.024915,980.8024,4.182552,66.2996,16.1332,441.5728,0.450028,5.37196,653.8972,2.78908
64.45,0.02492625,980.797,4.18256,66.3005,16.1335,441.509,0.449965,5.37255,653.8785,2.78865
64.46,0.0249375,980.7916,4.182568,66.3014,16.1338,441.4452,0.449902,5.37314,653.8598,2.78822
64.47,0.02494875,980.7862,4.182576,66.3023,16.1341,441.3814,0.449839,5.37373,653.8411,2.78779
64.48,0.02496,980.7808,4.182584,66.3032,16.1344,441.3176,0.449776,5.37432,653.8224,2.78736
64.49,0.02497125,980.7754,4.182592,66.3041,16.1347,441.2538,0.449713,5.37491,653.8037,2.78693
64.5,0.0249825,980.77,4.1826,66.305,16.135,441.19,0.44965,5.3755,653.785,2.7865
64.51,0.02499375,980.7646,4.182608,66.3059,16.1353,441.1262,0.449587,5.37609,653.7663,2.78607
64.52,0.025005,980.7592,4.182616,66.3068,16.1356,441.0624,0.449524,5.37668,653.7476,2.78564
64.53,0.02501625,980.7538,4.182624,66.3077,16.1359,440.9986,0.449461,5.37727,653.7289,2.78521
64.54,0.0250275,980.7484,4.182632,66.3086,16.1362,440.9348,0.449398,5.37786,653.7102,2.78478
64.55,0.02503875,980.743,4.18264,66.3095,16.1365,440.871,0.449335,5.37845,653.6915,2.78435
64.56,0.02505,980.7376,4.182648,66.3104,16.1368,440.8072,0.449272,5.37904,653.6728,2.78392
64.57,0.02506125,980.7322,4.182656,66.3113,16.1371,440.7434,0.449209,5.37963,653.6541,2.78349
64.58,0.0250725,980.7268,4.182664,66.3122,16.1374,440.6796,0.449146,5.38022,653.6354,2.78306
64.59,0.02508375,980.7214,4.182672,66.3131,16.1377,440.6158,0.449083,5.38081,653.6167,2.78263
64.6,0.025095,980.716,4.18268,66.314,16.138,440.552,0.44902,5.3814,653.598,2.7822
64.61,0.02510625,980.7106,4.182688,66.3149,16.1383,440.4882,0.448957,5.38199,653.5793,2.78177
64.62,0.0251175,980.7052,4.182696,66.3158,16.1386,440.4244,0.448894,5.38258,653.5606,2.78134
64.63,0.02512875,980.6998,4.182704,66.3167,16.1389,440.3606,0.448831,5.38317,653.5419,2.78091
64.64,0.02514,980.6944,4.182712,66.3176,16.1392,440.2968,0.448768,5.38376,653.5232,2.78048
64.65,0.02515125,980.689,4.18272,66.3185,16.1395,440.233,0.448705,5.38435,653.5045,2.78005
64.66,0.0251625,980.6836,4.182728,66.3194,16.1398,440.1692,0.448642,5.38494,653.4858,2.77962
64.67,0.02517375,980.6782,4.182736,66.3203,16.1401,440.1054,0.448579,5.38553,653.4671,2.77919
64.68,0.025185,980.6728,4.182744,66.3212,16.1404,440.0416,0.448516,5.38612,653.4484,2.77876
64.69,0.02519625,980.6674,4.182752,66.3221,16.1407,439.9778,0.448453,5.38671,653.4297,2.77833
64.7,0.0252075,980.662,4.18276,66.323,16.141,439.914,0.44839,5.3873,653.411,2.7779
64.71,0.02521875,980.6566,4.182768,66.3239,16.1413,439.8502,0.448327,5.38789,653.3923,2.77747
64.72,0.02523,980.6512,4.182776,66.3248,16.1416,439.7864,0.448264,5.38848,653.3736,2.77704
64.73,0.02524125,980.6458,4.182784,66.3257,16.1419,439.7226,0.448201,5.38907,653.3549,2.77661
64.74,0.0252525,980.6404,4.182792,66.3266,16.1422,439.6588,0.448138,5.38966,653.3362,2.77618
64.75,0.02526375,980.635,4.1828,66.3275,16.1425,439.595,0.448075,5.39025,653.3175,2.77575
64.76,0.025275,980.6296,4.182808,66.3284,16.1428,439.5312,0.448012,5.39084,653.2988,2.77532
64.77,0.02528625,980.6242,4.182816,66.3293,16.1431,439.4674,0.447949,5.39143,653.2801,2.77489
64.78,0.0252975,980.6188,4.182824,66.3302,16.1434,439.4036,0.447886,5.39202,653.2614,2.77446
64.79,0.02530875,980.6134,4.182832,66.3311,16.1437,439.3398,0.447823,5.39261,653.2427,2.77403
64.8,0.02532,980.608,4.18284,66.332,16.144,439.276,0.44776,5.3932,653.224,2.7736
64.81,0.02533125,980.6026,4.182848,66.3329,16.1443,439.2122,0.447697,5.39379,653.2053,2.77317
64.82,0.0253425,980.5972,4.182856,66.3338,16.1446,439.1484,0.447634,5.39438,653.1866,2.77274
64.83,0.02535375,980.5918,4.182864,66.3347,16.1449,439.0846,0.447571,5.39497,653.1679,2.77231
64.84,0.025365,980.5864,4.182872,66.3356,16.1452,439.0208,0.447508,5.39556,653.1492,2.77188
64.85,0.02537625,980.581,4.18288,66.3365,16.1455,438.957,0.447445,5.39615,653.1305,2.77145
64.86,0.0253875,980.5756,4.182888,66.3374,16.1458,438.8932,0.447382,5.39674,653.1118,2.77102
64.87,0.02539875,980.5702,4.182896,66.3383,16.1461,438.8294,0.447319,5.39733,653.0931,2.77059
64.88,0.02541,980.5648,4.182904,66.3392,16.1464,438.7656,0.447256,5.39792,653.0744,2.77016
64.89,0.02542125,980.5594,4.182912,66.3401,16.1467,438.7018,0.447193,5.39851,653.0557,2.76973
64.9,0.0254325,980.554,4.18292,66.341,16.147,438.638,0.44713,5.3991,653.037,2.7693
64.91,0.02544375,980.5486,4.182928,66.3419,16.1473,438.5742,0.447067,5.39969,653.0183,2.76887
64.92,0.025455,980.5432,4.182936,66.3428,16.1476,438.5104,0.447004,5.40028,652.9996,2.76844
64.93,0.02546625,980.5378,4.182944,66.3437,16.1479,438.4466,0.446941,5.40087,652.9809,2.76801
64.94,0.0254775,980.5324,4.182952,66.3446,16.1482,438.3828,0.446878,5.40146,652.9622,2.76758
64.95,0.02548875,980.527,4.18296,66.3455,16.1485,438.319,0.446815,5.40205,652.9435,2.76715
64.96,0.0255,980.5216,4.182968,66.3464,16.1488,438.2552,0.446752,5.40264,652.9248,2.76672
64.97,0.02551125,980.5162,4.182976,66.3473,16.1491,438.1914,0.446689,5.40323,652.9061,2.76629
64.98,0.0255225,980.5108,4.182984,66.3482,16.1494,438.1276,0.446626,5.40382,652.8874,2.76586
64.99,0.02553375,980.5054,4.182992,66.3491,16.1497,438.0638,0.446563,5.40441,652.8687,2.76543
65,0.025545,980.5,4.183,66.35,16.15,438,0.4465,5.405,652.85,2.765
65.01,0.02555625,980.4946,4.183008,66.3509,16.1503,437.9362,0.446437,5.40559,652.8313,2.76457
65.02,0.0255675,980.4892,4.183016,66.3518,16.1506,437.8724,0.446374,5.40618,652.8126,2.76414
65.03,0.02557875,980.4838,4.183024,66.3527,16.1509,437.8086,0.446311,5.40677,652.7939,2.76371
65.04,0.02559,980.4784,4.183032,66.3536,16.1512,437.7448,0.446248,5.40736,652.7752,2.76328
65.05,0.02560125,980.473,4.18304,66.3545,16.1515,437.681,0.446185,5.40795,652.7565,2.76285
65.06,0.0256125,980.4676,4.183048,66.3554,16.1518,437.6172,0.446122,5.40854,652.7378,2.76242
65.07,0.02562375,980.4622,4.183056,66.3563,16.1521,437.5534,0.446059,5.40913,652.7191,2.76199
65.08,0.025635,980.4568,4.183064,66.3572,16.1524,437.4896,0.445996,5.40972,652.7004,2.76156
65.09,0.02564625,980.4514,4.183072,66.3581,16.1527,437.4258,0.445933,5.41031,652.6817,2.76113
65.1,0.0256575,980.446,4.18308,66.359,16.153,437.362,0.44587,5.4109,652.663,2.7607
65.11,0.02566875,980.4406,4.183088,66.3599,16.1533,437.2982,0.445807,5.41149,652.6443,2.76027
65.12,0.02568,980.4352,4.183096,66.3608,16.1536,437.2344,0.445744,5.41208,652.6256,2.75984
65.13,0.02569125,980.4298,4.183104,66.3617,16.1539,437.1706,0.445681,5.41267,652.6069,2.75941
65.14,0.0257025,980.4244,4.183112,66.3626,16.1542,437.1068,0.445618,5.41326,652.5882,2.75898
65.15,0.02571375,980.419,4.18312,66.3635,16.1545,437.043,0.445555,5.41385,652.5695,2.75855
65.16,0.025725,980.4136,4.183128,66.3644,16.1548,436.9792,0.445492,5.41444,652.5508,2.75812
65.17,0.02573625,980.4082,4.183136,66.3653,16.1551,436.9154,0.445429,5.41503,652.5321,2.75769
65.18,0.0257475,980.4028,4.183144,66.3662,16.1554,436.8516,0.445366,5.41562,652.5134,2.75726
65.19,0.02575875,980.3974,4.183152,66.3671,16.1557,436.7878,0.445303,5.41621,652.4947,2.75683
65.2,0.02577,980.392,4.18316,66.368,16.156,436.724,0.44524,5.4168,652.476,2.7564
65.21,0.02578125,980.3866,4.183168,66.3689,16.1563,436.6602,0.445177,5.41739,652.4573,2.75597
65.22,0.0257925,980.3812,4.183176,66.3698,16.1566,436.5964,0.445114,5.41798,652.4386,2.75554
65.23,0.02580375,980.3758,4.183184,66.3707,16.1569,436.5326,0.445051,5.41857,652.4199,2.75511
65.24,0.025815,980.3704,4.183192,66.3716,16.1572,436.4688,0.444988,5.41916,652.4012,2.75468
65.25,0.02582625,980.365,4.1832,66.3725,16.1575,436.405,0.444925,5.41975,652.3825,2.75425
65.26,0.0258375,980.3596,4.183208,66.3734,16.1578,436.3412,0.444862,5.42034,652.3638,2.75382
65.27,0.02584875,980.3542,4.183216,66.3743,16.1581,436.2774,0.444799,5.42093,652.3451,2.75339
65.28,0.02586,980.3488,4.183224,66.3752,16.1584,436.2136,0.444736,5.42152,652.3264,2.75296
65.29,0.02587125,980.3434,4.183232,66.3761,16.1587,436.1498,0.444673,5.42211,652.3077,2.75253
65.3,0.0258825,980.338,4.18324,66.377,16.159,436.086,0.44461,5.4227,652.289,2.7521
65.31,0.02589375,980.3326,4.183248,66.3779,16.1593,436.0222,0.444547,5.42329,652.2703,2.75167
65.32,0.025905,980.3272,4.183256,66.3788,16.1596,435.9584,0.444484,5.42388,652.2516,2.75124
65.33,0.02591625,980.3218,4.183264,66.3797,16.1599,435.8946,0.444421,5.42447,652.2329,2.75081
65.34,0.0259275,980.3164,4.183272,66.3806,16.1602,435.8308,0.444358,5.42506,652.2142,2.75038
65.35,0.02593875,980.311,4.18328,66.3815,16.1605,435.767,0.444295,5.42565,652.1955,2.74995
65.36,0.02595,980.3056,4.183288,66.3824,16.1608,435.7032,0.444232,5.42624,652.1768,2.74952
65.37,0.02596125,980.3002,4.183296,66.3833,16.1611,435.6394,0.444169,5.42683,652.1581,2.74909
65.38,0.0259725,980.2948,4.183304,66.3842,16.1614,435.5756,0.444106,5.42742,652.1394,2.74866
65.39,0.02598375,980.2894,4.183312,66.3851,16.1617,435.5118,0.444043,5.42801,652.1207,2.74823
65.4,0.025995,980.284,4.18332,66.386,16.162,435.448,0.44398,5.4286,652.102,2.7478
65.41,0.02600625,980.2786,4.183328,66.3869,16.1623,435.3842,0.443917,5.42919,652.0833,2.74737
65.42,0.0260175,980.2732,4.183336,66.3878,16.1626,435.3204,0.443854,5.42978,652.0646,2.74694
65.43,0.02602875,980.2678,4.183344,66.3887,16.1629,435.2566,0.443791,5.43037,652.0459,2.74651
65.44,0.02604,980.2624,4.183352,66.3896,16.1632,435.1928,0.443728,5.43096,652.0272,2.74608
65.45,0.02605125,980.257,4.18336,66.3905,16.1635,435.129,0.443665,5.43155,652.0085,2.74565
65.46,0.0260625,980.2516,4.183368,66.3914,16.1638,435.0652,0.443602,5.43214,651.9898,2.74522
65.47,0.02607375,980.2462,4.183376,66.3923,16.1641,435.0014,0.443539,5.43273,651.9711,2.74479
65.48,0.026085,980.2408,4.183384,66.3932,16.1644,434.9376,0.443476,5.43332,651.9524,2.74436
65.49,0.02609625,980.2354,4.183392,66.3941,16.1647,434.8738,0.443413,5.43391,651.9337,2.74393
65.5,0.0261075,980.23,4.1834,66.395,16.165,434.81,0.44335,5.4345,651.915,2.7435
65.51,0.02611875,980.2246,4.183408,66.3959,16.1653,434.7462,0.443287,5.43509,651.8963,2.74307
65.52,0.02613,980.2192,4.183416,66.3968,16.1656,434.6824,0.443224,5.43568,651.8776,2.74264
65.53,0.02614125,980.2138,4.183424,66.3977,16.1659,434.6186,0.443161,5.43627,651.8589,2.74221
65.54,0.0261525,980.2084,4.183432,66.3986,16.1662,434.5548,0.443098,5.43686,651.8402,2.74178
65.55,0.02616375,980.203,4.18344,66.3995,16.1665,434.491,0.443035,5.43745,651.8215,2.74135
65.56,0.026175,980.1976,4.183448,66.4004,16.1668,434.4272,0.442972,5.43804,651.8028,2.74092
65.57,0.02618625,980.1922,4.183456,66.4013,16.1671,434.3634,0.442909,5.43863,651.7841,2.74049
65.58,0.0261975,980.1868,4.183464,66.4022,16.1674,434.2996,0.442846,5.43922,651.7654,2.74006
65.59,0.02620875,980.1814,4.183472,66.4031,16.1677,434.2358,0.442783,5.43981,651.7467,2.73963
65.6,0.02622,980.176,4.18348,66.404,16.168,434.172,0.44272,5.4404,651.728,2.7392
65.61,0.02623125,980.1706,4.183488,66.4049,16.1683,434.1082,0.442657,5.44099,651.7093,2.73877
65.62,0.0262425,980.1652,4.183496,66.4058,16.1686,434.0444,0.442594,5.44158,651.6906,2.73834
65.63,0.02625375,980.1598,4.183504,66.4067,16.1689,433.9806,0.442531,5.44217,651.6719,2.73791
65.64,0.026265,980.1544,4.183512,66.4076,16.1692,433.9168,0.442468,5.44276,651.6532,2.73748
65.65,0.02627625,980.149,4.18352,66.4085,16.1695,433.853,0.442405,5.44335,651.6345,2.73705
65.66,0.0262875,980.1436,4.183528,66.4094,16.1698,433.7892,0.442342,5.44394,651.6158,2.73662
65.67,0.02629875,980.1382,4.183536,66.4103,16.1701,433.7254,0.442279,5.44453,651.5971,2.73619
65.68,0.02631,980.1328,4.183544,66.4112,16.1704,433.6616,0.442216,5.44512,651.5784,2.73576
65.69,0.02632125,980.1274,4.183552,66.4121,16.1707,433.5978,0.442153,5.44571,651.5597,2.73533
65.7,0.0263325,980.122,4.18356,66.413,16.171,433.534,0.44209,5.4463,651.541,2.7349
65.71,0.02634375,980.1166,4.183568,66.4139,16.1713,433.4702,0.442027,5.44689,651.5223,2.73447
65.72,0.026355,980.1112,4.183576,66.4148,16.1716,433.4064,0.441964,5.44748,651.5036,2.73404
65.73,0.02636625,980.1058,4.183584,66.4157,16.1719,433.3426,0.441901,5.44807,651.4849,2.73361
65.74,0.0263775,980.1004,4.183592,66.4166,16.1722,433.2788,0.441838,5.44866,651.4662,2.73318
65.75,0.02638875,980.095,4.1836,66.4175,16.1725,433.215,0.441775,5.44925,651.4475,2.73275
65.76,0.0264,980.0896,4.183608,66.4184,16.1728,433.1512,0.441712,5.44984,651.4288,2.73232
65.77,0.02641125,980.0842,4.183616,66.4193,16.1731,433.0874,0.441649,5.45043,651.4101,2.73189
65.78,0.0264225,980.0788,4.183624,66.4202,16.1734,433.0236,0.441586,5.45102,651.3914,2.73146
65.79,0.02643375,980.0734,4.183632,66.4211,16.1737,432.9598,0.441523,5.45161,651.3727,2.73103
65.8,0.026445,980.068,4.18364,66.422,16.174,432.896,0.44146,5.4522,651.354,2.7306
65.81,0.02645625,980.0626,4.183648,66.4229,16.1743,432.8322,0.441397,5.45279,651.3353,2.73017
65.82,0.0264675,980.0572,4.183656,66.4238,16.1746,432.7684,0.441334,5.45338,651.3166,2.72974
65.83,0.02647875,980.0518,4.183664,66.4247,16.1749,432.7046,0.441271,5.45397,651.2979,2.72931
65.84,0.02649,980.0464,4.183672,66.4256,16.1752,432.6408,0.441208,5.45456,651.2792,2.72888
65.85,0.02650125,980.041,4.18368,66.4265,16.1755,432.577,0.441145,5.45515,651.2605,2.72845
65.86,0.0265125,980.0356,4.183688,66.4274,16.1758,432.5132,0.441082,5.45574,651.2418,2.72802
65.87,0.02652375,980.0302,4.183696,66.4283,16.1761,432.4494,0.441019,5.45633,651.2231,2.72759
65.88,0.026535,980.0248,4.183704,66.4292,16.1764,432.3856,0.440956,5.45692,651.2044,2.72716
65.89,0.02654625,980.0194,4.183712,66.4301,16.1767,432.3218,0.440893,5.45751,651.1857,2.72673
65.9,0.0265575,980.014,4.18372,66.431,16.177,432.258,0.44083,5.4581,651.167,2.7263
65.91,0.02656875,980.0086,4.183728,66.4319,16.1773,432.1942,0.440767,5.45869,651.1483,2.72587
65.92,0.02658,980.0032,4.183736,66.4328,16.1776,432.1304,0.440704,5.45928,651.1296,2.72544
65.93,0.02659125,979.9978,4.183744,66.4337,16.1779,432.0666,0.440641,5.45987,651.1109,2.72501
65.94,0.0266025,979.9924,4.183752,66.4346,16.1782,432.0028,0.440578,5.46046,651.0922,2.72458
65.95,0.02661375,979.987,4.18376,66.4355,16.1785,431.939,0.440515,5.46105,651.0735,2.72415
65.96,0.026625,979.9816,4.183768,66.4364,16.1788,431.8752,0.440452,5.46164,651.0548,2.72372
65.97,0.02663625,979.9762,4.183776,66.4373,16.1791,431.8114,0.440389,5.46223,651.0361,2.72329
65.98,0.0266475,979.9708,4.183784,66.4382,16.1794,431.7476,0.440326,5.46282,651.0174,2.72286
65.99,0.02665875,979.9654,4.183792,66.4391,16.1797,431.6838,0.440263,5.46341,650.9987,2.72243
66,0.02667,979.96,4.1838,66.44,16.18,431.62,0.4402,5.464,650.98,2.722
66.01,0.02668125,979.9546,4.183808,66.4409,16.1803,431.5562,0.440137,5.46459,650.9613,2.72157
66.02,0.0266925,979.9492,4.183816,66.4418,16.1806,431.4924,0.440074,5.46518,650.9426,2.72114
66.03,0.02670375,979.9438,4.183824,66.4427,16.1809,431.4286,0.440011,5.46577,650.9239,2.72071
66.04,0.026715,979.9384,4.183832,66.4436,16.1812,431.3648,0.439948,5.46636,650.9052,2.72028
66.05,0.02672625,979.933,4.18384,66.4445,16.1815,431.301,0.439885,5.46695,650.8865,2.71985
66.06,0.0267375,979.9276,4.183848,66.4454,16.1818,431.2372,0.439822,5.46754,650.8678,2.71942
66.07,0.02674875,979.9222,4.183856,66.4463,16.1821,431.1734,0.439759,5.46813,650.8491,2.71899
66.08,0.02676,979.9168,4.183864,66.4472,16.1824,431.1096,0.439696,5.46872,650.8304,2.71856
66.09,0.02677125,979.9114,4.183872,66.4481,16.1827,431.0458,0.439633,5.46931,650.8117,2.71813
66.1,0.0267825,979.906,4.18388,66.449,16.183,430.982,0.43957,5.4699,650.793,2.7177
66.11,0.02679375,979.9006,4.183888,66.4499,16.1833,430.9182,0.439507,5.47049,650.7743,2.71727
66.12,0.026805,979.8952,4.183896,66.4508,16.1836,430.8544,0.439444,5.47108,650.7556,2.71684
66.13,0.02681625,979.8898,4.183904,66.4517,16.1839,430.7906,0.439381,5.47167,650.7369,2.71641
66.14,0.0268275,979.8844,4.183912,66.4526,16.1842,430.7268,0.439318,5.47226,650.7182,2.71598
66.15,0.02683875,979.879,4.18392,66.4535,16.1845,430.663,0.439255,5.47285,650.6995,2.71555
66.16,0.02685,979.8736,4.183928,66.4544,16.1848,430.5992,0.439192,5.47344,650.6808,2.71512
66.17,0.02686125,979.8682,4.183936,66.4553,16.1851,430.5354,0.439129,5.47403,650.6621,2.71469
66.18,0.0268725,979.8628,4.183944,66.4562,16.1854,430.4716,0.439066,5.47462,650.6434,2.71426
66.19,0.02688375,979.8574,4.183952,66.4571,16.1857,430.4078,0.439003,5.47521,650.6247,2.71383
66.2,0.026895,979.852,4.18396,66.458,16.186,430.344,0.43894,5.4758,650.606,2.7134
66.21,0.02690625,979.8466,4.183968,66.4589,16.1863,430.2802,0.438877,5.47639,650.5873,2.71297
66.22,0.0269175,979.8412,4.183976,66.4598,16.1866,430.2164,0.438814,5.47698,650.5686,2.71254
66.23,0.02692875,979.8358,4.183984,66.4607,16.1869,430.1526,0.438751,5.47757,650.5499,2.71211
66.24,0.02694,979.8304,4.183992,66.4616,16.1872,430.0888,0.438688,5.47816,650.5312,2.71168
66.25,0.02695125,979.825,4.184,66.4625,16.1875,430.025,0.438625,5.47875,650.5125,2.71125
66.26,0.0269625,979.8196,4.184008,66.4634,16.1878,429.9612,0.438562,5.47934,650.4938,2.71082
66.27,0.02697375,979.8142,4.184016,66.4643,16.1881,429.8974,0.438499,5.47993,650.4751,2.71039
66.28,0.026985,979.8088,4.184024,66.4652,16.1884,429.8336,0.438436,5.48052,650.4564,2.70996
66.29,0.02699625,979.8034,4.184032,66.4661,16.1887,429.7698,0.438373,5.48111,650.4377,2.70953
66.3,0.0270075,979.798,4.18404,66.467,16.189,429.706,0.43831,5.4817,650.419,2.7091
66.31,0.02701875,979.7926,4.184048,66.4679,16.1893,429.6422,0.438247,5.48229,650.4003,2.70867
66.32,0.02703,979.7872,4.184056,66.4688,16.1896,429.5784,0.438184,5.48288,650.3816,2.70824
66.33,0.02704125,979.7818,4.184064,66.4697,16.1899,429.5146,0.438121,5.48347,650.3629,2.70781
66.34,0.0270525,979.7764,4.184072,66.4706,16.1902,429.4508,0.438058,5.48406,650.3442,2.70738
66.35,0.02706375,979.771,4.18408,66.4715,16.1905,429.387,0.437995,5.48465,650.3255,2.70695
66.36,0.027075,979.7656,4.184088,66.4724,16.1908,429.3232,0.437932,5.48524,650.3068,2.70652
66.37,0.02708625,979.7602,4.184096,66.4733,16.1911,429.2594,0.437869,5.48583,650.2881,2.70609
66.38,0.0270975,979.7548,4.184104,66.4742,16.1914,429.1956,0.437806,5.48642,650.2694,2.70566
66.39,0.02710875,979.7494,4.184112,66.4751,16.1917,429.1318,0.437743,5.48701,650.2507,2.70523
66.4,0.02712,979.744,4.18412,66.476,16.192,429.068,0.43768,5.4876,650.232,2.7048
66.41,0.02713125,979.7386,4.184128,66.4769,16.1923,429.0042,0.437617,5.48819,650.2133,2.70437
66.42,0.0271425,979.7332,4.184136,66.4778,16.1926,428.9404,0.437554,5.48878,650.1946,2.70394
66.43,0.02715375,979.7278,4.184144,66.4787,16.1929,428.8766,0.437491,5.48937,650.1759,2.70351
66.44,0.027165,979.7224,4.184152,66.4796,16.1932,428.8128,0.437428,5.48996,650.1572,2.70308
66.45,0.02717625,979.717,4.18416,66.4805,16.1935,428.749,0.437365,5.49055,650.1385,2.70265
66.46,0.0271875,979.7116,4.184168,66.4814,16.1938,428.6852,0.437302,5.49114,650.1198,2.70222
66.47,0.02719875,979.7062,4.184176,66.4823,16.1941,428.6214,0.437239,5.49173,650.1011,2.70179
66.48,0.02721,979.7008,4.184184,66.4832,16.1944,428.5576,0.437176,5.49232,650.0824,2.70136
66.49,0.02722125,979.6954,4.184192,66.4841,16.1947,428.4938,0.437113,5.49291,650.0637,2.70093
66.5,0.0272325,979.69,4.1842,66.485,16.195,428.43,0.43705,5.4935,650.045,2.7005
66.51,0.02724375,979.6846,4.184208,66.4859,16.1953,428.3662,0.436987,5.49409,650.0263,2.70007
66.52,0.027255,979.6792,4.184216,66.4868,16.1956,428.3024,0.436924,5.49468,650.0076,2.69964
66.53,0.02726625,979.6738,4.184224,66.4877,16.1959,428.2386,0.436861,5.49527,649.9889,2.69921
66.54,0.0272775,979.6684,4.184232,66.4886,16.1962,428.1748,0.436798,5.49586,649.9702,2.69878
66.55,0.02728875,979.663,4.18424,66.4895,16.1965,428.111,0.436735,5.49645,649.9515,2.69835
66.56,0.0273,979.6576,4.184248,66.4904,16.1968,428.0472,0.436672,5.49704,649.9328,2.69792
66.57,0.02731125,979.6522,4.184256,66.4913,16.1971,427.9834,0.436609,5.49763,649.9141,2.69749
66.58,0.0273225,979.6468,4.184264,66.4922,16.1974,427.9196,0.436546,5.49822,649.8954,2.69706
66.59,0.02733375,979.6414,4.184272,66.4931,16.1977,427.8558,0.436483,5.49881,649.8767,2.69663
66.6,0.027345,979.636,4.18428,66.494,16.198,427.792,0.43642,5.4994,649.858,2.6962
66.61,0.02735625,979.6306,4.184288,66.4949,16.1983,427.7282,0.436357,5.49999,649.8393,2.69577
66.62,0.0273675,979.6252,4.184296,66.4958,16.1986,427.6644,0.436294,5.50058,649.8206,2.69534
66.63,0.02737875,979.6198,4.184304,66.4967,16.1989,427.6006,0.436231,5.50117,649.8019,2.69491
66.64,0.02739,979.6144,4.184312,66.4976,16.1992,427.5368,0.436168,5.50176,649.7832,2.69448
66.65,0.02740125,979.609,4.18432,66.4985,16.1995,427.473,0.436105,5.50235,649.7645,2.69405
66.66,0.0274125,979.6036,4.184328,66.4994,16.1998,427.4092,0.436042,5.50294,649.7458,2.69362
66.67,0.02742375,979.5982,4.184336,66.5003,16.2001,427.3454,0.435979,5.50353,649.7271,2.69319
66.68,0.027435,979.5928,4.184344,66.5012,16.2004,427.2816,0.435916,5.50412,649.7084,2.69276
66.69,0.02744625,979.5874,4.184352,66.5021,16.2007,427.2178,0.435853,5.50471,649.6897,2.69233
66.7,0.0274575,979.582,4.18436,66.503,16.201,427.154,0.43579,5.5053,649.671,2.6919
66.71,0.02746875,979.5766,4.184368,66.5039,16.2013,427.0902,0.435727,5.50589,649.6523,2.69147
66.72,0.02748,979.5712,4.184376,66.5048,16.2016,427.0264,0.435664,5.50648,649.6336,2.69104
66.73,0.02749125,979.5658,4.184384,66.5057,16.2019,426.9626,0.435601,5.50707,649.6149,2.69061
66.74,0.0275025,979.5604,4.184392,66.5066,16.2022,426.8988,0.435538,5.50766,649.5962,2.69018
66.75,0.02751375,979.555,4.1844,66.5075,16.2025,426.835,0.435475,5.50825,649.5775,2.68975
66.76,0.027525,979.5496,4.184408,66.5084,16.2028,426.7712,0.435412,5.50884,649.5588,2.68932
66.77,0.02753625,979.5442,4.184416,66.5093,16.2031,426.7074,0.435349,5.50943,649.5401,2.68889
66.78,0.0275475,979.5388,4.184424,66.5102,16.2034,426.6436,0.435286,5.51002,649.5214,2.68846
66.79,0.02755875,979.5334,4.184432,66.5111,16.2037,426.5798,0.435223,5.51061,649.5027,2.68803
66.8,0.02757,979.528,4.18444,66.512,16.204,426.516,0.43516,5.5112,649.484,2.6876
66.81,0.02758125,979.5226,4.184448,66.5129,16.2043,426.4522,0.435097,5.51179,649.4653,2.68717
66.82,0.0275925,979.5172,4.184456,66.5138,16.2046,426.3884,0.435034,5.51238,649.4466,2.68674
66.83,0.02760375,979.5118,4.184464,66.5147,16.2049,426.3246,0.434971,5.51297,649.4279,2.68631
66.84,0.027615,979.5064,4.184472,66.5156,16.2052,426.2608,0.434908,5.51356,649.4092,2.68588
66.85,0.02762625,979.501,4.18448,66.5165,16.2055,426.197,0.434845,5.51415,649.3905,2.68545
66.86,0.0276375,979.4956,4.184488,66.5174,16.2058,426.1332,0.434782,5.51474,649.3718,2.68502
66.87,0.02764875,979.4902,4.184496,66.5183,16.2061,426.0694,0.434719,5.51533,649.3531,2.68459
66.88,0.02766,979.4848,4.184504,66.5192,16.2064,426.0056,0.434656,5.51592,649.3344,2.68416
66.89,0.02767125,979.4794,4.184512,66.5201,16.2067,425.9418,0.434593,5.51651,649.3157,2.68373
66.9,0.0276825,979.474,4.18452,66.521,16.207,425.878,0.43453,5.5171,649.297,2.6833
66.91,0.02769375,979.4686,4.184528,66.5219,16.2073,425.8142,0.434467,5.51769,649.2783,2.68287
66.92,0.027705,979.4632,4.184536,66.5228,16.2076,425.7504,0.434404,5.51828,649.2596,2.68244
66.93,0.02771625,979.4578,4.184544,66.5237,16.2079,425.6866,0.434341,5.51887,649.2409,2.68201
66.94,0.0277275,979.4524,4.184552,66.5246,16.2082,425.6228,0.434278,5.51946,649.2222,2.68158
66.95,0.02773875,979.447,4.18456,66.5255,16.2085,425.559,0.434215,5.52005,649.2035,2.68115
66.96,0.02775,979.4416,4.184568,66.5264,16.2088,425.4952,0.434152,5.52064,649.1848,2.68072
66.97,0.02776125,979.4362,4.184576,66.5273,16.2091,425.4314,0.434089,5.52123,649.1661,2.68029
66.98,0.0277725,979.4308,4.184584,66.5282,16.2094,425.3676,0.434026,5.52182,649.1474,2.67986
66.99,0.02778375,979.4254,4.184592,66.5291,16.2097,425.3038,0.433963,5.52241,649.1287,2.67943
67,0.027795,979.42,4.1846,66.53,16.21,425.24,0.4339,5.523,649.11,2.679
67.01,0.02780625,979.4146,4.184608,66.5309,16.2103,425.1762,0.433837,5.52359,649.0913,2.67857
67.02,0.0278175,979.4092,4.184616,66.5318,16.2106,425.1124,0.433774,5.52418,649.0726,2.67814
67.03,0.02782875,979.4038,4.184624,66.5327,16.2109,425.0486,0.433711,5.52477,649.0539,2.67771
67.04,0.02784,979.3984,4.184632,66.5336,16.2112,424.9848,0.433648,5.52536,649.0352,2.67728
67.05,0.02785125,979.393,4.18464,66.5345,16.2115,424.921,0.433585,5.52595,649.0165,2.67685
67.06,0.0278625,979.3876,4.184648,66.5354,16.2118,424.8572,0.433522,5.52654,648.9978,2.67642
67.07,0.02787375,979.3822,4.184656,66.5363,16.2121,424.7934,0.433459,5.52713,648.9791,2.67599
67.08,0.027885,979.3768,4.184664,66.5372,16.2124,424.7296,0.433396,5.52772,648.9604,2.67556
67.09,0.02789625,979.3714,4.184672,66.5381,16.2127,424.6658,0.433333,5.52831,648.9417,2.67513
67.1,0.0279075,979.366,4.18468,66.539,16.213,424.602,0.43327,5.5289,648.923,2.6747
67.11,0.02791875,979.3606,4.184688,66.5399,16.2133,424.5382,0.433207,5.52949,648.9043,2.67427
67.12,0.02793,979.3552,4.184696,66.5408,16.2136,424.4744,0.433144,5.53008,648.8856,2.67384
67.13,0.02794125,979.3498,4.184704,66.5417,16.2139,424.4106,0.433081,5.53067,648.8669,2.67341
67.14,0.0279525,979.3444,4.184712,66.5426,16.2142,424.3468,0.433018,5.53126,648.8482,2.67298
67.15,0.02796375,979.339,4.18472,66.5435,16.2145,424.283,0.432955,5.53185,648.8295,2.67255
67.16,0.027975,979.3336,4.184728,66.5444,16.2148,424.2192,0.432892,5.53244,648.8108,2.67212
67.17,0.02798625,979.3282,4.184736,66.5453,16.2151,424.1554,0.432829,5.53303,648.7921,2.67169
67.18,0.0279975,979.3228,4.184744,66.5462,16.2154,424.0916,0.432766,5.53362,648.7734,2.67126
67.19,0.02800875,979.3174,4.184752,66.5471,16.2157,424.0278,0.432703,5.53421,648.7547,2.67083
67.2,0.02802,979.312,4.18476,66.548,16.216,423.964,0.43264,5.5348,648.736,2.6704
67.21,0.02803125,979.3066,4.184768,66.5489,16.2163,423.9002,0.432577,5.53539,648.7173,2.66997
67.22,0.0280425,979.3012,4.184776,66.5498,16.2166,423.8364,0.432514,5.53598,648.6986,2.66954
67.23,0.02805375,979.2958,4.184784,66.5507,16.2169,423.7726,0.432451,5.53657,648.6799,2.66911
67.24,0.028065,979.2904,4.184792,66.5516,16.2172,423.7088,0.432388,5.53716,648.6612,2.66868
67.25,0.02807625,979.285,4.1848,66.5525,16.2175,423.645,0.432325,5.53775,648.6425,2.66825
67.26,0.0280875,979.2796,4.184808,66.5534,16.2178,423.5812,0.432262,5.53834,648.6238,2.66782
67.27,0.02809875,979.2742,4.184816,66.5543,16.2181,423.5174,0.432199,5.53893,648.6051,2.66739
67.28,0.02811,979.2688,4.184824,66.5552,16.2184,423.4536,0.432136,5.53952,648.5864,2.66696
67.29,0.02812125,979.2634,4.184832,66.5561,16.2187,423.3898,0.432073,5.54011,648.5677,2.66653
67.3,0.0281325,979.258,4.18484,66.557,16.219,423.326,0.43201,5.5407,648.549,2.6661
67.31,0.02814375,979.2526,4.184848,66.5579,16.2193,423.2622,0.431947,5.54129,648.5303,2.66567
67.32,0.028155,979.2472,4.184856,66.5588,16.2196,423.1984,0.431884,5.54188,648.5116,2.66524
67.33,0.02816625,979.2418,4.184864,66.5597,16.2199,423.1346,0.431821,5.54247,648.4929,2.66481
67.34,0.0281775,979.2364,4.184872,66.5606,16.2202,423.0708,0.431758,5.54306,648.4742,2.66438
67.35,0.02818875,979.231,4.18488,66.5615,16.2205,423.007,0.431695,5.54365,648.4555,2.66395
67.36,0.0282,979.2256,4.184888,66.5624,16.2208,422.9432,0.431632,5.54424,648.4368,2.66352
67.37,0.02821125,979.2202,4.184896,66.5633,16.2211,422.8794,0.431569,5.54483,648.4181,2.66309
67.38,0.0282225,979.2148,4.184904,66.5642,16.2214,422.8156,0.431506,5.54542,648.3994,2.66266
67.39,0.02823375,979.2094,4.184912,66.5651,16.2217,422.7518,0.431443,5.54601,648.3807,2.66223
67.4,0.028245,979.204,4.18492,66.566,16.222,422.688,0.43138,5.5466,648.362,2.6618
67.41,0.02825625,979.1986,4.184928,66.5669,16.2223,422.6242,0.431317,5.54719,648.3433,2.66137
67.42,0.0282675,979.1932,4.184936,66.5678,16.2226,422.5604,0.431254,5.54778,648.3246,2.66094
67.43,0.02827875,979.1878,4.184944,66.5687,16.2229,422.4966,0.431191,5.54837,648.3059,2.66051
67.44,0.02829,979.1824,4.184952,66.5696,16.2232,422.4328,0.431128,5.54896,648.2872,2.66008
67.45,0.02830125,979.177,4.18496,66.5705,16.2235,422.369,0.431065,5.54955,648.2685,2.65965
67.46,0.0283125,979.1716,4.184968,66.5714,16.2238,422.3052,0.431002,5.55014,648.2498,2.65922
67.47,0.02832375,979.1662,4.184976,66.5723,16.2241,422.2414,0.430939,5.55073,648.2311,2.65879
67.48,0.028335,979.1608,4.184984,66.5732,16.2244,422.1776,0.430876,5.55132,648.2124,2.65836
67.49,0.02834625,979.1554,4.184992,66.5741,16.2247,422.1138,0.430813,5.55191,648.1937,2.65793
67.5,0.0283575,979.15,4.185,66.575,16.225,422.05,0.43075,5.5525,648.175,2.6575
67.51,0.02836875,979.1446,4.185008,66.5759,16.2253,421.9862,0.430687,5.55309,648.1563,2.65707
67.52,0.02838,979.1392,4.185016,66.5768,16.2256,421.9224,0.430624,5.55368,648.1376,2.65664
67.53,0.02839125,979.1338,4.185024,66.5777,16.2259,421.8586,0.430561,5.55427,648.1189,2.65621
67.54,0.0284025,979.1284,4.185032,66.5786,16.2262,421.7948,0.430498,5.55486,648.1002,2.65578
67.55,0.02841375,979.123,4.18504,66.5795,16.2265,421.731,0.430435,5.55545,648.0815,2.65535
67.56,0.028425,979.1176,4.185048,66.5804,16.2268,421.6672,0.430372,5.55604,648.0628,2.65492
67.57,0.02843625,979.1122,4.185056,66.5813,16.2271,421.6034,0.430309,5.55663,648.0441,2.65449
67.58,0.0284475,979.1068,4.185064,66.5822,16.2274,421.5396,0.430246,5.55722,648.0254,2.65406
67.59,0.02845875,979.1014,4.185072,66.5831,16.2277,421.4758,0.430183,5.55781,648.0067,2.65363
67.6,0.02847,979.096,4.18508,66.584,16.228,421.412,0.43012,5.5584,647.988,2.6532
67.61,0.02848125,979.0906,4.185088,66.5849,16.2283,421.3482,0.430057,5.55899,647.9693,2.65277
67.62,0.0284925,979.0852,4.185096,66.5858,16.2286,421.2844,0.429994,5.55958,647.9506,2.65234
67.63,0.02850375,979.0798,4.185104,66.5867,16.2289,421.2206,0.429931,5.56017,647.9319,2.65191
67.64,0.028515,979.0744,4.185112,66.5876,16.2292,421.1568,0.429868,5.56076,647.9132,2.65148
67.65,0.02852625,979.069,4.18512,66.5885,16.2295,421.093,0.429805,5.56135,647.8945,2.65105
67.66,0.0285375,979.0636,4.185128,66.5894,16.2298,421.0292,0.429742,5.56194,647.8758,2.65062
67.67,0.02854875,979.0582,4.185136,66.5903,16.2301,420.9654,0.429679,5.56253,647.8571,2.65019
67.68,0.02856,979.0528,4.185144,66.5912,16.2304,420.9016,0.429616,5.56312,647.8384,2.64976
67.69,0.02857125,979.0474,4.185152,66.5921,16.2307,420.8378,0.429553,5.56371,647.8197,2.64933
67.7,0.0285825,979.042,4.18516,66.593,16.231,420.774,0.42949,5.5643,647.801,2.6489
67.71,0.02859375,979.0366,4.185168,66.5939,16.2313,420.7102,0.429427,5.56489,647.7823,2.64847
67.72,0.028605,979.0312,4.185176,66.5948,16.2316,420.6464,0.429364,5.56548,647.7636,2.64804
67.73,0.02861625,979.0258,4.185184,66.5957,16.2319,420.5826,0.429301,5.56607,647.7449,2.64761
67.74,0.0286275,979.0204,4.185192,66.5966,16.2322,420.5188,0.429238,5.56666,647.7262,2.64718
67.75,0.02863875,979.015,4.1852,66.5975,16.2325,420.455,0.429175,5.56725,647.7075,2.64675
67.76,0.02865,979.0096,4.185208,66.5984,16.2328,420.3912,0.429112,5.56784,647.6888,2.64632
67.77,0.02866125,979.0042,4.185216,66.5993,16.2331,420.3274,0.429049,5.56843,647.6701,2.64589
67.78,0.0286725,978.9988,4.185224,66.6002,16.2334,420.2636,0.428986,5.56902,647.6514,2.64546
67.79,0.02868375,978.9934,4.185232,66.6011,16.2337,420.1998,0.428923,5.56961,647.6327,2.64503
67.8,0.028695,978.988,4.18524,66.602,16.234,420.136,0.42886,5.5702,647.614,2.6446
67.81,0.02870625,978.9826,4.185248,66.6029,16.2343,420.0722,0.428797,5.57079,647.5953,2.64417
67.82,0.0287175,978.9772,4.185256,66.6038,16.2346,420.0084,0.428734,5.57138,647.5766,2.64374
67.83,0.02872875,978.9718,4.185264,66.6047,16.2349,419.9446,0.428671,5.57197,647.5579,2.64331
67.84,0.02874,978.9664,4.185272,66.6056,16.2352,419.8808,0.428608,5.57256,647.5392,2.64288
67.85,0.02875125,978.961,4.18528,66.6065,16.2355,419.817,0.428545,5.57315,647.5205,2.64245
67.86,0.0287625,978.9556,4.185288,66.6074,16.2358,419.7532,0.428482,5.57374,647.5018,2.64202
67.87,0.02877375,978.9502,4.185296,66.6083,16.2361,419.6894,0.428419,5.57433,647.4831,2.64159
67.88,0.028785,978.9448,4.185304,66.6092,16.2364,419.6256,0.428356,5.57492,647.4644,2.64116
67.89,0.02879625,978.9394,4.185312,66.6101,16.2367,419.5618,0.428293,5.57551,647.4457,2.64073
67.9,0.0288075,978.934,4.18532,66.611,16.237,419.498,0.42823,5.5761,647.427,2.6403
67.91,0.02881875,978.9286,4.185328,66.6119,16.2373,419.4342,0.428167,5.57669,647.4083,2.63987
67.92,0.02883,978.9232,4.185336,66.6128,16.2376,419.3704,0.428104,5.57728,647.3896,2.63944
67.93,0.02884125,978.9178,4.185344,66.6137,16.2379,419.3066,0.428041,5.57787,647.3709,2.63901
67.94,0.0288525,978.9124,4.185352,66.6146,16.2382,419.2428,0.427978,5.57846,647.3522,2.63858
67.95,0.02886375,978.907,4.18536,66.6155,16.2385,419.179,0.427915,5.57905,647.3335,2.63815
67.96,0.028875,978.9016,4.185368,66.6164,16.2388,419.1152,0.427852,5.57964,647.3148,2.63772
67.97,0.02888625,978.8962,4.185376,66.6173,16.2391,419.0514,0.427789,5.58023,647.2961,2.63729
67.98,0.0288975,978.8908,4.185384,66.6182,16.2394,418.9876,0.427726,5.58082,647.2774,2.63686
67.99,0.02890875,978.8854,4.185392,66.6191,16.2397,418.9238,0.427663,5.58141,647.2587,2.63643
68,0.02892,978.88,4.1854,66.62,16.24,418.86,0.4276,5.582,647.24,2.636
68.01,0.02893125,978.8746,4.185408,66.6209,16.2403,418.7962,0.427537,5.58259,647.2213,2.63557
68.02,0.0289425,978.8692,4.185416,66.6218,16.2406,418.7324,0.427474,5.58318,647.2026,2.63514
68.03,0.02895375,978.8638,4.185424,66.6227,16.2409,418.6686,0.427411,5.58377,647.1839,2.63471
68.04,0.028965,978.8584,4.185432,66.6236,16.2412,418.6048,0.427348,5.58436,647.1652,2.63428
68.05,0.02897625,978.853,4.18544,66.6245,16.2415,418.541,0.427285,5.58495,647.1465,2.63385
68.06,0.0289875,978.8476,4.185448,66.6254,16.2418,418.4772,0.427222,5.58554,647.1278,2.63342
68.07,0.02899875,978.8422,4.185456,66.6263,16.2421,418.4134,0.427159,5.58613,647.1091,2.63299
68.08,0.02901,978.8368,4.185464,66.6272,16.2424,418.3496,0.427096,5.58672,647.0904,2.63256
68.09,0.02902125,978.8314,4.185472,66.6281,16.2427,418.2858,0.427033,5.58731,647.0717,2.63213
68.1,0.0290325,978.826,4.18548,66.629,16.243,418.222,0.42697,5.5879,647.053,2.6317
68.11,0.02904375,978.8206,4.185488,66.6299,16.2433,418.1582,0.426907,5.58849,647.0343,2.63127
68.12,0.029055,978.8152,4.185496,66.6308,16.2436,418.0944,0.426844,5.58908,647.0156,2.63084
68.13,0.02906625,978.8098,4.185504,66.6317,16.2439,418.0306,0.426781,5.58967,646.9969,2.63041
68.14,0.0290775,978.8044,4.185512,66.6326,16.2442,417.9668,0.426718,5.59026,646.9782,2.62998
68.15,0.02908875,978.799,4.18552,66.6335,16.2445,417.903,0.426655,5.59085,646.9595,2.62955
68.16,0.0291,978.7936,4.185528,66.6344,16.2448,417.8392,0.426592,5.59144,646.9408,2.62912
68.17,0.02911125,978.7882,4.185536,66.6353,16.2451,417.7754,0.426529,5.59203,646.9221,2.62869
68.18,0.0291225,978.7828,4.185544,66.6362,16.2454,417.7116,0.426466,5.59262,646.9034,2.62826
68.19,0.02913375,978.7774,4.185552,66.6371,16.2457,417.6478,0.426403,5.59321,646.8847,2.62783
68.2,0.029145,978.772,4.18556,66.638,16.246,417.584,0.42634,5.5938,646.866,2.6274
68.21,0.02915625,978.7666,4.185568,66.6389,16.2463,417.5202,0.426277,5.59439,646.8473,2.62697
68.22,0.0291675,978.7612,4.185576,66.6398,16.2466,417.4564,0.426214,5.59498,646.8286,2.62654
68.23,0.02917875,978.7558,4.185584,66.6407,16.2469,417.3926,0.426151,5.59557,646.8099,2.62611
68.24,0.02919,978.7504,4.185592,66.6416,16.2472,417.3288,0.426088,5.59616,646.7912,2.62568
68.25,0.02920125,978.745,4.1856,66.6425,16.2475,417.265,0.426025,5.59675,646.7725,2.62525
68.26,0.0292125,978.7396,4.185608,66.6434,16.2478,417.2012,0.425962,5.59734,646.7538,2.62482
68.27,0.02922375,978.7342,4.185616,66.6443,16.2481,417.1374,0.425899,5.59793,646.7351,2.62439
68.28,0.029235,978.7288,4.185624,66.6452,16.2484,417.0736,0.425836,5.59852,646.7164,2.62396
68.29,0.02924625,978.7234,4.185632,66.6461,16.2487,417.0098,0.425773,5.59911,646.6977,2.62353
68.3,0.0292575,978.718,4.18564,66.647,16.249,416.946,0.42571,5.5997,646.679,2.6231
68.31,0.02926875,978.7126,4.185648,66.6479,16.2493,416.8822,0.425647,5.60029,646.6603,2.62267
68.32,0.02928,978.7072,4.185656,66.6488,16.2496,416.8184,0.425584,5.60088,646.6416,2.62224
68.33,0.02929125,978.7018,4.185664,66.6497,16.2499,416.7546,0.425521,5.60147,646.6229,2.62181
68.34,0.0293025,978.6964,4.185672,66.6506,16.2502,416.6908,0.425458,5.60206,646.6042,2.62138
68.35,0.02931375,978.691,4.18568,66.6515,16.2505,416.627,0.425395,5.60265,646.5855,2.62095
68.36,0.029325,978.6856,4.185688,66.6524,16.2508,416.5632,0.425332,5.60324,646.5668,2.62052
68.37,0.02933625,978.6802,4.185696,66.6533,16.2511,416.4994,0.425269,5.60383,646.5481,2.62009
68.38,0.0293475,978.6748,4.185704,66.6542,16.2514,416.4356,0.425206,5.60442,646.5294,2.61966
68.39,0.02935875,978.6694,4.185712,66.6551,16.2517,416.3718,0.425143,5.60501,646.5107,2.61923
68.4,0.02937,978.664,4.18572,66.656,16.252,416.308,0.42508,5.6056,646.492,2.6188
68.41,0.02938125,978.6586,4.185728,66.6569,16.2523,416.2442,0.425017,5.60619,646.4733,2.61837
68.42,0.0293925,978.6532,4.185736,66.6578,16.2526,416.1804,0.424954,5.60678,646.4546,2.61794
68.43,0.02940375,978.6478,4.185744,66.6587,16.2529,416.1166,0.424891,5.60737,646.4359,2.61751
68.44,0.029415,978.6424,4.185752,66.6596,16.2532,416.0528,0.424828,5.60796,646.4172,2.61708
68.45,0.02942625,978.637,4.18576,66.6605,16.2535,415.989,0.424765,5.60855,646.3985,2.61665
68.46,0.0294375,978.6316,4.185768,66.6614,16.2538,415.9252,0.424702,5.60914,646.3798,2.61622
68.47,0.02944875,978.6262,4.185776,66.6623,16.2541,415.8614,0.424639,5.60973,646.3611,2.61579
68.48,0.02946,978.6208,4.185784,66.6632,16.2544,415.7976,0.424576,5.61032,646.3424,2.61536
68.49,0.02947125,978.6154,4.185792,66.6641,16.2547,415.7338,0.424513,5.61091,646.3237,2.61493
68.5,0.0294825,978.61,4.1858,66.665,16.255,415.67,0.42445,5.6115,646.305,2.6145
68.51,0.02949375,978.6046,4.185808,66.6659,16.2553,415.6062,0.424387,5.61209,646.2863,2.61407
68.52,0.029505,978.5992,4.185816,66.6668,16.2556,415.5424,0.424324,5.61268,646.2676,2.61364
68.53,0.02951625,978.5938,4.185824,66.6677,16.2559,415.4786,0.424261,5.61327,646.2489,2.61321
68.54,0.0295275,978.5884,4.185832,66.6686,16.2562,415.4148,0.424198,5.61386,646.2302,2.61278
68.55,0.02953875,978.583,4.18584,66.6695,16.2565,415.351,0.424135,5.61445,646.2115,2.61235
68.56,0.02955,978.5776,4.185848,66.6704,16.2568,415.2872,0.424072,5.61504,646.1928,2.61192
68.57,0.02956125,978.5722,4.185856,66.6713,16.2571,415.2234,0.424009,5.61563,646.1741,2.61149
68.58,0.0295725,978.5668,4.185864,66.6722,16.2574,415.1596,0.423946,5.61622,646.1554,2.61106
68.59,0.02958375,978.5614,4.185872,66.6731,16.2577,415.0958,0.423883,5.61681,646.1367,2.61063
68.6,0.029595,978.556,4.18588,66.674,16.258,415.032,0.42382,5.6174,646.118,2.6102
68.61,0.02960625,978.5506,4.185888,66.6749,16.2583,414.9682,0.423757,5.61799,646.0993,2.60977
68.62,0.0296175,978.5452,4.185896,66.6758,16.2586,414.9044,0.423694,5.61858,646.0806,2.60934
68.63,0.02962875,978.5398,4.185904,66.6767,16.2589,414.8406,0.423631,5.61917,646.0619,2.60891
68.64,0.02964,978.5344,4.185912,66.6776,16.2592,414.7768,0.423568,5.61976,646.0432,2.60848
68.65,0.02965125,978.529,4.18592,66.6785,16.2595,414.713,0.423505,5.62035,646.0245,2.60805
68.66,0.0296625,978.5236,4.185928,66.6794,16.2598,414.6492,0.423442,5.62094,646.0058,2.60762
68.67,0.02967375,978.5182,4.185936,66.6803,16.2601,414.5854,0.423379,5.62153,645.9871,2.60719
68.68,0.029685,978.5128,4.185944,66.6812,16.2604,414.5216,0.423316,5.62212,645.9684,2.60676
68.69,0.02969625,978.5074,4.185952,66.6821,16.2607,414.4578,0.423253,5.62271,645.9497,2.60633
68.7,0.0297075,978.502,4.18596,66.683,16.261,414.394,0.42319,5.6233,645.931,2.6059
68.71,0.02971875,978.4966,4.185968,66.6839,16.2613,414.3302,0.423127,5.62389,645.9123,2.60547
68.72,0.02973,978.4912,4.185976,66.6848,16.2616,414.2664,0.423064,5.62448,645.8936,2.60504
68.73,0.02974125,978.4858,4.185984,66.6857,16.2619,414.2026,0.423001,5.62507,645.8749,2.60461
68.74,0.0297525,978.4804,4.185992,66.6866,16.2622,414.1388,0.422938,5.62566,645.8562,2.60418
68.75,0.02976375,978.475,4.186,66.6875,16.2625,414.075,0.422875,5.62625,645.8375,2.60375
68.76,0.029775,978.4696,4.186008,66.6884,16.2628,414.0112,0.422812,5.62684,645.8188,2.60332
68.77,0.02978625,978.4642,4.186016,66.6893,16.2631,413.9474,0.422749,5.62743,645.8001,2.60289
68.78,0.0297975,978.4588,4.186024,66.6902,16.2634,413.8836,0.422686,5.62802,645.7814,2.60246
68.79,0.02980875,978.4534,4.186032,66.6911,16.2637,413.8198,0.422623,5.62861,645.7627,2.60203
68.8,0.02982,978.448,4.18604,66.692,16.264,413.756,0.42256,5.6292,645.744,2.6016
68.81,0.02983125,978.4426,4.186048,66.6929,16.2643,413.6922,0.422497,5.62979,645.7253,2.60117
68.82,0.0298425,978.4372,4.186056,66.6938,16.2646,413.6284,0.422434,5.63038,645.7066,2.60074
68.83,0.02985375,978.4318,4.186064,66.6947,16.2649,413.5646,0.422371,5.63097,645.6879,2.60031
68.84,0.029865,978.4264,4.186072,66.6956,16.2652,413.5008,0.422308,5.63156,645.6692,2.59988
68.85,0.02987625,978.421,4.18608,66.6965,16.2655,413.437,0.422245,5.63215,645.6505,2.59945
68.86,0.0298875,978.4156,4.186088,66.6974,16.2658,413.3732,0.422182,5.63274,645.6318,2.59902
68.87,0.02989875,978.4102,4.186096,66.6983,16.2661,413.3094,0.422119,5.63333,645.6131,2.59859
68.88,0.02991,978.4048,4.186104,66.6992,16.2664,413.2456,0.422056,5.63392,645.5944,2.59816
68.89,0.02992125,978.3994,4.186112,66.7001,16.2667,413.1818,0.421993,5.63451,645.5757,2.59773
68.9,0.0299325,978.394,4.18612,66.701,16.267,413.118,0.42193,5.6351,645.557,2.5973
68.91,0.02994375,978.3886,4.186128,66.7019,16.2673,413.0542,0.421867,5.63569,645.5383,2.59687
68.92,0.029955,978.3832,4.186136,66.7028,16.2676,412.9904,0.421804,5.63628,645.5196,2.59644
68.93,0.02996625,978.3778,4.186144,66.7037,16.2679,412.9266,0.421741,5.63687,645.5009,2.59601
68.94,0.0299775,978.3724,4.186152,66.7046,16.2682,412.8628,0.421678,5.63746,645.4822,2.59558
68.95,0.02998875,978.367,4.18616,66.7055,16.2685,412.799,0.421615,5.63805,645.4635,2.59515
68.96,0.03,978.3616,4.186168,66.7064,16.2688,412.7352,0.421552,5.63864,645.4448,2.59472
68.97,0.03001125,978.3562,4.186176,66.7073,16.2691,412.6714,0.421489,5.63923,645.4261,2.59429
68.98,0.0300225,978.3508,4.186184,66.7082,16.2694,412.6076,0.421426,5.63982,645.4074,2.59386
68.99,0.03003375,978.3454,4.186192,66.7091,16.2697,412.5438,0.421363,5.64041,645.3887,2.59343
69,0.030045,978.34,4.1862,66.71,16.27,412.48,0.4213,5.641,645.37,2.593
69.01,0.03005625,978.3346,4.186208,66.7109,16.2703,412.4162,0.421237,5.64159,645.3513,2.59257
69.02,0.0300675,978.3292,4.186216,66.7118,16.2706,412.3524,0.421174,5.64218,645.3326,2.59214
69.03,0.03007875,978.3238,4.186224,66.7127,16.2709,412.2886,0.421111,5.64277,645.3139,2.59171
69.04,0.03009,978.3184,4.186232,66.7136,16.2712,412.2248,0.421048,5.64336,645.2952,2.59128
69.05,0.03010125,978.313,4.18624,66.7145,16.2715,412.161,0.420985,5.64395,645.2765,2.59085
69.06,0.0301125,978.3076,4.186248,66.7154,16.2718,412.0972,0.420922,5.64454,645.2578,2.59042
69.07,0.03012375,978.3022,4.186256,66.7163,16.2721,412.0334,0.420859,5.64513,645.2391,2.58999
69.08,0.030135,978.2968,4.186264,66.7172,16.2724,411.9696,0.420796,5.64572,645.2204,2.58956
69.09,0.03014625,978.2914,4.186272,66.7181,16.2727,411.9058,0.420733,5.64631,645.2017,2.58913
69.1,0.0301575,978.286,4.18628,66.719,16.273,411.842,0.42067,5.6469,645.183,2.5887
69.11,0.03016875,978.2806,4.186288,66.7199,16.2733,411.7782,0.420607,5.64749,645.1643,2.58827
69.12,0.03018,978.2752,4.186296,66.7208,16.2736,411.7144,0.420544,5.64808,645.1456,2.58784
69.13,0.03019125,978.2698,4.186304,66.7217,16.2739,411.6506,0.420481,5.64867,645.1269,2.58741
69.14,0.0302025,978.2644,4.186312,66.7226,16.2742,411.5868,0.420418,5.64926,645.1082,2.58698
69.15,0.03021375,978.259,4.18632,66.7235,16.2745,411.523,0.420355,5.64985,645.0895,2.58655
69.16,0.030225,978.2536,4.186328,66.7244,16.2748,411.4592,0.420292,5.65044,645.0708,2.58612
69.17,0.03023625,978.2482,4.186336,66.7253,16.2751,411.3954,0.420229,5.65103,645.0521,2.58569
69.18,0.0302475,978.2428,4.186344,66.7262,16.2754,411.3316,0.420166,5.65162,645.0334,2.58526
69.19,0.03025875,978.2374,4.186352,66.7271,16.2757,411.2678,0.420103,5.65221,645.0147,2.58483
69.2,0.03027,978.232,4.18636,66.728,16.276,411.204,0.42004,5.6528,644.996,2.5844
69.21,0.03028125,978.2266,4.186368,66.7289,16.2763,411.1402,0.419977,5.65339,644.9773,2.58397
69.22,0.0302925,978.2212,4.186376,66.7298,16.2766,411.0764,0.419914,5.65398,644.9586,2.58354
69.23,0.03030375,978.2158,4.186384,66.7307,16.2769,411.0126,0.419851,5.65457,644.9399,2.58311
69.24,0.030315,978.2104,4.186392,66.7316,16.2772,410.9488,0.419788,5.65516,644.9212,2.58268
69.25,0.03032625,978.205,4.1864,66.7325,16.2775,410.885,0.419725,5.65575,644.9025,2.58225
69.26,0.0303375,978.1996,4.186408,66.7334,16.2778,410.8212,0.419662,5.65634,644.8838,2.58182
69.27,0.03034875,978.1942,4.186416,66.7343,16.2781,410.7574,0.419599,5.65693,644.8651,2.58139
69.28,0.03036,978.1888,4.186424,66.7352,16.2784,410.6936,0.419536,5.65752,644.8464,2.58096
69.29,0.03037125,978.1834,4.186432,66.7361,16.2787,410.6298,0.419473,5.65811,644.8277,2.58053
69.3,0.0303825,978.178,4.18644,66.737,16.279,410.566,0.41941,5.6587,644.809,2.5801
69.31,0.03039375,978.1726,4.186448,66.7379,16.2793,410.5022,0.419347,5.65929,644.7903,2.57967
69.32,0.030405,978.1672,4.186456,66.7388,16.2796,410.4384,0.419284,5.65988,644.7716,2.57924
69.33,0.03041625,978.1618,4.186464,66.7397,16.2799,410.3746,0.419221,5.66047,644.7529,2.57881
69.34,0.0304275,978.1564,4.186472,66.7406,16.2802,410.3108,0.419158,5.66106,644.7342,2.57838
69.35,0.03043875,978.151,4.18648,66.7415,16.2805,410.247,0.419095,5.66165,644.7155,2.57795
69.36,0.03045,978.1456,4.186488,66.7424,16.2808,410.1832,0.419032,5.66224,644.6968,2.57752
69.37,0.03046125,978.1402,4.186496,66.7433,16.2811,410.1194,0.418969,5.66283,644.6781,2.57709
69.38,0.0304725,978.1348,4.186504,66.7442,16.2814,410.0556,0.418906,5.66342,644.6594,2.57666
69.39,0.03048375,978.1294,4.186512,66.7451,16.2817,409.9918,0.418843,5.66401,644.6407,2.57623
69.4,0.030495,978.124,4.18652,66.746,16.282,409.928,0.41878,5.6646,644.622,2.5758
69.41,0.03050625,978.1186,4.186528,66.7469,16.2823,409.8642,0.418717,5.66519,644.6033,2.57537
69.42,0.0305175,978.1132,4.186536,66.7478,16.2826,409.8004,0.418654,5.66578,644.5846,2.57494
69.43,0.03052875,978.1078,4.186544,66.7487,16.2829,409.7366,0.418591,5.66637,644.5659,2.57451
69.44,0.03054,978.1024,4.186552,66.7496,16.2832,409.6728,0.418528,5.66696,644.5472,2.57408
69.45,0.03055125,978.097,4.18656,66.7505,16.2835,409.609,0.418465,5.66755,644.5285,2.57365
69.46,0.0305625,978.0916,4.186568,66.7514,16.2838,409.5452,0.418402,5.66814,644.5098,2.57322
69.47,0.03057375,978.0862,4.186576,66.7523,16.2841,409.4814,0.418339,5.66873,644.4911,2.57279
69.48,0.030585,978.0808,4.186584,66.7532,16.2844,409.4176,0.418276,5.66932,644.4724,2.57236
69.49,0.03059625,978.0754,4.186592,66.7541,16.2847,409.3538,0.418213,5.66991,644.4537,2.57193
69.5,0.0306075,978.07,4.1866,66.755,16.285,409.29,0.41815,5.6705,644.435,2.5715
69.51,0.03061875,978.0646,4.186608,66.7559,16.2853,409.2262,0.418087,5.67109,644.4163,2.57107
69.52,0.03063,978.0592,4.186616,66.7568,16.2856,409.1624,0.418024,5.67168,644.3976,2.57064
69.53,0.03064125,978.0538,4.186624,66.7577,16.2859,409.0986,0.417961,5.67227,644.3789,2.57021
69.54,0.0306525,978.0484,4.186632,66.7586,16.2862,409.0348,0.417898,5.67286,644.3602,2.56978
69.55,0.03066375,978.043,4.18664,66.7595,16.2865,408.971,0.417835,5.67345,644.3415,2.56935
69.56,0.030675,978.0376,4.186648,66.7604,16.2868,408.9072,0.417772,5.67404,644.3228,2.56892
69.57,0.03068625,978.0322,4.186656,66.7613,16.2871,408.8434,0.417709,5.67463,644.3041,2.56849
69.58,0.0306975,978.0268,4.186664,66.7622,16.2874,408.7796,0.417646,5.67522,644.2854,2.56806
69.59,0.03070875,978.0214,4.186672,66.7631,16.2877,408.7158,0.417583,5.67581,644.2667,2.56763
69.6,0.03072,978.016,4.18668,66.764,16.288,408.652,0.41752,5.6764,644.248,2.5672
69.61,0.03073125,978.0106,4.186688,66.7649,16.2883,408.5882,0.417457,5.67699,644.2293,2.56677
69.62,0.0307425,978.0052,4.186696,66.7658,16.2886,408.5244,0.417394,5.67758,644.2106,2.56634
69.63,0.03075375,977.9998,4.186704,66.7667,16.2889,408.4606,0.417331,5.67817,644.1919,2.56591
69.64,0.030765,977.9944,4.186712,66.7676,16.2892,408.3968,0.417268,5.67876,644.1732,2.56548
69.65,0.03077625,977.989,4.18672,66.7685,16.2895,408.333,0.417205,5.67935,644.1545,2.56505
69.66,0.0307875,977.9836,4.186728,66.7694,16.2898,408.2692,0.417142,5.67994,644.1358,2.56462
69.67,0.03079875,977.9782,4.186736,66.7703,16.2901,408.2054,0.417079,5.68053,644.1171,2.56419
69.68,0.03081,977.9728,4.186744,66.7712,16.2904,408.1416,0.417016,5.68112,644.0984,2.56376
69.69,0.03082125,977.9674,4.186752,66.7721,16.2907,408.0778,0.416953,5.68171,644.0797,2.56333
69.7,0.0308325,977.962,4.18676,66.773,16.291,408.014,0.41689,5.6823,644.061,2.5629
69.71,0.03084375,977.9566,4.186768,66.7739,16.2913,407.9502,0.416827,5.68289,644.0423,2.56247
69.72,0.030855,977.9512,4.186776,66.7748,16.2916,407.8864,0.416764,5.68348,644.0236,2.56204
69.73,0.03086625,977.9458,4.186784,66.7757,16.2919,407.8226,0.416701,5.68407,644.0049,2.56161
69.74,0.0308775,977.9404,4.186792,66.7766,16.2922,407.7588,0.416638,5.68466,643.9862,2.56118
69.75,0.03088875,977.935,4.1868,66.7775,16.2925,407.695,0.416575,5.68525,643.9675,2.56075
69.76,0.0309,977.9296,4.186808,66.7784,16.2928,407.6312,0.416512,5.68584,643.9488,2.56032
69.77,0.03091125,977.9242,4.186816,66.7793,16.2931,407.5674,0.416449,5.68643,643.9301,2.55989
69.78,0.0309225,977.9188,4.186824,66.7802,16.2934,407.5036,0.416386,5.68702,643.9114,2.55946
69.79,0.03093375,977.9134,4.186832,66.7811,16.2937,407.4398,0.416323,5.68761,643.8927,2.55903
69.8,0.030945,977.908,4.18684,66.782,16.294,407.376,0.41626,5.6882,643.874,2.5586
69.81,0.03095625,977.9026,4.186848,66.7829,16.2943,407.3122,0.416197,5.68879,643.8553,2.55817
69.82,0.0309675,977.8972,4.186856,66.7838,16.2946,407.2484,0.416134,5.68938,643.8366,2.55774
69.83,0.03097875,977.8918,4.186864,66.7847,16.2949,407.1846,0.416071,5.68997,643.8179,2.55731
69.84,0.03099,977.8864,4.186872,66.7856,16.2952,407.1208,0.416008,5.69056,643.7992,2.55688
69.85,0.03100125,977.881,4.18688,66.7865,16.2955,407.057,0.415945,5.69115,643.7805,2.55645
69.86,0.0310125,977.8756,4.186888,66.7874,16.2958,406.9932,0.415882,5.69174,643.7618,2.55602
69.87,0.03102375,977.8702,4.186896,66.7883,16.2961,406.9294,0.415819,5.69233,643.7431,2.55559
69.88,0.031035,977.8648,4.186904,66.7892,16.2964,406.8656,0.415756,5.69292,643.7244,2.55516
69.89,0.03104625,977.8594,4.186912,66.7901,16.2967,406.8018,0.415693,5.69351,643.7057,2.55473
69.9,0.0310575,977.854,4.18692,66.791,16.297,406.738,0.41563,5.6941,643.687,2.5543
69.91,0.03106875,977.8486,4.186928,66.7919,16.2973,406.6742,0.415567,5.69469,643.6683,2.55387
69.92,0.03108,977.8432,4.186936,66.7928,16.2976,406.6104,0.415504,5.69528,643.6496,2.55344
69.93,0.03109125,977.8378,4.186944,66.7937,16.2979,406.5466,0.415441,5.69587,643.6309,2.55301
69.94,0.0311025,977.8324,4.186952,66.7946,16.2982,406.4828,0.415378,5.69646,643.6122,2.55258
69.95,0.03111375,977.827,4.18696,66.7955,16.2985,406.419,0.415315,5.69705,643.5935,2.55215
69.96,0.031125,977.8216,4.186968,66.7964,16.2988,406.3552,0.415252,5.69764,643.5748,2.55172
69.97,0.03113625,977.8162,4.186976,66.7973,16.2991,406.2914,0.415189,5.69823,643.5561,2.55129
69.98,0.0311475,977.8108,4.186984,66.7982,16.2994,406.2276,0.415126,5.69882,643.5374,2.55086
69.99,0.03115875,977.8054,4.186992,66.7991,16.2997,406.1638,0.415063,5.69941,643.5187,2.55043
70,0.03117,977.8,4.187,66.8,16.3,406.1,0.415,5.7,643.5,2.55
70.01,0.03118619,977.794,4.187008,66.8006,16.3003,406.049,0.41495,5.70062,643.4824,2.54966
70.02,0.03120238,977.788,4.187016,66.8012,16.3006,405.998,0.4149,5.70124,643.4648,2.54932
70.03,0.03121857,977.782,4.187024,66.8018,16.3009,405.947,0.41485,5.70186,643.4472,2.54898
70.04,0.03123476,977.776,4.187032,66.8024,16.3012,405.896,0.4148,5.70248,643.4296,2.54864
70.05,0.03125095,977.77,4.18704,66.803,16.3015,405.845,0.41475,5.7031,643.412,2.5483
70.06,0.03126714,977.764,4.187048,66.8036,16.3018,405.794,0.4147,5.70372,643.3944,2.54796
70.07,0.03128333,977.758,4.187056,66.8042,16.3021,405.743,0.41465,5.70434,643.3768,2.54762
70.08,0.03129952,977.752,4.187064,66.8048,16.3024,405.692,0.4146,5.70496,643.3592,2.54728
70.09,0.03131571,977.746,4.187072,66.8054,16.3027,405.641,0.41455,5.70558,643.3416,2.54694
70.1,0.0313319,977.74,4.18708,66.806,16.303,405.59,0.4145,5.7062,643.324,2.5466
70.11,0.03134809,977.734,4.187088,66.8066,16.3033,405.539,0.41445,5.70682,643.3064,2.54626
70.12,0.03136428,977.728,4.187096,66.8072,16.3036,405.488,0.4144,5.70744,643.2888,2.54592
70.13,0.03138047,977.722,4.187104,66.8078,16.3039,405.437,0.41435,5.70806,643.2712,2.54558
70.14,0.03139666,977.716,4.187112,66.8084,16.3042,405.386,0.4143,5.70868,643.2536,2.54524
70.15,0.03141285,977.71,4.18712,66.809,16.3045,405.335,0.41425,5.7093,643.236,2.5449
70.16,0.03142904,977.704,4.187128,66.8096,16.3048,405.284,0.4142,5.70992,643.2184,2.54456
70.17,0.03144523,977.698,4.187136,66.8102,16.3051,405.233,0.41415,5.71054,643.2008,2.54422
70.18,0.03146142,977.692,4.187144,66.8108,16.3054,405.182,0.4141,5.71116,643.1832,2.54388
70.19,0.03147761,977.686,4.187152,66.8114,16.3057,405.131,0.41405,5.71178,643.1656,2.54354
70.2,0.0314938,977.68,4.18716,66.812,16.306,405.08,0.414,5.7124,643.148,2.5432
70.21,0.03150999,977.674,4.187168,66.8126,16.3063,405.029,0.41395,5.71302,643.1304,2.54286
70.22,0.03152618,977.668,4.187176,66.8132,16.3066,404.978,0.4139,5.71364,643.1128,2.54252
70.23,0.03154237,977.662,4.187184,66.8138,16.3069,404.927,0.41385,5.71426,643.0952,2.54218
70.24,0.03155856,977.656,4.187192,66.8144,16.3072,404.876,0.4138,5.71488,643.0776,2.54184
70.25,0.03157475,977.65,4.1872,66.815,16.3075,404.825,0.41375,5.7155,643.06,2.5415
70.26,0.03159094,977.644,4.187208,66.8156,16.3078,404.774,0.4137,5.71612,643.0424,2.54116
70.27,0.03160713,977.638,4.187216,66.8162,16.3081,404.723,0.41365,5.71674,643.0248,2.54082
70.28,0.03162332,977.632,4.187224,66.8168,16.3084,404.672,0.4136,5.71736,643.0072,2.54048
70.29,0.03163951,977.626,4.187232,66.8174,16.3087,404.621,0.41355,5.71798,642.9896,2.54014
70.3,0.0316557,977.62,4.18724,66.818,16.309,404.57,0.4135,5.7186,642.972,2.5398
70.31,0.03167189,977.614,4.187248,66.8186,16.3093,404.519,0.41345,5.71922,642.9544,2.53946
70.32,0.03168808,977.608,4.187256,66.8192,16.3096,404.468,0.4134,5.71984,642.9368,2.53912
70.33,0.03170427,977.602,4.187264,66.8198,16.3099,404.417,0.41335,5.72046,642.9192,2.53878
70.34,0.03172046,977.596,4.187272,66.8204,16.3102,404.366,0.4133,5.72108,642.9016,2.53844
70.35,0.03173665,977.59,4.18728,66.821,16.3105,404.315,0.41325,5.7217,642.884,2.5381
70.36,0.03175284,977.584,4.187288,66.8216,16.3108,404.264,0.4132,5.72232,642.8664,2.53776
70.37,0.03176903,977.578,4.187296,66.8222,16.3111,404.213,0.41315,5.72294,642.8488,2.53742
70.38,0.03178522,977.572,4.187304,66.8228,16.3114,404.162,0.4131,5.72356,642.8312,2.53708
70.39,0.03180141,977.566,4.187312,66.8234,16.3117,404.111,0.41305,5.72418,642.8136,2.53674
70.4,0.0318176,977.56,4.18732,66.824,16.312,404.06,0.413,5.7248,642.796,2.5364
70.41,0.03183379,977.554,4.187328,66.8246,16.3123,404.009,0.41295,5.72542,642.7784,2.53606
70.42,0.03184998,977.548,4.187336,66.8252,16.3126,403.958,0.4129,5.72604,642.7608,2.53572
70.43,0.03186617,977.542,4.187344,66.8258,16.3129,403.907,0.41285,5.72666,642.7432,2.53538
70.44,0.03188236,977.536,4.187352,66.8264,16.3132,403.856,0.4128,5.72728,642.7256,2.53504
70.45,0.03189855,977.53,4.18736,66.827,16.3135,403.805,0.41275,5.7279,642.708,2.5347
70.46,0.03191474,977.524,4.187368,66.8276,16.3138,403.754,0.4127,5.72852,642.6904,2.53436
70.47,0.03193093,977.518,4.187376,66.8282,16.3141,403.703,0.41265,5.72914,642.6728,2.53402
70.48,0.03194712,977.512,4.187384,66.8288,16.3144,403.652,0.4126,5.72976,642.6552,2.53368
70.49,0.03196331,977.506,4.187392,66.8294,16.3147,403.601,0.41255,5.73038,642.6376,2.53334
70.5,0.0319795,977.5,4.1874,66.83,16.315,403.55,0.4125,5.731,642.62,2.533
70.51,0.03199569,977.494,4.187408,66.8306,16.3153,403.499,0.41245,5.73162,642.6024,2.53266
70.52,0.03201188,977.488,4.187416,66.8312,16.3156,403.448,0.4124,5.73224,642.5848,2.53232
70.53,0.03202807,977.482,4.187424,66.8318,16.3159,403.397,0.41235,5.73286,642.5672,2.53198
70.54,0.03204426,977.476,4.187432,66.8324,16.3162,403.346,0.4123,5.73348,642.5496,2.53164
70.55,0.03206045,977.47,4.18744,66.833,16.3165,403.295,0.41225,5.7341,642.532,2.5313
70.56,0.03207664,977.464,4.187448,66.8336,16.3168,403.244,0.4122,5.73472,642.5144,2.53096
70.57,0.03209283,977.458,4.187456,66.8342,16.3171,403.193,0.41215,5.73534,642.4968,2.53062
70.58,0.03210902,977.452,4.187464,66.8348,16.3174,403.142,0.4121,5.73596,642.4792,2.53028
70.59,0.03212521,977.446,4.187472,66.8354,16.3177,403.091,0.41205,5.73658,642.4616,2.52994
70.6,0.0321414,977.44,4.18748,66.836,16.318,403.04,0.412,5.7372,642.444,2.5296
70.61,0.03215759,977.434,4.187488,66.8366,16.3183,402.989,0.41195,5.73782,642.4264,2.52926
70.62,0.03217378,977.428,4.187496,66.8372,16.3186,402.938,0.4119,5.73844,642.4088,2.52892
70.63,0.03218997,977.422,4.187504,66.8378,16.3189,402.887,0.41185,5.73906,642.3912,2.52858
70.64,0.03220616,977.416,4.187512,66.8384,16.3192,402.836,0.4118,5.73968,642.3736,2.52824
70.65,0.03222235,977.41,4.18752,66.839,16.3195,402.785,0.41175,5.7403,642.356,2.5279
70.66,0.03223854,977.404,4.187528,66.8396,16.3198,402.734,0.4117,5.74092,642.3384,2.52756
70.67,0.03225473,977.398,4.187536,66.8402,16.3201,402.683,0.41165,5.74154,642.3208,2.52722
70.68,0.03227092,977.392,4.187544,66.8408,16.3204,402.632,0.4116,5.74216,642.3032,2.52688
70.69,0.03228711,977.386,4.187552,66.8414,16.3207,402.581,0.41155,5.74278,642.2856,2.52654
70.7,0.0323033,977.38,4.18756,66.842,16.321,402.53,0.4115,5.7434,642.268,2.5262
70.71,0.03231949,977.374,4.187568,66.8426,16.3213,402.479,0.41145,5.74402,642.2504,2.52586
70.72,0.03233568,977.368,4.187576,66.8432,16.3216,402.428,0.4114,5.74464,642.2328,2.52552
70.73,0.03235187,977.362,4.187584,66.8438,16.3219,402.377,0.41135,5.74526,642.2152,2.52518
70.74,0.03236806,977.356,4.187592,66.8444,16.3222,402.326,0.4113,5.74588,642.1976,2.52484
70.75,0.03238425,977.35,4.1876,66.845,16.3225,402.275,0.41125,5.7465,642.18,2.5245
70.76,0.03240044,977.344,4.187608,66.8456,16.3228,402.224,0.4112,5.74712,642.1624,2.52416
70.77,0.03241663,977.338,4.187616,66.8462,16.3231,402.173,0.41115,5.74774,642.1448,2.52382
70.78,0.03243282,977.332,4.187624,66.8468,16.3234,402.122,0.4111,5.74836,642.1272,2.52348
70.79,0.03244901,977.326,4.187632,66.8474,16.3237,402.071,0.41105,5.74898,642.1096,2.52314
70.8,0.0324652,977.32,4.18764,66.848,16.324,402.02,0.411,5.7496,642.092,2.5228
70.81,0.03248139,977.314,4.187648,66.8486,16.3243,401.969,0.41095,5.75022,642.0744,2.52246
70.82,0.03249758,977.308,4.187656,66.8492,16.3246,401.918,0.4109,5.75084,642.0568,2.52212
70.83,0.03251377,977.302,4.187664,66.8498,16.3249,401.867,0.41085,5.75146,642.0392,2.52178
70.84,0.03252996,977.296,4.187672,66.8504,16.3252,401.816,0.4108,5.75208,642.0216,2.52144
70.85,0.03254615,977.29,4.18768,66.851,16.3255,401.765,0.41075,5.7527,642.004,2.5211
70.86,0.03256234,977.284,4.187688,66.8516,16.3258,401.714,0.4107,5.75332,641.9864,2.52076
70.87,0.03257853,977.278,4.187696,66.8522,16.3261,401.663,0.41065,5.75394,641.9688,2.52042
70.88,0.03259472,977.272,4.187704,66.8528,16.3264,401.612,0.4106,5.75456,641.9512,2.52008
70.89,0.03261091,977.266,4.187712,66.8534,16.3267,401.561,0.41055,5.75518,641.9336,2.51974
70.9,0.0326271,977.26,4.18772,66.854,16.327,401.51,0.4105,5.7558,641.916,2.5194
70.91,0.03264329,977.254,4.187728,66.8546,16.3273,401.459,0.41045,5.75642,641.8984,2.51906
70.92,0.03265948,977.248,4.187736,66.8552,16.3276,401.408,0.4104,5.75704,641.8808,2.51872
70.93,0.03267567,977.242,4.187744,66.8558,16.3279,401.357,0.41035,5.75766,641.8632,2.51838
70.94,0.03269186,977.236,4.187752,66.8564,16.3282,401.306,0.4103,5.75828,641.8456,2.51804
70.95,0.03270805,977.23,4.18776,66.857,16.3285,401.255,0.41025,5.7589,641.828,2.5177
70.96,0.03272424,977.224,4.187768,66.8576,16.3288,401.204,0.4102,5.75952,641.8104,2.51736
70.97,0.03274043,977.218,4.187776,66.8582,16.3291,401.153,0.41015,5.76014,641.7928,2.51702
70.98,0.03275662,977.212,4.187784,66.8588,16.3294,401.102,0.4101,5.76076,641.7752,2.51668
70.99,0.03277281,977.206,4.187792,66.8594,16.3297,401.051,0.41005,5.76138,641.7576,2.51634
71,0.032789,977.2,4.1878,66.86,16.33,401,0.41,5.762,641.74,2.516
71.01,0.03280519,977.194,4.187808,66.8606,16.3303,400.949,0.40995,5.76262,641.7224,2.51566
71.02,0.03282138,977.188,4.187816,66.8612,16.3306,400.898,0.4099,5.76324,641.7048,2.51532
71.03,0.03283757,977.182,4.187824,66.8618,16.3309,400.847,0.40985,5.76386,641.6872,2.51498
71.04,0.03285376,977.176,4.187832,66.8624,16.3312,400.796,0.4098,5.76448,641.6696,2.51464
71.05,0.03286995,977.17,4.18784,66.863,16.3315,400.745,0.40975,5.7651,641.652,2.5143
71.06,0.03288614,977.164,4.187848,66.8636,16.3318,400.694,0.4097,5.76572,641.6344,2.51396
71.07,0.03290233,977.158,4.187856,66.8642,16.3321,400.643,0.40965,5.76634,641.6168,2.51362
71.08,0.03291852,977.152,4.187864,66.8648,16.3324,400.592,0.4096,5.76696,641.5992,2.51328
71.09,0.03293471,977.146,4.187872,66.8654,16.3327,400.541,0.40955,5.76758,641.5816,2.51294
71.1,0.0329509,977.14,4.18788,66.866,16.333,400.49,0.4095,5.7682,641.564,2.5126
71.11,0.03296709,977.134,4.187888,66.8666,16.3333,400.439,0.40945,5.76882,641.5464,2.51226
71.12,0.03298328,977.128,4.187896,66.8672,16.3336,400.388,0.4094,5.76944,641.5288,2.51192
71.13,0.03299947,977.122,4.187904,66.8678,16.3339,400.337,0.40935,5.77006,641.5112,2.51158
71.14,0.03301566,977.116,4.187912,66.8684,16.3342,400.286,0.4093,5.77068,641.4936,2.51124
71.15,0.03303185,977.11,4.18792,66.869,16.3345,400.235,0.40925,5.7713,641.476,2.5109
71.16,0.03304804,977.104,4.187928,66.8696,16.3348,400.184,0.4092,5.77192,641.4584,2.51056
71.17,0.03306423,977.098,4.187936,66.8702,16.3351,400.133,0.40915,5.77254,641.4408,2.51022
71.18,0.03308042,977.092,4.187944,66.8708,16.3354,400.082,0.4091,5.77316,641.4232,2.50988
71.19,0.03309661,977.086,4.187952,66.8714,16.3357,400.031,0.40905,5.77378,641.4056,2.50954
71.2,0.0331128,977.08,4.18796,66.872,16.336,399.98,0.409,5.7744,641.388,2.5092
71.21,0.03312899,977.074,4.187968,66.8726,16.3363,399.929,0.40895,5.77502,641.3704,2.50886
71.22,0.03314518,977.068,4.187976,66.8732,16.3366,399.878,0.4089,5.77564,641.3528,2.50852
71.23,0.03316137,977.062,4.187984,66.8738,16.3369,399.827,0.40885,5.77626,641.3352,2.50818
71.24,0.03317756,977.056,4.187992,66.8744,16.3372,399.776,0.4088,5.77688,641.3176,2.50784
71.25,0.03319375,977.05,4.188,66.875,16.3375,399.725,0.40875,5.7775,641.3,2.5075
71.26,0.03320994,977.044,4.188008,66.8756,16.3378,399.674,0.4087,5.77812,641.2824,2.50716
71.27,0.03322613,977.038,4.188016,66.8762,16.3381,399.623,0.40865,5.77874,641.2648,2.50682
71.28,0.03324232,977.032,4.188024,66.8768,16.3384,399.572,0.4086,5.77936,641.2472,2.50648
71.29,0.03325851,977.026,4.188032,66.8774,16.3387,399.521,0.40855,5.77998,641.2296,2.50614
71.3,0.0332747,977.02,4.18804,66.878,16.339,399.47,0.4085,5.7806,641.212,2.5058
71.31,0.03329089,977.014,4.188048,66.8786,16.3393,399.419,0.40845,5.78122,641.1944,2.50546
71.32,0.03330708,977.008,4.188056,66.8792,16.3396,399.368,0.4084,5.78184,641.1768,2.50512
71.33,0.03332327,977.002,4.188064,66.8798,16.3399,399.317,0.40835,5.78246,641.1592,2.50478
71.34,0.03333946,976.996,4.188072,66.8804,16.3402,399.266,0.4083,5.78308,641.1416,2.50444
71.35,0.03335565,976.99,4.18808,66.881,16.3405,399.215,0.40825,5.7837,641.124,2.5041
71.36,0.03337184,976.984,4.188088,66.8816,16.3408,399.164,0.4082,5.78432,641.1064,2.50376
71.37,0.03338803,976.978,4.188096,66.8822,16.3411,399.113,0.40815,5.78494,641.0888,2.50342
71.38,0.03340422,976.972,4.188104,66.8828,16.3414,399.062,0.4081,5.78556,641.0712,2.50308
71.39,0.03342041,976.966,4.188112,66.8834,16.3417,399.011,0.40805,5.78618,641.0536,2.50274
71.4,0.0334366,976.96,4.18812,66.884,16.342,398.96,0.408,5.7868,641.036,2.5024
71.41,0.03345279,976.954,4.188128,66.8846,16.3423,398.909,0.40795,5.78742,641.0184,2.50206
71.42,0.03346898,976.948,4.188136,66.8852,16.3426,398.858,0.4079,5.78804,641.0008,2.50172
71.43,0.03348517,976.942,4.188144,66.8858,16.3429,398.807,0.40785,5.78866,640.9832,2.50138
71.44,0.03350136,976.936,4.188152,66.8864,16.3432,398.756,0.4078,5.78928,640.9656,2.50104
71.45,0.03351755,976.93,4.18816,66.887,16.3435,398.705,0.40775,5.7899,640.948,2.5007
71.46,0.03353374,976.924,4.188168,66.8876,16.3438,398.654,0.4077,5.79052,640.9304,2.50036
71.47,0.03354993,976.918,4.188176,66.8882,16.3441,398.603,0.40765,5.79114,640.9128,2.50002
71.48,0.03356612,976.912,4.188184,66.8888,16.3444,398.552,0.4076,5.79176,640.8952,2.49968
71.49,0.03358231,976.906,4.188192,66.8894,16.3447,398.501,0.40755,5.79238,640.8776,2.49934
71.5,0.0335985,976.9,4.1882,66.89,16.345,398.45,0.4075,5.793,640.86,2.499
71.51,0.03361469,976.894,4.188208,66.8906,16.3453,398.399,0.40745,5.79362,640.8424,2.49866
71.52,0.03363088,976.888,4.188216,66.8912,16.3456,398.348,0.4074,5.79424,640.8248,2.49832
71.53,0.03364707,976.882,4.188224,66.8918,16.3459,398.297,0.40735,5.79486,640.8072,2.49798
71.54,0.03366326,976.876,4.188232,66.8924,16.3462,398.246,0.4073,5.79548,640.7896,2.49764
71.55,0.03367945,976.87,4.18824,66.893,16.3465,398.195,0.40725,5.7961,640.772,2.4973
71.56,0.03369564,976.864,4.188248,66.8936,16.3468,398.144,0.4072,5.79672,640.7544,2.49696
71.57,0.03371183,976.858,4.188256,66.8942,16.3471,398.093,0.40715,5.79734,640.7368,2.49662
71.58,0.03372802,976.852,4.188264,66.8948,16.3474,398.042,0.4071,5.79796,640.7192,2.49628
71.59,0.03374421,976.846,4.188272,66.8954,16.3477,397.991,0.40705,5.79858,640.7016,2.49594
71.6,0.0337604,976.84,4.18828,66.896,16.348,397.94,0.407,5.7992,640.684,2.4956
71.61,0.03377659,976.834,4.188288,66.8966,16.3483,397.889,0.40695,5.79982,640.6664,2.49526
71.62,0.03379278,976.828,4.188296,66.8972,16.3486,397.838,0.4069,5.80044,640.6488,2.49492
71.63,0.03380897,976.822,4.188304,66.8978,16.3489,397.787,0.40685,5.80106,640.6312,2.49458
71.64,0.03382516,976.816,4.188312,66.8984,16.3492,397.736,0.4068,5.80168,640.6136,2.49424
71.65,0.03384135,976.81,4.18832,66.899,16.3495,397.685,0.40675,5.8023,640.596,2.4939
71.66,0.03385754,976.804,4.188328,66.8996,16.3498,397.634,0.4067,5.80292,640.5784,2.49356
71.67,0.03387373,976.798,4.188336,66.9002,16.3501,397.583,0.40665,5.80354,640.5608,2.49322
71.68,0.03388992,976.792,4.188344,66.9008,16.3504,397.532,0.4066,5.80416,640.5432,2.49288
71.69,0.03390611,976.786,4.188352,66.9014,16.3507,397.481,0.40655,5.80478,640.5256,2.49254
71.7,0.0339223,976.78,4.18836,66.902,16.351,397.43,0.4065,5.8054,640.508,2.4922
71.71,0.03393849,976.774,4.188368,66.9026,16.3513,397.379,0.40645,5.80602,640.4904,2.49186
71.72,0.03395468,976.768,4.188376,66.9032,16.3516,397.328,0.4064,5.80664,640.4728,2.49152
71.73,0.03397087,976.762,4.188384,66.9038,16.3519,397.277,0.40635,5.80726,640.4552,2.49118
71.74,0.03398706,976.756,4.188392,66.9044,16.3522,397.226,0.4063,5.80788,640.4376,2.49084
71.75,0.03400325,976.75,4.1884,66.905,16.3525,397.175,0.40625,5.8085,640.42,2.4905
71.76,0.03401944,976.744,4.188408,66.9056,16.3528,397.124,0.4062,5.80912,640.4024,2.49016
71.77,0.03403563,976.738,4.188416,66.9062,16.3531,397.073,0.40615,5.80974,640.3848,2.48982
71.78,0.03405182,976.732,4.188424,66.9068,16.3534,397.022,0.4061,5.81036,640.3672,2.48948
71.79,0.03406801,976.726,4.188432,66.9074,16.3537,396.971,0.40605,5.81098,640.3496,2.48914
71.8,0.0340842,976.72,4.18844,66.908,16.354,396.92,0.406,5.8116,640.332,2.4888
71.81,0.03410039,976.714,4.188448,66.9086,16.3543,396.869,0.40595,5.81222,640.3144,2.48846
71.82,0.03411658,976.708,4.188456,66.9092,16.3546,396.818,0.4059,5.81284,640.2968,2.48812
71.83,0.03413277,976.702,4.188464,66.9098,16.3549,396.767,0.40585,5.81346,640.2792,2.48778
71.84,0.03414896,976.696,4.188472,66.9104,16.3552,396.716,0.4058,5.81408,640.2616,2.48744
71.85,0.03416515,976.69,4.18848,66.911,16.3555,396.665,0.40575,5.8147,640.244,2.4871
71.86,0.03418134,976.684,4.188488,66.9116,16.3558,396.614,0.4057,5.81532,640.2264,2.48676
71.87,0.03419753,976.678,4.188496,66.9122,16.3561,396.563,0.40565,5.81594,640.2088,2.48642
71.88,0.03421372,976.672,4.188504,66.9128,16.3564,396.512,0.4056,5.81656,640.1912,2.48608
71.89,0.03422991,976.666,4.188512,66.9134,16.3567,396.461,0.40555,5.81718,640.1736,2.48574
71.9,0.0342461,976.66,4.18852,66.914,16.357,396.41,0.4055,5.8178,640.156,2.4854
71.91,0.03426229,976.654,4.188528,66.9146,16.3573,396.359,0.40545,5.81842,640.1384,2.48506
71.92,0.03427848,976.648,4.188536,66.9152,16.3576,396.308,0.4054,5.81904,640.1208,2.48472
71.93,0.03429467,976.642,4.188544,66.9158,16.3579,396.257,0.40535,5.81966,640.1032,2.48438
71.94,0.03431086,976.636,4.188552,66.9164,16.3582,396.206,0.4053,5.82028,640.0856,2.48404
71.95,0.03432705,976.63,4.18856,66.917,16.3585,396.155,0.40525,5.8209,640.068,2.4837
71.96,0.03434324,976.624,4.188568,66.9176,16.3588,396.104,0.4052,5.82152,640.0504,2.48336
71.97,0.03435943,976.618,4.188576,66.9182,16.3591,396.053,0.40515,5.82214,640.0328,2.48302
71.98,0.03437562,976.612,4.188584,66.9188,16.3594,396.002,0.4051,5.82276,640.0152,2.48268
71.99,0.03439181,976.606,4.188592,66.9194,16.3597,395.951,0.40505,5.82338,639.9976,2.48234
72,0.034408,976.6,4.1886,66.92,16.36,395.9,0.405,5.824,639.98,2.482
72.01,0.03442419,976.594,4.188608,66.9206,16.3603,395.849,0.40495,5.82462,639.9624,2.48166
72.02,0.03444038,976.588,4.188616,66.9212,16.3606,395.798,0.4049,5.82524,639.9448,2.48132
72.03,0.03445657,976.582,4.188624,66.9218,16.3609,395.747,0.40485,5.82586,639.9272,2.48098
72.04,0.03447276,976.576,4.188632,66.9224,16.3612,395.696,0.4048,5.82648,639.9096,2.48064
72.05,0.03448895,976.57,4.18864,66.923,16.3615,395.645,0.40475,5.8271,639.892,2.4803
72.06,0.03450514,976.564,4.188648,66.9236,16.3618,395.594,0.4047,5.82772,639.8744,2.47996
72.07,0.03452133,976.558,4.188656,66.9242,16.3621,395.543,0.40465,5.82834,639.8568,2.47962
72.08,0.03453752,976.552,4.188664,66.9248,16.3624,395.492,0.4046,5.82896,639.8392,2.47928
72.09,0.03455371,976.546,4.188672,66.9254,16.3627,395.441,0.40455,5.82958,639.8216,2.47894
72.1,0.0345699,976.54,4.18868,66.926,16.363,395.39,0.4045,5.8302,639.804,2.4786
72.11,0.03458609,976.534,4.188688,66.9266,16.3633,395.339,0.40445,5.83082,639.7864,2.47826
72.12,0.03460228,976.528,4.188696,66.9272,16.3636,395.288,0.4044,5.83144,639.7688,2.47792
72.13,0.03461847,976.522,4.188704,66.9278,16.3639,395.237,0.40435,5.83206,639.7512,2.47758
72.14,0.03463466,976.516,4.188712,66.9284,16.3642,395.186,0.4043,5.83268,639.7336,2.47724
72.15,0.03465085,976.51,4.18872,66.929,16.3645,395.135,0.40425,5.8333,639.716,2.4769
72.16,0.03466704,976.504,4.188728,66.9296,16.3648,395.084,0.4042,5.83392,639.6984,2.47656
72.17,0.03468323,976.498,4.188736,66.9302,16.3651,395.033,0.40415,5.83454,639.6808,2.47622
72.18,0.03469942,976.492,4.188744,66.9308,16.3654,394.982,0.4041,5.83516,639.6632,2.47588
72.19,0.03471561,976.486,4.188752,66.9314,16.3657,394.931,0.40405,5.83578,639.6456,2.47554
72.2,0.0347318,976.48,4.18876,66.932,16.366,394.88,0.404,5.8364,639.628,2.4752
72.21,0.03474799,976.474,4.188768,66.9326,16.3663,394.829,0.40395,5.83702,639.6104,2.47486
72.22,0.03476418,976.468,4.188776,66.9332,16.3666,394.778,0.4039,5.83764,639.5928,2.47452
72.23,0.03478037,976.462,4.188784,66.9338,16.3669,394.727,0.40385,5.83826,639.5752,2.47418
72.24,0.03479656,976.456,4.188792,66.9344,16.3672,394.676,0.4038,5.83888,639.5576,2.47384
72.25,0.03481275,976.45,4.1888,66.935,16.3675,394.625,0.40375,5.8395,639.54,2.4735
72.26,0.03482894,976.444,4.188808,66.9356,16.3678,394.574,0.4037,5.84012,639.5224,2.47316
72.27,0.03484513,976.438,4.188816,66.9362,16.3681,394.523,0.40365,5.84074,639.5048,2.47282
72.28,0.03486132,976.432,4.188824,66.9368,16.3684,394.472,0.4036,5.84136,639.4872,2.47248
72.29,0.03487751,976.426,4.188832,66.9374,16.3687,394.421,0.40355,5.84198,639.4696,2.47214
72.3,0.0348937,976.42,4.18884,66.938,16.369,394.37,0.4035,5.8426,639.452,2.4718
72.31,0.03490989,976.414,4.188848,66.9386,16.3693,394.319,0.40345,5.84322,639.4344,2.47146
72.32,0.03492608,976.408,4.188856,66.9392,16.3696,394.268,0.4034,5.84384,639.4168,2.47112
72.33,0.03494227,976.402,4.188864,66.9398,16.3699,394.217,0.40335,5.84446,639.3992,2.47078
72.34,0.03495846,976.396,4.188872,66.9404,16.3702,394.166,0.4033,5.84508,639.3816,2.47044
72.35,0.03497465,976.39,4.18888,66.941,16.3705,394.115,0.40325,5.8457,639.364,2.4701
72.36,0.03499084,976.384,4.188888,66.9416,16.3708,394.064,0.4032,5.84632,639.3464,2.46976
72.37,0.03500703,976.378,4.188896,66.9422,16.3711,394.013,0.40315,5.84694,639.3288,2.46942
72.38,0.03502322,976.372,4.188904,66.9428,16.3714,393.962,0.4031,5.84756,639.3112,2.46908
72.39,0.03503941,976.366,4.188912,66.9434,16.3717,393.911,0.40305,5.84818,639.2936,2.46874
72.4,0.0350556,976.36,4.18892,66.944,16.372,393.86,0.403,5.8488,639.276,2.4684
72.41,0.03507179,976.354,4.188928,66.9446,16.3723,393.809,0.40295,5.84942,639.2584,2.46806
72.42,0.03508798,976.348,4.188936,66.9452,16.3726,393.758,0.4029,5.85004,639.2408,2.46772
72.43,0.03510417,976.342,4.188944,66.9458,16.3729,393.707,0.40285,5.85066,639.2232,2.46738
72.44,0.03512036,976.336,4.188952,66.9464,16.3732,393.656,0.4028,5.85128,639.2056,2.46704
72.45,0.03513655,976.33,4.18896,66.947,16.3735,393.605,0.40275,5.8519,639.188,2.4667
72.46,0.03515274,976.324,4.188968,66.9476,16.3738,393.554,0.4027,5.85252,639.1704,2.46636
72.47,0.03516893,976.318,4.188976,66.9482,16.3741,393.503,0.40265,5.85314,639.1528,2.46602
72.48,0.03518512,976.312,4.188984,66.9488,16.3744,393.452,0.4026,5.85376,639.1352,2.46568
72.49,0.03520131,976.306,4.188992,66.9494,16.3747,393.401,0.40255,5.85438,639.1176,2.46534
72.5,0.0352175,976.3,4.189,66.95,16.375,393.35,0.4025,5.855,639.1,2.465
72.51,0.03523369,976.294,4.189008,66.9506,16.3753,393.299,0.40245,5.85562,639.0824,2.46466
72.52,0.03524988,976.288,4.189016,66.9512,16.3756,393.248,0.4024,5.85624,639.0648,2.46432
72.53,0.03526607,976.282,4.189024,66.9518,16.3759,393.197,0.40235,5.85686,639.0472,2.46398
72.54,0.03528226,976.276,4.189032,66.9524,16.3762,393.146,0.4023,5.85748,639.0296,2.46364
72.55,0.03529845,976.27,4.18904,66.953,16.3765,393.095,0.40225,5.8581,639.012,2.4633
72.56,0.03531464,976.264,4.189048,66.9536,16.3768,393.044,0.4022,5.85872,638.9944,2.46296
72.57,0.03533083,976.258,4.189056,66.9542,16.3771,392.993,0.40215,5.85934,638.9768,2.46262
72.58,0.03534702,976.252,4.189064,66.9548,16.3774,392.942,0.4021,5.85996,638.9592,2.46228
72.59,0.03536321,976.246,4.189072,66.9554,16.3777,392.891,0.40205,5.86058,638.9416,2.46194
72.6,0.0353794,976.24,4.18908,66.956,16.378,392.84,0.402,5.8612,638.924,2.4616
72.61,0.03539559,976.234,4.189088,66.9566,16.3783,392.789,0.40195,5.86182,638.9064,2.46126
72.62,0.03541178,976.228,4.189096,66.9572,16.3786,392.738,0.4019,5.86244,638.8888,2.46092
72.63,0.03542797,976.222,4.189104,66.9578,16.3789,392.687,0.40185,5.86306,638.8712,2.46058
72.64,0.03544416,976.216,4.189112,66.9584,16.3792,392.636,0.4018,5.86368,638.8536,2.46024
72.65,0.03546035,976.21,4.18912,66.959,16.3795,392.585,0.40175,5.8643,638.836,2.4599
72.66,0.03547654,976.204,4.189128,66.9596,16.3798,392.534,0.4017,5.86492,638.8184,2.45956
72.67,0.03549273,976.198,4.189136,66.9602,16.3801,392.483,0.40165,5.86554,638.8008,2.45922
72.68,0.03550892,976.192,4.189144,66.9608,16.3804,392.432,0.4016,5.86616,638.7832,2.45888
72.69,0.03552511,976.186,4.189152,66.9614,16.3807,392.381,0.40155,5.86678,638.7656,2.45854
72.7,0.0355413,976.18,4.18916,66.962,16.381,392.33,0.4015,5.8674,638.748,2.4582
72.71,0.03555749,976.174,4.189168,66.9626,16.3813,392.279,0.40145,5.86802,638.7304,2.45786
72.72,0.03557368,976.168,4.189176,66.9632,16.3816,392.228,0.4014,5.86864,638.7128,2.45752
72.73,0.03558987,976.162,4.189184,66.9638,16.3819,392.177,0.40135,5.86926,638.6952,2.45718
72.74,0.03560606,976.156,4.189192,66.9644,16.3822,392.126,0.4013,5.86988,638.6776,2.45684
72.75,0.03562225,976.15,4.1892,66.965,16.3825,392.075,0.40125,5.8705,638.66,2.4565
72.76,0.03563844,976.144,4.189208,66.9656,16.3828,392.024,0.4012,5.87112,638.6424,2.45616
72.77,0.03565463,976.138,4.189216,66.9662,16.3831,391.973,0.40115,5.87174,638.6248,2.45582
72.78,0.03567082,976.132,4.189224,66.9668,16.3834,391.922,0.4011,5.87236,638.6072,2.45548
72.79,0.03568701,976.126,4.189232,66.9674,16.3837,391.871,0.40105,5.87298,638.5896,2.45514
72.8,0.0357032,976.12,4.18924,66.968,16.384,391.82,0.401,5.8736,638.572,2.4548
72.81,0.03571939,976.114,4.189248,66.9686,16.3843,391.769,0.40095,5.87422,638.5544,2.45446
72.82,0.03573558,976.108,4.189256,66.9692,16.3846,391.718,0.4009,5.87484,638.5368,2.45412
72.83,0.03575177,976.102,4.189264,66.9698,16.3849,391.667,0.40085,5.87546,638.5192,2.45378
72.84,0.03576796,976.096,4.189272,66.9704,16.3852,391.616,0.4008,5.87608,638.5016,2.45344
72.85,0.03578415,976.09,4.18928,66.971,16.3855,391.565,0.40075,5.8767,638.484,2.4531
72.86,0.03580034,976.084,4.189288,66.9716,16.3858,391.514,0.4007,5.87732,638.4664,2.45276
72.87,0.03581653,976.078,4.189296,66.9722,16.3861,391.463,0.40065,5.87794,638.4488,2.45242
72.88,0.03583272,976.072,4.189304,66.9728,16.3864,391.412,0.4006,5.87856,638.4312,2.45208
72.89,0.03584891,976.066,4.189312,66.9734,16.3867,391.361,0.40055,5.87918,638.4136,2.45174
72.9,0.0358651,976.06,4.18932,66.974,16.387,391.31,0.4005,5.8798,638.396,2.4514
72.91,0.03588129,976.054,4.189328,66.9746,16.3873,391.259,0.40045,5.88042,638.3784,2.45106
72.92,0.03589748,976.048,4.189336,66.9752,16.3876,391.208,0.4004,5.88104,638.3608,2.45072
72.93,0.03591367,976.042,4.189344,66.9758,16.3879,391.157,0.40035,5.88166,638.3432,2.45038
72.94,0.03592986,976.036,4.189352,66.9764,16.3882,391.106,0.4003,5.88228,638.3256,2.45004
72.95,0.03594605,976.03,4.18936,66.977,16.3885,391.055,0.40025,5.8829,638.308,2.4497
72.96,0.03596224,976.024,4.189368,66.9776,16.3888,391.004,0.4002,5.88352,638.2904,2.44936
72.97,0.03597843,976.018,4.189376,66.9782,16.3891,390.953,0.40015,5.88414,638.2728,2.44902
72.98,0.03599462,976.012,4.189384,66.9788,16.3894,390.902,0.4001,5.88476,638.2552,2.44868
72.99,0.03601081,976.006,4.189392,66.9794,16.3897,390.851,0.40005,5.88538,638.2376,2.44834
73,0.036027,976,4.1894,66.98,16.39,390.8,0.4,5.886,638.22,2.448
73.01,0.03604319,975.994,4.189408,66.9806,16.3903,390.749,0.39995,5.88662,638.2024,2.44766
73.02,0.03605938,975.988,4.189416,66.9812,16.3906,390.698,0.3999,5.88724,638.1848,2.44732
73.03,0.03607557,975.982,4.189424,66.9818,16.3909,390.647,0.39985,5.88786,638.1672,2.44698
73.04,0.03609176,975.976,4.189432,66.9824,16.3912,390.596,0.3998,5.88848,638.1496,2.44664
73.05,0.03610795,975.97,4.18944,66.983,16.3915,390.545,0.39975,5.8891,638.132,2.4463
73.06,0.03612414,975.964,4.189448,66.9836,16.3918,390.494,0.3997,5.88972,638.1144,2.44596
73.07,0.03614033,975.958,4.189456,66.9842,16.3921,390.443,0.39965,5.89034,638.0968,2.44562
73.08,0.03615652,975.952,4.189464,66.9848,16.3924,390.392,0.3996,5.89096,638.0792,2.44528
73.09,0.03617271,975.946,4.189472,66.9854,16.3927,390.341,0.39955,5.89158,638.0616,2.44494
73.1,0.0361889,975.94,4.18948,66.986,16.393,390.29,0.3995,5.8922,638.044,2.4446
73.11,0.03620509,975.934,4.189488,66.9866,16.3933,390.239,0.39945,5.89282,638.0264,2.44426
73.12,0.03622128,975.928,4.189496,66.9872,16.3936,390.188,0.3994,5.89344,638.0088,2.44392
73.13,0.03623747,975.922,4.189504,66.9878,16.3939,390.137,0.39935,5.89406,637.9912,2.44358
73.14,0.03625366,975.916,4.189512,66.9884,16.3942,390.086,0.3993,5.89468,637.9736,2.44324
73.15,0.03626985,975.91,4.18952,66.989,16.3945,390.035,0.39925,5.8953,637.956,2.4429
73.16,0.03628604,975.904,4.189528,66.9896,16.3948,389.984,0.3992,5.89592,637.9384,2.44256
73.17,0.03630223,975.898,4.189536,66.9902,16.3951,389.933,0.39915,5.89654,637.9208,2.44222
73.18,0.03631842,975.892,4.189544,66.9908,16.3954,389.882,0.3991,5.89716,637.9032,2.44188
73.19,0.03633461,975.886,4.189552,66.9914,16.3957,389.831,0.39905,5.89778,637.8856,2.44154
73.2,0.0363508,975.88,4.18956,66.992,16.396,389.78,0.399,5.8984,637.868,2.4412
73.21,0.03636699,975.874,4.189568,66.9926,16.3963,389.729,0.39895,5.89902,637.8504,2.44086
73.22,0.03638318,975.868,4.189576,66.9932,16.3966,389.678,0.3989,5.89964,637.8328,2.44052
73.23,0.03639937,975.862,4.189584,66.9938,16.3969,389.627,0.39885,5.90026,637.8152,2.44018
73.24,0.03641556,975.856,4.189592,66.9944,16.3972,389.576,0.3988,5.90088,637.7976,2.43984
73.25,0.03643175,975.85,4.1896,66.995,16.3975,389.525,0.39875,5.9015,637.78,2.4395
73.26,0.03644794,975.844,4.189608,66.9956,16.3978,389.474,0.3987,5.90212,637.7624,2.43916
73.27,0.03646413,975.838,4.189616,66.9962,16.3981,389.423,0.39865,5.90274,637.7448,2.43882
73.28,0.03648032,975.832,4.189624,66.9968,16.3984,389.372,0.3986,5.90336,637.7272,2.43848
73.29,0.03649651,975.826,4.189632,66.9974,16.3987,389.321,0.39855,5.90398,637.7096,2.43814
73.3,0.0365127,975.82,4.18964,66.998,16.399,389.27,0.3985,5.9046,637.692,2.4378
73.31,0.03652889,975.814,4.189648,66.9986,16.3993,389.219,0.39845,5.90522,637.6744,2.43746
73.32,0.03654508,975.808,4.189656,66.9992,16.3996,389.168,0.3984,5.90584,637.6568,2.43712
73.33,0.03656127,975.802,4.189664,66.9998,16.3999,389.117,0.39835,5.90646,637.6392,2.43678
73.34,0.03657746,975.796,4.189672,67.0004,16.4002,389.066,0.3983,5.90708,637.6216,2.43644
73.35,0.03659365,975.79,4.18968,67.001,16.4005,389.015,0.39825,5.9077,637.604,2.4361
73.36,0.03660984,975.784,4.189688,67.0016,16.4008,388.964,0.3982,5.90832,637.5864,2.43576
73.37,0.03662603,975.778,4.189696,67.0022,16.4011,388.913,0.39815,5.90894,637.5688,2.43542
73.38,0.03664222,975.772,4.189704,67.0028,16.4014,388.862,0.3981,5.90956,637.5512,2.43508
73.39,0.03665841,975.766,4.189712,67.0034,16.4017,388.811,0.39805,5.91018,637.5336,2.43474
73.4,0.0366746,975.76,4.18972,67.004,16.402,388.76,0.398,5.9108,637.516,2.4344
73.41,0.03669079,975.754,4.189728,67.0046,16.4023,388.709,0.39795,5.91142,637.4984,2.43406
73.42,0.03670698,975.748,4.189736,67.0052,16.4026,388.658,0.3979,5.91204,637.4808,2.43372
73.43,0.03672317,975.742,4.189744,67.0058,16.4029,388.607,0.39785,5.91266,637.4632,2.43338
73.44,0.03673936,975.736,4.189752,67.0064,16.4032,388.556,0.3978,5.91328,637.4456,2.43304
73.45,0.03675555,975.73,4.18976,67.007,16.4035,388.505,0.39775,5.9139,637.428,2.4327
73.46,0.03677174,975.724,4.189768,67.0076,16.4038,388.454,0.3977,5.91452,637.4104,2.43236
73.47,0.03678793,975.718,4.189776,67.0082,16.4041,388.403,0.39765,5.91514,637.3928,2.43202
73.48,0.03680412,975.712,4.189784,67.0088,16.4044,388.352,0.3976,5.91576,637.3752,2.43168
73.49,0.03682031,975.706,4.189792,67.0094,16.4047,388.301,0.39755,5.91638,637.3576,2.43134
73.5,0.0368365,975.7,4.1898,67.01,16.405,388.25,0.3975,5.917,637.34,2.431
73.51,0.03685269,975.694,4.189808,67.0106,16.4053,388.199,0.39745,5.91762,637.3224,2.43066
73.52,0.03686888,975.688,4.189816,67.0112,16.4056,388.148,0.3974,5.91824,637.3048,2.43032
73.53,0.03688507,975.682,4.189824,67.0118,16.4059,388.097,0.39735,5.91886,637.2872,2.42998
73.54,0.03690126,975.676,4.189832,67.0124,16.4062,388.046,0.3973,5.91948,637.2696,2.42964
73.55,0.03691745,975.67,4.18984,67.013,16.4065,387.995,0.39725,5.9201,637.252,2.4293
73.56,0.03693364,975.664,4.189848,67.0136,16.4068,387.944,0.3972,5.92072,637.2344,2.42896
73.57,0.03694983,975.658,4.189856,67.0142,16.4071,387.893,0.39715,5.92134,637.2168,2.42862
73.58,0.03696602,975.652,4.189864,67.0148,16.4074,387.842,0.3971,5.92196,637.1992,2.42828
73.59,0.03698221,975.646,4.189872,67.0154,16.4077,387.791,0.39705,5.92258,637.1816,2.42794
73.6,0.0369984,975.64,4.18988,67.016,16.408,387.74,0.397,5.9232,637.164,2.4276
73.61,0.03701459,975.634,4.189888,67.0166,16.4083,387.689,0.39695,5.92382,637.1464,2.42726
73.62,0.03703078,975.628,4.189896,67.0172,16.4086,387.638,0.3969,5.92444,637.1288,2.42692
73.63,0.03704697,975.622,4.189904,67.0178,16.4089,387.587,0.39685,5.92506,637.1112,2.42658
73.64,0.03706316,975.616,4.189912,67.0184,16.4092,387.536,0.3968,5.92568,637.0936,2.42624
73.65,0.03707935,975.61,4.18992,67.019,16.4095,387.485,0.39675,5.9263,637.076,2.4259
73.66,0.03709554,975.604,4.189928,67.0196,16.4098,387.434,0.3967,5.92692,637.0584,2.42556
73.67,0.03711173,975.598,4.189936,67.0202,16.4101,387.383,0.39665,5.92754,637.0408,2.42522
73.68,0.03712792,975.592,4.189944,67.0208,16.4104,387.332,0.3966,5.92816,637.0232,2.42488
73.69,0.03714411,975.586,4.189952,67.0214,16.4107,387.281,0.39655,5.92878,637.0056,2.42454
73.7,0.0371603,975.58,4.18996,67.022,16.411,387.23,0.3965,5.9294,636.988,2.4242
73.71,0.03717649,975.574,4.189968,67.0226,16.4113,387.179,0.39645,5.93002,636.9704,2.42386
73.72,0.03719268,975.568,4.189976,67.0232,16.4116,387.128,0.3964,5.93064,636.9528,2.42352
73.73,0.03720887,975.562,4.189984,67.0238,16.4119,387.077,0.39635,5.93126,636.9352,2.42318
73.74,0.03722506,975.556,4.189992,67.0244,16.4122,387.026,0.3963,5.93188,636.9176,2.42284
73.75,0.03724125,975.55,4.19,67.025,16.4125,386.975,0.39625,5.9325,636.9,2.4225
73.76,0.03725744,975.544,4.190008,67.0256,16.4128,386.924,0.3962,5.93312,636.8824,2.42216
73.77,0.03727363,975.538,4.190016,67.0262,16.4131,386.873,0.39615,5.93374,636.8648,2.42182
73.78,0.03728982,975.532,4.190024,67.0268,16.4134,386.822,0.3961,5.93436,636.8472,2.42148
73.79,0.03730601,975.526,4.190032,67.0274,16.4137,386.771,0.39605,5.93498,636.8296,2.42114
73.8,0.0373222,975.52,4.19004,67.028,16.414,386.72,0.396,5.9356,636.812,2.4208
73.81,0.03733839,975.514,4.190048,67.0286,16.4143,386.669,0.39595,5.93622,636.7944,2.42046
73.82,0.03735458,975.508,4.190056,67.0292,16.4146,386.618,0.3959,5.93684,636.7768,2.42012
73.83,0.03737077,975.502,4.190064,67.0298,16.4149,386.567,0.39585,5.93746,636.7592,2.41978
73.84,0.03738696,975.496,4.190072,67.0304,16.4152,386.516,0.3958,5.93808,636.7416,2.41944
73.85,0.03740315,975.49,4.19008,67.031,16.4155,386.465,0.39575,5.9387,636.724,2.4191
73.86,0.03741934,975.484,4.190088,67.0316,16.4158,386.414,0.3957,5.93932,636.7064,2.41876
73.87,0.03743553,975.478,4.190096,67.0322,16.4161,386.363,0.39565,5.93994,636.6888,2.41842
73.88,0.03745172,975.472,4.190104,67.0328,16.4164,386.312,0.3956,5.94056,636.6712,2.41808
73.89,0.03746791,975.466,4.190112,67.0334,16.4167,386.261,0.39555,5.94118,636.6536,2.41774
73.9,0.0374841,975.46,4.19012,67.034,16.417,386.21,0.3955,5.9418,636.636,2.4174
73.91,0.03750029,975.454,4.190128,67.0346,16.4173,386.159,0.39545,5.94242,636.6184,2.41706
73.92,0.03751648,975.448,4.190136,67.0352,16.4176,386.108,0.3954,5.94304,636.6008,2.41672
73.93,0.03753267,975.442,4.190144,67.0358,16.4179,386.057,0.39535,5.94366,636.5832,2.41638
73.94,0.03754886,975.436,4.190152,67.0364,16.4182,386.006,0.3953,5.94428,636.5656,2.41604
73.95,0.03756505,975.43,4.19016,67.037,16.4185,385.955,0.39525,5.9449,636.548,2.4157
73.96,0.03758124,975.424,4.190168,67.0376,16.4188,385.904,0.3952,5.94552,636.5304,2.41536
73.97,0.03759743,975.418,4.190176,67.0382,16.4191,385.853,0.39515,5.94614,636.5128,2.41502
73.98,0.03761362,975.412,4.190184,67.0388,16.4194,385.802,0.3951,5.94676,636.4952,2.41468
73.99,0.03762981,975.406,4.190192,67.0394,16.4197,385.751,0.39505,5.94738,636.4776,2.41434
74,0.037646,975.4,4.1902,67.04,16.42,385.7,0.395,5.948,636.46,2.414
74.01,0.03766219,975.394,4.190208,67.0406,16.4203,385.649,0.39495,5.94862,636.4424,2.41366
74.02,0.03767838,975.388,4.190216,67.0412,16.4206,385.598,0.3949,5.94924,636.4248,2.41332
74.03,0.03769457,975.382,4.190224,67.0418,16.4209,385.547,0.39485,5.94986,636.4072,2.41298
74.04,0.03771076,975.376,4.190232,67.0424,16.4212,385.496,0.3948,5.95048,636.3896,2.41264
74.05,0.03772695,975.37,4.19024,67.043,16.4215,385.445,0.39475,5.9511,636.372,2.4123
74.06,0.03774314,975.364,4.190248,67.0436,16.4218,385.394,0.3947,5.95172,636.3544,2.41196
74.07,0.03775933,975.358,4.190256,67.0442,16.4221,385.343,0.39465,5.95234,636.3368,2.41162
74.08,0.03777552,975.352,4.190264,67.0448,16.4224,385.292,0.3946,5.95296,636.3192,2.41128
74.09,0.03779171,975.346,4.190272,67.0454,16.4227,385.241,0.39455,5.95358,636.3016,2.41094
74.1,0.0378079,975.34,4.19028,67.046,16.423,385.19,0.3945,5.9542,636.284,2.4106
74.11,0.03782409,975.334,4.190288,67.0466,16.4233,385.139,0.39445,5.95482,636.2664,2.41026
74.12,0.03784028,975.328,4.190296,67.0472,16.4236,385.088,0.3944,5.95544,636.2488,2.40992
74.13,0.03785647,975.322,4.190304,67.0478,16.4239,385.037,0.39435,5.95606,636.2312,2.40958
74.14,0.03787266,975.316,4.190312,67.0484,16.4242,384.986,0.3943,5.95668,636.2136,2.40924
74.15,0.03788885,975.31,4.19032,67.049,16.4245,384.935,0.39425,5.9573,636.196,2.4089
74.16,0.03790504,975.304,4.190328,67.0496,16.4248,384.884,0.3942,5.95792,636.1784,2.40856
74.17,0.03792123,975.298,4.190336,67.0502,16.4251,384.833,0.39415,5.95854,636.1608,2.40822
74.18,0.03793742,975.292,4.190344,67.0508,16.4254,384.782,0.3941,5.95916,636.1432,2.40788
74.19,0.03795361,975.286,4.190352,67.0514,16.4257,384.731,0.39405,5.95978,636.1256,2.40754
74.2,0.0379698,975.28,4.19036,67.052,16.426,384.68,0.394,5.9604,636.108,2.4072
74.21,0.03798599,975.274,4.190368,67.0526,16.4263,384.629,0.39395,5.96102,636.0904,2.40686
74.22,0.03800218,975.268,4.190376,67.0532,16.4266,384.578,0.3939,5.96164,636.0728,2.40652
74.23,0.03801837,975.262,4.190384,67.0538,16.4269,384.527,0.39385,5.96226,636.0552,2.40618
74.24,0.03803456,975.256,4.190392,67.0544,16.4272,384.476,0.3938,5.96288,636.0376,2.40584
74.25,0.03805075,975.25,4.1904,67.055,16.4275,384.425,0.39375,5.9635,636.02,2.4055
74.26,0.03806694,975.244,4.190408,67.0556,16.4278,384.374,0.3937,5.96412,636.0024,2.40516
74.27,0.03808313,975.238,4.190416,67.0562,16.4281,384.323,0.39365,5.96474,635.9848,2.40482
74.28,0.03809932,975.232,4.190424,67.0568,16.4284,384.272,0.3936,5.96536,635.9672,2.40448
74.29,0.03811551,975.226,4.190432,67.0574,16.4287,384.221,0.39355,5.96598,635.9496,2.40414
74.3,0.0381317,975.22,4.19044,67.058,16.429,384.17,0.3935,5.9666,635.932,2.4038
74.31,0.03814789,975.214,4.190448,67.0586,16.4293,384.119,0.39345,5.96722,635.9144,2.40346
74.32,0.03816408,975.208,4.190456,67.0592,16.4296,384.068,0.3934,5.96784,635.8968,2.40312
74.33,0.03818027,975.202,4.190464,67.0598,16.4299,384.017,0.39335,5.96846,635.8792,2.40278
74.34,0.03819646,975.196,4.190472,67.0604,16.4302,383.966,0.3933,5.96908,635.8616,2.40244
74.35,0.03821265,975.19,4.19048,67.061,16.4305,383.915,0.39325,5.9697,635.844,2.4021
74.36,0.03822884,975.184,4.190488,67.0616,16.4308,383.864,0.3932,5.97032,635.8264,2.40176
74.37,0.03824503,975.178,4.190496,67.0622,16.4311,383.813,0.39315,5.97094,635.8088,2.40142
74.38,0.03826122,975.172,4.190504,67.0628,16.4314,383.762,0.3931,5.97156,635.7912,2.40108
74.39,0.03827741,975.166,4.190512,67.0634,16.4317,383.711,0.39305,5.97218,635.7736,2.40074
74.4,0.0382936,975.16,4.19052,67.064,16.432,383.66,0.393,5.9728,635.756,2.4004
74.41,0.03830979,975.154,4.190528,67.0646,16.4323,383.609,0.39295,5.97342,635.7384,2.40006
74.42,0.03832598,975.148,4.190536,67.0652,16.4326,383.558,0.3929,5.97404,635.7208,2.39972
74.43,0.03834217,975.142,4.190544,67.0658,16.4329,383.507,0.39285,5.97466,635.7032,2.39938
74.44,0.03835836,975.136,4.190552,67.0664,16.4332,383.456,0.3928,5.97528,635.6856,2.39904
74.45,0.03837455,975.13,4.19056,67.067,16.4335,383.405,0.39275,5.9759,635.668,2.3987
74.46,0.03839074,975.124,4.190568,67.0676,16.4338,383.354,0.3927,5.97652,635.6504,2.39836
74.47,0.03840693,975.118,4.190576,67.0682,16.4341,383.303,0.39265,5.97714,635.6328,2.39802
74.48,0.03842312,975.112,4.190584,67.0688,16.4344,383.252,0.3926,5.97776,635.6152,2.39768
74.49,0.03843931,975.106,4.190592,67.0694,16.4347,383.201,0.39255,5.97838,635.5976,2.39734
74.5,0.0384555,975.1,4.1906,67.07,16.435,383.15,0.3925,5.979,635.58,2.397
74.51,0.03847169,975.094,4.190608,67.0706,16.4353,383.099,0.39245,5.97962,635.5624,2.39666
74.52,0.03848788,975.088,4.190616,67.0712,16.4356,383.048,0.3924,5.98024,635.5448,2.39632
74.53,0.03850407,975.082,4.190624,67.0718,16.4359,382.997,0.39235,5.98086,635.5272,2.39598
74.54,0.03852026,975.076,4.190632,67.0724,16.4362,382.946,0.3923,5.98148,635.5096,2.39564
74.55,0.03853645,975.07,4.19064,67.073,16.4365,382.895,0.39225,5.9821,635.492,2.3953
74.56,0.03855264,975.064,4.190648,67.0736,16.4368,382.844,0.3922,5.98272,635.4744,2.39496
74.57,0.03856883,975.058,4.190656,67.0742,16.4371,382.793,0.39215,5.98334,635.4568,2.39462
74.58,0.03858502,975.052,4.190664,67.0748,16.4374,382.742,0.3921,5.98396,635.4392,2.39428
74.59,0.03860121,975.046,4.190672,67.0754,16.4377,382.691,0.39205,5.98458,635.4216,2.39394
74.6,0.0386174,975.04,4.19068,67.076,16.438,382.64,0.392,5.9852,635.404,2.3936
74.61,0.03863359,975.034,4.190688,67.0766,16.4383,382.589,0.39195,5.98582,635.3864,2.39326
74.62,0.03864978,975.028,4.190696,67.0772,16.4386,382.538,0.3919,5.98644,635.3688,2.39292
74.63,0.03866597,975.022,4.190704,67.0778,16.4389,382.487,0.39185,5.98706,635.3512,2.39258
74.64,0.03868216,975.016,4.190712,67.0784,16.4392,382.436,0.3918,5.98768,635.3336,2.39224
74.65,0.03869835,975.01,4.19072,67.079,16.4395,382.385,0.39175,5.9883,635.316,2.3919
74.66,0.03871454,975.004,4.190728,67.0796,16.4398,382.334,0.3917,5.98892,635.2984,2.39156
74.67,0.03873073,974.998,4.190736,67.0802,16.4401,382.283,0.39165,5.98954,635.2808,2.39122
74.68,0.03874692,974.992,4.190744,67.0808,16.4404,382.232,0.3916,5.99016,635.2632,2.39088
74.69,0.03876311,974.986,4.190752,67.0814,16.4407,382.181,0.39155,5.99078,635.2456,2.39054
74.7,0.0387793,974.98,4.19076,67.082,16.441,382.13,0.3915,5.9914,635.228,2.3902
74.71,0.03879549,974.974,4.190768,67.0826,16.4413,382.079,0.39145,5.99202,635.2104,2.38986
74.72,0.03881168,974.968,4.190776,67.0832,16.4416,382.028,0.3914,5.99264,635.1928,2.38952
74.73,0.03882787,974.962,4.190784,67.0838,16.4419,381.977,0.39135,5.99326,635.1752,2.38918
74.74,0.03884406,974.956,4.190792,67.0844,16.4422,381.926,0.3913,5.99388,635.1576,2.38884
74.75,0.03886025,974.95,4.1908,67.085,16.4425,381.875,0.39125,5.9945,635.14,2.3885
74.76,0.03887644,974.944,4.190808,67.0856,16.4428,381.824,0.3912,5.99512,635.1224,2.38816
74.77,0.03889263,974.938,4.190816,67.0862,16.4431,381.773,0.39115,5.99574,635.1048,2.38782
74.78,0.03890882,974.932,4.190824,67.0868,16.4434,381.722,0.3911,5.99636,635.0872,2.38748
74.79,0.03892501,974.926,4.190832,67.0874,16.4437,381.671,0.39105,5.99698,635.0696,2.38714
74.8,0.0389412,974.92,4.19084,67.088,16.444,381.62,0.391,5.9976,635.052,2.3868
74.81,0.03895739,974.914,4.190848,67.0886,16.4443,381.569,0.39095,5.99822,635.0344,2.38646
74.82,0.03897358,974.908,4.190856,67.0892,16.4446,381.518,0.3909,5.99884,635.0168,2.38612
74.83,0.03898977,974.902,4.190864,67.0898,16.4449,381.467,0.39085,5.99946,634.9992,2.38578
74.84,0.03900596,974.896,4.190872,67.0904,16.4452,381.416,0.3908,6.00008,634.9816,2.38544
74.85,0.03902215,974.89,4.19088,67.091,16.4455,381.365,0.39075,6.0007,634.964,2.3851
74.86,0.03903834,974.884,4.190888,67.0916,16.4458,381.314,0.3907,6.00132,634.9464,2.38476
74.87,0.03905453,974.878,4.190896,67.0922,16.4461,381.263,0.39065,6.00194,634.9288,2.38442
74.88,0.03907072,974.872,4.190904,67.0928,16.4464,381.212,0.3906,6.00256,634.9112,2.38408
74.89,0.03908691,974.866,4.190912,67.0934,16.4467,381.161,0.39055,6.00318,634.8936,2.38374
74.9,0.0391031,974.86,4.19092,67.094,16.447,381.11,0.3905,6.0038,634.876,2.3834
74.91,0.03911929,974.854,4.190928,67.0946,16.4473,381.059,0.39045,6.00442,634.8584,2.38306
74.92,0.03913548,974.848,4.190936,67.0952,16.4476,381.008,0.3904,6.00504,634.8408,2.38272
74.93,0.03915167,974.842,4.190944,67.0958,16.4479,380.957,0.39035,6.00566,634.8232,2.38238
74.94,0.03916786,974.836,4.190952,67.0964,16.4482,380.906,0.3903,6.00628,634.8056,2.38204
74.95,0.03918405,974.83,4.19096,67.097,16.4485,380.855,0.39025,6.0069,634.788,2.3817
74.96,0.03920024,974.824,4.190968,67.0976,16.4488,380.804,0.3902,6.00752,634.7704,2.38136
74.97,0.03921643,974.818,4.190976,67.0982,16.4491,380.753,0.39015,6.00814,634.7528,2.38102
74.98,0.03923262,974.812,4.190984,67.0988,16.4494,380.702,0.3901,6.00876,634.7352,2.38068
74.99,0.03924881,974.806,4.190992,67.0994,16.4497,380.651,0.39005,6.00938,634.7176,2.38034
75,0.039265,974.8,4.191,67.1,16.45,380.6,0.39,6.01,634.7,2.38
75.01,0.03928119,974.794,4.191008,67.1006,16.4503,380.549,0.38995,6.01062,634.6824,2.37966
75.02,0.03929738,974.788,4.191016,67.1012,16.4506,380.498,0.3899,6.01124,634.6648,2.37932
75.03,0.03931357,974.782,4.191024,67.1018,16.4509,380.447,0.38985,6.01186,634.6472,2.37898
75.04,0.03932976,974.776,4.191032,67.1024,16.4512,380.396,0.3898,6.01248,634.6296,2.37864
75.05,0.03934595,974.77,4.19104,67.103,16.4515,380.345,0.38975,6.0131,634.612,2.3783
75.06,0.03936214,974.764,4.191048,67.1036,16.4518,380.294,0.3897,6.01372,634.5944,2.37796
75.07,0.03937833,974.758,4.191056,67.1042,16.4521,380.243,0.38965,6.01434,634.5768,2.37762
75.08,0.03939452,974.752,4.191064,67.1048,16.4524,380.192,0.3896,6.01496,634.5592,2.37728
75.09,0.03941071,974.746,4.191072,67.1054,16.4527,380.141,0.38955,6.01558,634.5416,2.37694
75.1,0.0394269,974.74,4.19108,67.106,16.453,380.09,0.3895,6.0162,634.524,2.3766
75.11,0.03944309,974.734,4.191088,67.1066,16.4533,380.039,0.38945,6.01682,634.5064,2.37626
75.12,0.03945928,974.728,4.191096,67.1072,16.4536,379.988,0.3894,6.01744,634.4888,2.37592
75.13,0.03947547,974.722,4.191104,67.1078,16.4539,379.937,0.38935,6.01806,634.4712,2.37558
75.14,0.03949166,974.716,4.191112,67.1084,16.4542,379.886,0.3893,6.01868,634.4536,2.37524
75.15,0.03950785,974.71,4.19112,67.109,16.4545,379.835,0.38925,6.0193,634.436,2.3749
75.16,0.03952404,974.704,4.191128,67.1096,16.4548,379.784,0.3892,6.01992,634.4184,2.37456
75.17,0.03954023,974.698,4.191136,67.1102,16.4551,379.733,0.38915,6.02054,634.4008,2.37422
75.18,0.03955642,974.692,4.191144,67.1108,16.4554,379.682,0.3891,6.02116,634.3832,2.37388
75.19,0.03957261,974.686,4.191152,67.1114,16.4557,379.631,0.38905,6.02178,634.3656,2.37354
75.2,0.0395888,974.68,4.19116,67.112,16.456,379.58,0.389,6.0224,634.348,2.3732
75.21,0.03960499,974.674,4.191168,67.1126,16.4563,379.529,0.38895,6.02302,634.3304,2.37286
75.22,0.03962118,974.668,4.191176,67.1132,16.4566,379.478,0.3889,6.02364,634.3128,2.37252
75.23,0.03963737,974.662,4.191184,67.1138,16.4569,379.427,0.38885,6.02426,634.2952,2.37218
75.24,0.03965356,974.656,4.191192,67.1144,16.4572,379.376,0.3888,6.02488,634.2776,2.37184
75.25,0.03966975,974.65,4.1912,67.115,16.4575,379.325,0.38875,6.0255,634.26,2.3715
75.26,0.03968594,974.644,4.191208,67.1156,16.4578,379.274,0.3887,6.02612,634.2424,2.37116
75.27,0.03970213,974.638,4.191216,67.1162,16.4581,379.223,0.38865,6.02674,634.2248,2.37082
75.28,0.03971832,974.632,4.191224,67.1168,16.4584,379.172,0.3886,6.02736,634.2072,2.37048
75.29,0.03973451,974.626,4.191232,67.1174,16.4587,379.121,0.38855,6.02798,634.1896,2.37014
75.3,0.0397507,974.62,4.19124,67.118,16.459,379.07,0.3885,6.0286,634.172,2.3698
75.31,0.03976689,974.614,4.191248,67.1186,16.4593,379.019,0.38845,6.02922,634.1544,2.36946
75.32,0.03978308,974.608,4.191256,67.1192,16.4596,378.968,0.3884,6.02984,634.1368,2.36912
75.33,0.03979927,974.602,4.191264,67.1198,16.4599,378.917,0.38835,6.03046,634.1192,2.36878
75.34,0.03981546,974.596,4.191272,67.1204,16.4602,378.866,0.3883,6.03108,634.1016,2.36844
75.35,0.03983165,974.59,4.19128,67.121,16.4605,378.815,0.38825,6.0317,634.084,2.3681
75.36,0.03984784,974.584,4.191288,67.1216,16.4608,378.764,0.3882,6.03232,634.0664,2.36776
75.37,0.03986403,974.578,4.191296,67.1222,16.4611,378.713,0.38815,6.03294,634.0488,2.36742
75.38,0.03988022,974.572,4.191304,67.1228,16.4614,378.662,0.3881,6.03356,634.0312,2.36708
75.39,0.03989641,974.566,4.191312,67.1234,16.4617,378.611,0.38805,6.03418,634.0136,2.36674
75.4,0.0399126,974.56,4.19132,67.124,16.462,378.56,0.388,6.0348,633.996,2.3664
75.41,0.03992879,974.554,4.191328,67.1246,16.4623,378.509,0.38795,6.03542,633.9784,2.36606
75.42,0.03994498,974.548,4.191336,67.1252,16.4626,378.458,0.3879,6.03604,633.9608,2.36572
75.43,0.03996117,974.542,4.191344,67.1258,16.4629,378.407,0.38785,6.03666,633.9432,2.36538
75.44,0.03997736,974.536,4.191352,67.1264,16.4632,378.356,0.3878,6.03728,633.9256,2.36504
75.45,0.03999355,974.53,4.19136,67.127,16.4635,378.305,0.38775,6.0379,633.908,2.3647
75.46,0.04000974,974.524,4.191368,67.1276,16.4638,378.254,0.3877,6.03852,633.8904,2.36436
75.47,0.04002593,974.518,4.191376,67.1282,16.4641,378.203,0.38765,6.03914,633.8728,2.36402
75.48,0.04004212,974.512,4.191384,67.1288,16.4644,378.152,0.3876,6.03976,633.8552,2.36368
75.49,0.04005831,974.506,4.191392,67.1294,16.4647,378.101,0.38755,6.04038,633.8376,2.36334
75.5,0.0400745,974.5,4.1914,67.13,16.465,378.05,0.3875,6.041,633.82,2.363
75.51,0.04009069,974.494,4.191408,67.1306,16.4653,377.999,0.38745,6.04162,633.8024,2.36266
75.52,0.04010688,974.488,4.191416,67.1312,16.4656,377.948,0.3874,6.04224,633.7848,2.36232
75.53,0.04012307,974.482,4.191424,67.1318,16.4659,377.897,0.38735,6.04286,633.7672,2.36198
75.54,0.04013926,974.476,4.191432,67.1324,16.4662,377.846,0.3873,6.04348,633.7496,2.36164
75.55,0.04015545,974.47,4.19144,67.133,16.4665,377.795,0.38725,6.0441,633.732,2.3613
75.56,0.04017164,974.464,4.191448,67.1336,16.4668,377.744,0.3872,6.04472,633.7144,2.36096
75.57,0.04018783,974.458,4.191456,67.1342,16.4671,377.693,0.38715,6.04534,633.6968,2.36062
75.58,0.04020402,974.452,4.191464,67.1348,16.4674,377.642,0.3871,6.04596,633.6792,2.36028
75.59,0.04022021,974.446,4.191472,67.1354,16.4677,377.591,0.38705,6.04658,633.6616,2.35994
75.6,0.0402364,974.44,4.19148,67.136,16.468,377.54,0.387,6.0472,633.644,2.3596
75.61,0.04025259,974.434,4.191488,67.1366,16.4683,377.489,0.38695,6.04782,633.6264,2.35926
75.62,0.04026878,974.428,4.191496,67.1372,16.4686,377.438,0.3869,6.04844,633.6088,2.35892
75.63,0.04028497,974.422,4.191504,67.1378,16.4689,377.387,0.38685,6.04906,633.5912,2.35858
75.64,0.04030116,974.416,4.191512,67.1384,16.4692,377.336,0.3868,6.04968,633.5736,2.35824
75.65,0.04031735,974.41,4.19152,67.139,16.4695,377.285,0.38675,6.0503,633.556,2.3579
75.66,0.04033354,974.404,4.191528,67.1396,16.4698,377.234,0.3867,6.05092,633.5384,2.35756
75.67,0.04034973,974.398,4.191536,67.1402,16.4701,377.183,0.38665,6.05154,633.5208,2.35722
75.68,0.04036592,974.392,4.191544,67.1408,16.4704,377.132,0.3866,6.05216,633.5032,2.35688
75.69,0.04038211,974.386,4.191552,67.1414,16.4707,377.081,0.38655,6.05278,633.4856,2.35654
75.7,0.0403983,974.38,4.19156,67.142,16.471,377.03,0.3865,6.0534,633.468,2.3562
75.71,0.04041449,974.374,4.191568,67.1426,16.4713,376.979,0.38645,6.05402,633.4504,2.35586
75.72,0.04043068,974.368,4.191576,67.1432,16.4716,376.928,0.3864,6.05464,633.4328,2.35552
75.73,0.04044687,974.362,4.191584,67.1438,16.4719,376.877,0.38635,6.05526,633.4152,2.35518
75.74,0.04046306,974.356,4.191592,67.1444,16.4722,376.826,0.3863,6.05588,633.3976,2.35484
75.75,0.04047925,974.35,4.1916,67.145,16.4725,376.775,0.38625,6.0565,633.38,2.3545
75.76,0.04049544,974.344,4.191608,67.1456,16.4728,376.724,0.3862,6.05712,633.3624,2.35416
75.77,0.04051163,974.338,4.191616,67.1462,16.4731,376.673,0.38615,6.05774,633.3448,2.35382
75.78,0.04052782,974.332,4.191624,67.1468,16.4734,376.622,0.3861,6.05836,633.3272,2.35348
75.79,0.04054401,974.326,4.191632,67.1474,16.4737,376.571,0.38605,6.05898,633.3096,2.35314
75.8,0.0405602,974.32,4.19164,67.148,16.474,376.52,0.386,6.0596,633.292,2.3528
75.81,0.04057639,974.314,4.191648,67.1486,16.4743,376.469,0.38595,6.06022,633.2744,2.35246
75.82,0.04059258,974.308,4.191656,67.1492,16.4746,376.418,0.3859,6.06084,633.2568,2.35212
75.83,0.04060877,974.302,4.191664,67.1498,16.4749,376.367,0.38585,6.06146,633.2392,2.35178
75.84,0.04062496,974.296,4.191672,67.1504,16.4752,376.316,0.3858,6.06208,633.2216,2.35144
75.85,0.04064115,974.29,4.19168,67.151,16.4755,376.265,0.38575,6.0627,633.204,2.3511
75.86,0.04065734,974.284,4.191688,67.1516,16.4758,376.214,0.3857,6.06332,633.1864,2.35076
75.87,0.04067353,974.278,4.191696,67.1522,16.4761,376.163,0.38565,6.06394,633.1688,2.35042
75.88,0.04068972,974.272,4.191704,67.1528,16.4764,376.112,0.3856,6.06456,633.1512,2.35008
75.89,0.04070591,974.266,4.191712,67.1534,16.4767,376.061,0.38555,6.06518,633.1336,2.34974
75.9,0.0407221,974.26,4.19172,67.154,16.477,376.01,0.3855,6.0658,633.116,2.3494
75.91,0.04073829,974.254,4.191728,67.1546,16.4773,375.959,0.38545,6.06642,633.0984,2.34906
75.92,0.04075448,974.248,4.191736,67.1552,16.4776,375.908,0.3854,6.06704,633.0808,2.34872
75.93,0.04077067,974.242,4.191744,67.1558,16.4779,375.857,0.38535,6.06766,633.0632,2.34838
75.94,0.04078686,974.236,4.191752,67.1564,16.4782,375.806,0.3853,6.06828,633.0456,2.34804
75.95,0.04080305,974.23,4.19176,67.157,16.4785,375.755,0.38525,6.0689,633.028,2.3477
75.96,0.04081924,974.224,4.191768,67.1576,16.4788,375.704,0.3852,6.06952,633.0104,2.34736
75.97,0.04083543,974.218,4.191776,67.1582,16.4791,375.653,0.38515,6.07014,632.9928,2.34702
75.98,0.04085162,974.212,4.191784,67.1588,16.4794,375.602,0.3851,6.07076,632.9752,2.34668
75.99,0.04086781,974.206,4.191792,67.1594,16.4797,375.551,0.38505,6.07138,632.9576,2.34634
76,0.040884,974.2,4.1918,67.16,16.48,375.5,0.385,6.072,632.94,2.346
76.01,0.04090019,974.194,4.191808,67.1606,16.4803,375.449,0.38495,6.07262,632.9224,2.34566
76.02,0.04091638,974.188,4.191816,67.1612,16.4806,375.398,0.3849,6.07324,632.9048,2.34532
76.03,0.04093257,974.182,4.191824,67.1618,16.4809,375.347,0.38485,6.07386,632.8872,2.34498
76.04,0.04094876,974.176,4.191832,67.1624,16.4812,375.296,0.3848,6.07448,632.8696,2.34464
76.05,0.04096495,974.17,4.19184,67.163,16.4815,375.245,0.38475,6.0751,632.852,2.3443
76.06,0.04098114,974.164,4.191848,67.1636,16.4818,375.194,0.3847,6.07572,632.8344,2.34396
76.07,0.04099733,974.158,4.191856,67.1642,16.4821,375.143,0.38465,6.07634,632.8168,2.34362
76.08,0.04101352,974.152,4.191864,67.1648,16.4824,375.092,0.3846,6.07696,632.7992,2.34328
76.09,0.04102971,974.146,4.191872,67.1654,16.4827,375.041,0.38455,6.07758,632.7816,2.34294
76.1,0.0410459,974.14,4.19188,67.166,16.483,374.99,0.3845,6.0782,632.764,2.3426
76.11,0.04106209,974.134,4.191888,67.1666,16.4833,374.939,0.38445,6.07882,632.7464,2.34226
76.12,0.04107828,974.128,4.191896,67.1672,16.4836,374.888,0.3844,6.07944,632.7288,2.34192
76.13,0.04109447,974.122,4.191904,67.1678,16.4839,374.837,0.38435,6.08006,632.7112,2.34158
76.14,0.04111066,974.116,4.191912,67.1684,16.4842,374.786,0.3843,6.08068,632.6936,2.34124
76.15,0.04112685,974.11,4.19192,67.169,16.4845,374.735,0.38425,6.0813,632.676,2.3409
76.16,0.04114304,974.104,4.191928,67.1696,16.4848,374.684,0.3842,6.08192,632.6584,2.34056
76.17,0.04115923,974.098,4.191936,67.1702,16.4851,374.633,0.38415,6.08254,632.6408,2.34022
76.18,0.04117542,974.092,4.191944,67.1708,16.4854,374.582,0.3841,6.08316,632.6232,2.33988
76.19,0.04119161,974.086,4.191952,67.1714,16.4857,374.531,0.38405,6.08378,632.6056,2.33954
76.2,0.0412078,974.08,4.19196,67.172,16.486,374.48,0.384,6.0844,632.588,2.3392
76.21,0.04122399,974.074,4.191968,67.1726,16.4863,374.429,0.38395,6.08502,632.5704,2.33886
76.22,0.04124018,974.068,4.191976,67.1732,16.4866,374.378,0.3839,6.08564,632.5528,2.33852
76.23,0.04125637,974.062,4.191984,67.1738,16.4869,374.327,0.38385,6.08626,632.5352,2.33818
76.24,0.04127256,974.056,4.191992,67.1744,16.4872,374.276,0.3838,6.08688,632.5176,2.33784
76.25,0.04128875,974.05,4.192,67.175,16.4875,374.225,0.38375,6.0875,632.5,2.3375
76.26,0.04130494,974.044,4.192008,67.1756,16.4878,374.174,0.3837,6.08812,632.4824,2.33716
76.27,0.04132113,974.038,4.192016,67.1762,16.4881,374.123,0.38365,6.08874,632.4648,2.33682
76.28,0.04133732,974.032,4.192024,67.1768,16.4884,374.072,0.3836,6.08936,632.4472,2.33648
76.29,0.04135351,974.026,4.192032,67.1774,16.4887,374.021,0.38355,6.08998,632.4296,2.33614
76.3,0.0413697,974.02,4.19204,67.178,16.489,373.97,0.3835,6.0906,632.412,2.3358
76.31,0.04138589,974.014,4.192048,67.1786,16.4893,373.919,0.38345,6.09122,632.3944,2.33546
76.32,0.04140208,974.008,4.192056,67.1792,16.4896,373.868,0.3834,6.09184,632.3768,2.33512
76.33,0.04141827,974.002,4.192064,67.1798,16.4899,373.817,0.38335,6.09246,632.3592,2.33478
76.34,0.04143446,973.996,4.192072,67.1804,16.4902,373.766,0.3833,6.09308,632.3416,2.33444
76.35,0.04145065,973.99,4.19208,67.181,16.4905,373.715,0.38325,6.0937,632.324,2.3341
76.36,0.04146684,973.984,4.192088,67.1816,16.4908,373.664,0.3832,6.09432,632.3064,2.33376
76.37,0.04148303,973.978,4.192096,67.1822,16.4911,373.613,0.38315,6.09494,632.2888,2.33342
76.38,0.04149922,973.972,4.192104,67.1828,16.4914,373.562,0.3831,6.09556,632.2712,2.33308
76.39,0.04151541,973.966,4.192112,67.1834,16.4917,373.511,0.38305,6.09618,632.2536,2.33274
76.4,0.0415316,973.96,4.19212,67.184,16.492,373.46,0.383,6.0968,632.236,2.3324
76.41,0.04154779,973.954,4.192128,67.1846,16.4923,373.409,0.38295,6.09742,632.2184,2.33206
76.42,0.04156398,973.948,4.192136,67.1852,16.4926,373.358,0.3829,6.09804,632.2008,2.33172
76.43,0.04158017,973.942,4.192144,67.1858,16.4929,373.307,0.38285,6.09866,632.1832,2.33138
76.44,0.04159636,973.936,4.192152,67.1864,16.4932,373.256,0.3828,6.09928,632.1656,2.33104
76.45,0.04161255,973.93,4.19216,67.187,16.4935,373.205,0.38275,6.0999,632.148,2.3307
76.46,0.04162874,973.924,4.192168,67.1876,16.4938,373.154,0.3827,6.10052,632.1304,2.33036
76.47,0.04164493,973.918,4.192176,67.1882,16.4941,373.103,0.38265,6.10114,632.1128,2.33002
76.48,0.04166112,973.912,4.192184,67.1888,16.4944,373.052,0.3826,6.10176,632.0952,2.32968
76.49,0.04167731,973.906,4.192192,67.1894,16.4947,373.001,0.38255,6.10238,632.0776,2.32934
76.5,0.0416935,973.9,4.1922,67.19,16.495,372.95,0.3825,6.103,632.06,2.329
76.51,0.04170969,973.894,4.192208,67.1906,16.4953,372.899,0.38245,6.10362,632.0424,2.32866
76.52,0.04172588,973.888,4.192216,67.1912,16.4956,372.848,0.3824,6.10424,632.0248,2.32832
76.53,0.04174207,973.882,4.192224,67.1918,16.4959,372.797,0.38235,6.10486,632.0072,2.32798
76.54,0.04175826,973.876,4.192232,67.1924,16.4962,372.746,0.3823,6.10548,631.9896,2.32764
76.55,0.04177445,973.87,4.19224,67.193,16.4965,372.695,0.38225,6.1061,631.972,2.3273
76.56,0.04179064,973.864,4.192248,67.1936,16.4968,372.644,0.3822,6.10672,631.9544,2.32696
76.57,0.04180683,973.858,4.192256,67.1942,16.4971,372.593,0.38215,6.10734,631.9368,2.32662
76.58,0.04182302,973.852,4.192264,67.1948,16.4974,372.542,0.3821,6.10796,631.9192,2.32628
76.59,0.04183921,973.846,4.192272,67.1954,16.4977,372.491,0.38205,6.10858,631.9016,2.32594
76.6,0.0418554,973.84,4.19228,67.196,16.498,372.44,0.382,6.1092,631.884,2.3256
76.61,0.04187159,973.834,4.192288,67.1966,16.4983,372.389,0.38195,6.10982,631.8664,2.32526
76.62,0.04188778,973.828,4.192296,67.1972,16.4986,372.338,0.3819,6.11044,631.8488,2.32492
76.63,0.04190397,973.822,4.192304,67.1978,16.4989,372.287,0.38185,6.11106,631.8312,2.32458
76.64,0.04192016,973.816,4.192312,67.1984,16.4992,372.236,0.3818,6.11168,631.8136,2.32424
76.65,0.04193635,973.81,4.19232,67.199,16.4995,372.185,0.38175,6.1123,631.796,2.3239
76.66,0.04195254,973.804,4.192328,67.1996,16.4998,372.134,0.3817,6.11292,631.7784,2.32356
76.67,0.04196873,973.798,4.192336,67.2002,16.5001,372.083,0.38165,6.11354,631.7608,2.32322
76.68,0.04198492,973.792,4.192344,67.2008,16.5004,372.032,0.3816,6.11416,631.7432,2.32288
76.69,0.04200111,973.786,4.192352,67.2014,16.5007,371.981,0.38155,6.11478,631.7256,2.32254
76.7,0.0420173,973.78,4.19236,67.202,16.501,371.93,0.3815,6.1154,631.708,2.3222
76.71,0.04203349,973.774,4.192368,67.2026,16.5013,371.879,0.38145,6.11602,631.6904,2.32186
76.72,0.04204968,973.768,4.192376,67.2032,16.5016,371.828,0.3814,6.11664,631.6728,2.32152
76.73,0.04206587,973.762,4.192384,67.2038,16.5019,371.777,0.38135,6.11726,631.6552,2.32118
76.74,0.04208206,973.756,4.192392,67.2044,16.5022,371.726,0.3813,6.11788,631.6376,2.32084
76.75,0.04209825,973.75,4.1924,67.205,16.5025,371.675,0.38125,6.1185,631.62,2.3205
76.76,0.04211444,973.744,4.192408,67.2056,16.5028,371.624,0.3812,6.11912,631.6024,2.32016
76.77,0.04213063,973.738,4.192416,67.2062,16.5031,371.573,0.38115,6.11974,631.5848,2.31982
76.78,0.04214682,973.732,4.192424,67.2068,16.5034,371.522,0.3811,6.12036,631.5672,2.31948
76.79,0.04216301,973.726,4.192432,67.2074,16.5037,371.471,0.38105,6.12098,631.5496,2.31914
76.8,0.0421792,973.72,4.19244,67.208,16.504,371.42,0.381,6.1216,631.532,2.3188
76.81,0.04219539,973.714,4.192448,67.2086,16.5043,371.369,0.38095,6.12222,631.5144,2.31846
76.82,0.04221158,973.708,4.192456,67.2092,16.5046,371.318,0.3809,6.12284,631.4968,2.31812
76.83,0.04222777,973.702,4.192464,67.2098,16.5049,371.267,0.38085,6.12346,631.4792,2.31778
76.84,0.04224396,973.696,4.192472,67.2104,16.5052,371.216,0.3808,6.12408,631.4616,2.31744
76.85,0.04226015,973.69,4.19248,67.211,16.5055,371.165,0.38075,6.1247,631.444,2.3171
76.86,0.04227634,973.684,4.192488,67.2116,16.5058,371.114,0.3807,6.12532,631.4264,2.31676
76.87,0.04229253,973.678,4.192496,67.2122,16.5061,371.063,0.38065,6.12594,631.4088,2.31642
76.88,0.04230872,973.672,4.192504,67.2128,16.5064,371.012,0.3806,6.12656,631.3912,2.31608
76.89,0.04232491,973.666,4.192512,67.2134,16.5067,370.961,0.38055,6.12718,631.3736,2.31574
76.9,0.0423411,973.66,4.19252,67.214,16.507,370.91,0.3805,6.1278,631.356,2.3154
76.91,0.04235729,973.654,4.192528,67.2146,16.5073,370.859,0.38045,6.12842,631.3384,2.31506
76.92,0.04237348,973.648,4.192536,67.2152,16.5076,370.808,0.3804,6.12904,631.3208,2.31472
76.93,0.04238967,973.642,4.192544,67.2158,16.5079,370.757,0.38035,6.12966,631.3032,2.31438
76.94,0.04240586,973.636,4.192552,67.2164,16.5082,370.706,0.3803,6.13028,631.2856,2.31404
76.95,0.04242205,973.63,4.19256,67.217,16.5085,370.655,0.38025,6.1309,631.268,2.3137
76.96,0.04243824,973.624,4.192568,67.2176,16.5088,370.604,0.3802,6.13152,631.2504,2.31336
76.97,0.04245443,973.618,4.192576,67.2182,16.5091,370.553,0.38015,6.13214,631.2328,2.31302
76.98,0.04247062,973.612,4.192584,67.2188,16.5094,370.502,0.3801,6.13276,631.2152,2.31268
76.99,0.04248681,973.606,4.192592,67.2194,16.5097,370.451,0.38005,6.13338,631.1976,2.31234
77,0.042503,973.6,4.1926,67.22,16.51,370.4,0.38,6.134,631.18,2.312
77.01,0.04251919,973.594,4.192608,67.2206,16.5103,370.349,0.37995,6.13462,631.1624,2.31166
77.02,0.04253538,973.588,4.192616,67.2212,16.5106,370.298,0.3799,6.13524,631.1448,2.31132
77.03,0.04255157,973.582,4.192624,67.2218,16.5109,370.247,0.37985,6.13586,631.1272,2.31098
77.04,0.04256776,973.576,4.192632,67.2224,16.5112,370.196,0.3798,6.13648,631.1096,2.31064
77.05,0.04258395,973.57,4.19264,67.223,16.5115,370.145,0.37975,6.1371,631.092,2.3103
77.06,0.04260014,973.564,4.192648,67.2236,16.5118,370.094,0.3797,6.13772,631.0744,2.30996
77.07,0.04261633,973.558,4.192656,67.2242,16.5121,370.043,0.37965,6.13834,631.0568,2.30962
77.08,0.04263252,973.552,4.192664,67.2248,16.5124,369.992,0.3796,6.13896,631.0392,2.30928
77.09,0.04264871,973.546,4.192672,67.2254,16.5127,369.941,0.37955,6.13958,631.0216,2.30894
77.1,0.0426649,973.54,4.19268,67.226,16.513,369.89,0.3795,6.1402,631.004,2.3086
77.11,0.04268109,973.534,4.192688,67.2266,16.5133,369.839,0.37945,6.14082,630.9864,2.30826
77.12,0.04269728,973.528,4.192696,67.2272,16.5136,369.788,0.3794,6.14144,630.9688,2.30792
77.13,0.04271347,973.522,4.192704,67.2278,16.5139,369.737,0.37935,6.14206,630.9512,2.30758
77.14,0.04272966,973.516,4.192712,67.2284,16.5142,369.686,0.3793,6.14268,630.9336,2.30724
77.15,0.04274585,973.51,4.19272,67.229,16.5145,369.635,0.37925,6.1433,630.916,2.3069
77.16,0.04276204,973.504,4.192728,67.2296,16.5148,369.584,0.3792,6.14392,630.8984,2.30656
77.17,0.04277823,973.498,4.192736,67.2302,16.5151,369.533,0.37915,6.14454,630.8808,2.30622
77.18,0.04279442,973.492,4.192744,67.2308,16.5154,369.482,0.3791,6.14516,630.8632,2.30588
77.19,0.04281061,973.486,4.192752,67.2314,16.5157,369.431,0.37905,6.14578,630.8456,2.30554
77.2,0.0428268,973.48,4.19276,67.232,16.516,369.38,0.379,6.1464,630.828,2.3052
77.21,0.04284299,973.474,4.192768,67.2326,16.5163,369.329,0.37895,6.14702,630.8104,2.30486
77.22,0.04285918,973.468,4.192776,67.2332,16.5166,369.278,0.3789,6.14764,630.7928,2.30452
77.23,0.04287537,973.462,4.192784,67.2338,16.5169,369.227,0.37885,6.14826,630.7752,2.30418
77.24,0.04289156,973.456,4.192792,67.2344,16.5172,369.176,0.3788,6.14888,630.7576,2.30384
77.25,0.04290775,973.45,4.1928,67.235,16.5175,369.125,0.37875,6.1495,630.74,2.3035
77.26,0.04292394,973.444,4.192808,67.2356,16.5178,369.074,0.3787,6.15012,630.7224,2.30316
77.27,0.04294013,973.438,4.192816,67.2362,16.5181,369.023,0.37865,6.15074,630.7048,2.30282
77.28,0.04295632,973.432,4.192824,67.2368,16.5184,368.972,0.3786,6.15136,630.6872,2.30248
77.29,0.04297251,973.426,4.192832,67.2374,16.5187,368.921,0.37855,6.15198,630.6696,2.30214
77.3,0.0429887,973.42,4.19284,67.238,16.519,368.87,0.3785,6.1526,630.652,2.3018
77.31,0.04300489,973.414,4.192848,67.2386,16.5193,368.819,0.37845,6.15322,630.6344,2.30146
77.32,0.04302108,973.408,4.192856,67.2392,16.5196,368.768,0.3784,6.15384,630.6168,2.30112
77.33,0.04303727,973.402,4.192864,67.2398,16.5199,368.717,0.37835,6.15446,630.5992,2.30078
77.34,0.04305346,973.396,4.192872,67.2404,16.5202,368.666,0.3783,6.15508,630.5816,2.30044
77.35,0.04306965,973.39,4.19288,67.241,16.5205,368.615,0.37825,6.1557,630.564,2.3001
77.36,0.04308584,973.384,4.192888,67.2416,16.5208,368.564,0.3782,6.15632,630.5464,2.29976
77.37,0.04310203,973.378,4.192896,67.2422,16.5211,368.513,0.37815,6.15694,630.5288,2.29942
77.38,0.04311822,973.372,4.192904,67.2428,16.5214,368.462,0.3781,6.15756,630.5112,2.29908
77.39,0.04313441,973.366,4.192912,67.2434,16.5217,368.411,0.37805,6.15818,630.4936,2.29874
77.4,0.0431506,973.36,4.19292,67.244,16.522,368.36,0.378,6.1588,630.476,2.2984
77.41,0.04316679,973.354,4.192928,67.2446,16.5223,368.309,0.37795,6.15942,630.4584,2.29806
77.42,0.04318298,973.348,4.192936,67.2452,16.5226,368.258,0.3779,6.16004,630.4408,2.29772
77.43,0.04319917,973.342,4.192944,67.2458,16.5229,368.207,0.37785,6.16066,630.4232,2.29738
77.44,0.04321536,973.336,4.192952,67.2464,16.5232,368.156,0.3778,6.16128,630.4056,2.29704
77.45,0.04323155,973.33,4.19296,67.247,16.5235,368.105,0.37775,6.1619,630.388,2.2967
77.46,0.04324774,973.324,4.192968,67.2476,16.5238,368.054,0.3777,6.16252,630.3704,2.29636
77.47,0.04326393,973.318,4.192976,67.2482,16.5241,368.003,0.37765,6.16314,630.3528,2.29602
77.48,0.04328012,973.312,4.192984,67.2488,16.5244,367.952,0.3776,6.16376,630.3352,2.29568
77.49,0.04329631,973.306,4.192992,67.2494,16.5247,367.901,0.37755,6.16438,630.3176,2.29534
77.5,0.0433125,973.3,4.193,67.25,16.525,367.85,0.3775,6.165,630.3,2.295
77.51,0.04332869,973.294,4.193008,67.2506,16.5253,367.799,0.37745,6.16562,630.2824,2.29466
77.52,0.04334488,973.288,4.193016,67.2512,16.5256,367.748,0.3774,6.16624,630.2648,2.29432
77.53,0.04336107,973.282,4.193024,67.2518,16.5259,367.697,0.37735,6.16686,630.2472,2.29398
77.54,0.04337726,973.276,4.193032,67.2524,16.5262,367.646,0.3773,6.16748,630.2296,2.29364
77.55,0.04339345,973.27,4.19304,67.253,16.5265,367.595,0.37725,6.1681,630.212,2.2933
77.56,0.04340964,973.264,4.193048,67.2536,16.5268,367.544,0.3772,6.16872,630.1944,2.29296
77.57,0.04342583,973.258,4.193056,67.2542,16.5271,367.493,0.37715,6.16934,630.1768,2.29262
77.58,0.04344202,973.252,4.193064,67.2548,16.5274,367.442,0.3771,6.16996,630.1592,2.29228
77.59,0.04345821,973.246,4.193072,67.2554,16.5277,367.391,0.37705,6.17058,630.1416,2.29194
77.6,0.0434744,973.24,4.19308,67.256,16.528,367.34,0.377,6.1712,630.124,2.2916
77.61,0.04349059,973.234,4.193088,67.2566,16.5283,367.289,0.37695,6.17182,630.1064,2.29126
77.62,0.04350678,973.228,4.193096,67.2572,16.5286,367.238,0.3769,6.17244,630.0888,2.29092
77.63,0.04352297,973.222,4.193104,67.2578,16.5289,367.187,0.37685,6.17306,630.0712,2.29058
77.64,0.04353916,973.216,4.193112,67.2584,16.5292,367.136,0.3768,6.17368,630.0536,2.29024
77.65,0.04355535,973.21,4.19312,67.259,16.5295,367.085,0.37675,6.1743,630.036,2.2899
77.66,0.04357154,973.204,4.193128,67.2596,16.5298,367.034,0.3767,6.17492,630.0184,2.28956
77.67,0.04358773,973.198,4.193136,67.2602,16.5301,366.983,0.37665,6.17554,630.0008,2.28922
77.68,0.04360392,973.192,4.193144,67.2608,16.5304,366.932,0.3766,6.17616,629.9832,2.28888
77.69,0.04362011,973.186,4.193152,67.2614,16.5307,366.881,0.37655,6.17678,629.9656,2.28854
77.7,0.0436363,973.18,4.19316,67.262,16.531,366.83,0.3765,6.1774,629.948,2.2882
77.71,0.04365249,973.174,4.193168,67.2626,16.5313,366.779,0.37645,6.17802,629.9304,2.28786
77.72,0.04366868,973.168,4.193176,67.2632,16.5316,366.728,0.3764,6.17864,629.9128,2.28752
77.73,0.04368487,973.162,4.193184,67.2638,16.5319,366.677,0.37635,6.17926,629.8952,2.28718
77.74,0.04370106,973.156,4.193192,67.2644,16.5322,366.626,0.3763,6.17988,629.8776,2.28684
77.75,0.04371725,973.15,4.1932,67.265,16.5325,366.575,0.37625,6.1805,629.86,2.2865
77.76,0.04373344,973.144,4.193208,67.2656,16.5328,366.524,0.3762,6.18112,629.8424,2.28616
77.77,0.04374963,973.138,4.193216,67.2662,16.5331,366.473,0.37615,6.18174,629.8248,2.28582
77.78,0.04376582,973.132,4.193224,67.2668,16.5334,366.422,0.3761,6.18236,629.8072,2.28548
77.79,0.04378201,973.126,4.193232,67.2674,16.5337,366.371,0.37605,6.18298,629.7896,2.28514
77.8,0.0437982,973.12,4.19324,67.268,16.534,366.32,0.376,6.1836,629.772,2.2848
77.81,0.04381439,973.114,4.193248,67.2686,16.5343,366.269,0.37595,6.18422,629.7544,2.28446
77.82,0.04383058,973.108,4.193256,67.2692,16.5346,366.218,0.3759,6.18484,629.7368,2.28412
77.83,0.04384677,973.102,4.193264,67.2698,16.5349,366.167,0.37585,6.18546,629.7192,2.28378
77.84,0.04386296,973.096,4.193272,67.2704,16.5352,366.116,0.3758,6.18608,629.7016,2.28344
77.85,0.04387915,973.09,4.19328,67.271,16.5355,366.065,0.37575,6.1867,629.684,2.2831
77.86,0.04389534,973.084,4.193288,67.2716,16.5358,366.014,0.3757,6.18732,629.6664,2.28276
77.87,0.04391153,973.078,4.193296,67.2722,16.5361,365.963,0.37565,6.18794,629.6488,2.28242
77.88,0.04392772,973.072,4.193304,67.2728,16.5364,365.912,0.3756,6.18856,629.6312,2.28208
77.89,0.04394391,973.066,4.193312,67.2734,16.5367,365.861,0.37555,6.18918,629.6136,2.28174
77.9,0.0439601,973.06,4.19332,67.274,16.537,365.81,0.3755,6.1898,629.596,2.2814
77.91,0.04397629,973.054,4.193328,67.2746,16.5373,365.759,0.37545,6.19042,629.5784,2.28106
77.92,0.04399248,973.048,4.193336,67.2752,16.5376,365.708,0.3754,6.19104,629.5608,2.28072
77.93,0.04400867,973.042,4.193344,67.2758,16.5379,365.657,0.37535,6.19166,629.5432,2.28038
77.94,0.04402486,973.036,4.193352,67.2764,16.5382,365.606,0.3753,6.19228,629.5256,2.28004
77.95,0.04404105,973.03,4.19336,67.277,16.5385,365.555,0.37525,6.1929,629.508,2.2797
77.96,0.04405724,973.024,4.193368,67.2776,16.5388,365.504,0.3752,6.19352,629.4904,2.27936
77.97,0.04407343,973.018,4.193376,67.2782,16.5391,365.453,0.37515,6.19414,629.4728,2.27902
77.98,0.04408962,973.012,4.193384,67.2788,16.5394,365.402,0.3751,6.19476,629.4552,2.27868
77.99,0.04410581,973.006,4.193392,67.2794,16.5397,365.351,0.37505,6.19538,629.4376,2.27834
78,0.044122,973,4.1934,67.28,16.54,365.3,0.375,6.196,629.42,2.278
78.01,0.04413819,972.994,4.193408,67.2806,16.5403,365.249,0.37495,6.19662,629.4024,2.27766
78.02,0.04415438,972.988,4.193416,67.2812,16.5406,365.198,0.3749,6.19724,629.3848,2.27732
78.03,0.04417057,972.982,4.193424,67.2818,16.5409,365.147,0.37485,6.19786,629.3672,2.27698
78.04,0.04418676,972.976,4.193432,67.2824,16.5412,365.096,0.3748,6.19848,629.3496,2.27664
78.05,0.04420295,972.97,4.19344,67.283,16.5415,365.045,0.37475,6.1991,629.332,2.2763
78.06,0.04421914,972.964,4.193448,67.2836,16.5418,364.994,0.3747,6.19972,629.3144,2.27596
78.07,0.04423533,972.958,4.193456,67.2842,16.5421,364.943,0.37465,6.20034,629.2968,2.27562
78.08,0.04425152,972.952,4.193464,67.2848,16.5424,364.892,0.3746,6.20096,629.2792,2.27528
78.09,0.04426771,972.946,4.193472,67.2854,16.5427,364.841,0.37455,6.20158,629.2616,2.27494
78.1,0.0442839,972.94,4.19348,67.286,16.543,364.79,0.3745,6.2022,629.244,2.2746
78.11,0.04430009,972.934,4.193488,67.2866,16.5433,364.739,0.37445,6.20282,629.2264,2.27426
78.12,0.04431628,972.928,4.193496,67.2872,16.5436,364.688,0.3744,6.20344,629.2088,2.27392
78.13,0.04433247,972.922,4.193504,67.2878,16.5439,364.637,0.37435,6.20406,629.1912,2.27358
78.14,0.04434866,972.916,4.193512,67.2884,16.5442,364.586,0.3743,6.20468,629.1736,2.27324
78.15,0.04436485,972.91,4.19352,67.289,16.5445,364.535,0.37425,6.2053,629.156,2.2729
78.16,0.04438104,972.904,4.193528,67.2896,16.5448,364.484,0.3742,6.20592,629.1384,2.27256
78.17,0.04439723,972.898,4.193536,67.2902,16.5451,364.433,0.37415,6.20654,629.1208,2.27222
78.18,0.04441342,972.892,4.193544,67.2908,16.5454,364.382,0.3741,6.20716,629.1032,2.27188
78.19,0.04442961,972.886,4.193552,67.2914,16.5457,364.331,0.37405,6.20778,629.0856,2.27154
78.2,0.0444458,972.88,4.19356,67.292,16.546,364.28,0.374,6.2084,629.068,2.2712
78.21,0.04446199,972.874,4.193568,67.2926,16.5463,364.229,0.37395,6.20902,629.0504,2.27086
78.22,0.04447818,972.868,4.193576,67.2932,16.5466,364.178,0.3739,6.20964,629.0328,2.27052
78.23,0.04449437,972.862,4.193584,67.2938,16.5469,364.127,0.37385,6.21026,629.0152,2.27018
78.24,0.04451056,972.856,4.193592,67.2944,16.5472,364.076,0.3738,6.21088,628.9976,2.26984
78.25,0.04452675,972.85,4.1936,67.295,16.5475,364.025,0.37375,6.2115,628.98,2.2695
78.26,0.04454294,972.844,4.193608,67.2956,16.5478,363.974,0.3737,6.21212,628.9624,2.26916
78.27,0.04455913,972.838,4.193616,67.2962,16.5481,363.923,0.37365,6.21274,628.9448,2.26882
78.28,0.04457532,972.832,4.193624,67.2968,16.5484,363.872,0.3736,6.21336,628.9272,2.26848
78.29,0.04459151,972.826,4.193632,67.2974,16.5487,363.821,0.37355,6.21398,628.9096,2.26814
78.3,0.0446077,972.82,4.19364,67.298,16.549,363.77,0.3735,6.2146,628.892,2.2678
78.31,0.04462389,972.814,4.193648,67.2986,16.5493,363.719,0.37345,6.21522,628.8744,2.26746
78.32,0.04464008,972.808,4.193656,67.2992,16.5496,363.668,0.3734,6.21584,628.8568,2.26712
78.33,0.04465627,972.802,4.193664,67.2998,16.5499,363.617,0.37335,6.21646,628.8392,2.26678
78.34,0.04467246,972.796,4.193672,67.3004,16.5502,363.566,0.3733,6.21708,628.8216,2.26644
78.35,0.04468865,972.79,4.19368,67.301,16.5505,363.515,0.37325,6.2177,628.804,2.2661
78.36,0.04470484,972.784,4.193688,67.3016,16.5508,363.464,0.3732,6.21832,628.7864,2.26576
78.37,0.04472103,972.778,4.193696,67.3022,16.5511,363.413,0.37315,6.21894,628.7688,2.26542
78.38,0.04473722,972.772,4.193704,67.3028,16.5514,363.362,0.3731,6.21956,628.7512,2.26508
78.39,0.04475341,972.766,4.193712,67.3034,16.5517,363.311,0.37305,6.22018,628.7336,2.26474
78.4,0.0447696,972.76,4.19372,67.304,16.552,363.26,0.373,6.2208,628.716,2.2644
78.41,0.04478579,972.754,4.193728,67.3046,16.5523,363.209,0.37295,6.22142,628.6984,2.26406
78.42,0.04480198,972.748,4.193736,67.3052,16.5526,363.158,0.3729,6.22204,628.6808,2.26372
78.43,0.04481817,972.742,4.193744,67.3058,16.5529,363.107,0.37285,6.22266,628.6632,2.26338
78.44,0.04483436,972.736,4.193752,67.3064,16.5532,363.056,0.3728,6.22328,628.6456,2.26304
78.45,0.04485055,972.73,4.19376,67.307,16.5535,363.005,0.37275,6.2239,628.628,2.2627
78.46,0.04486674,972.724,4.193768,67.3076,16.5538,362.954,0.3727,6.22452,628.6104,2.26236
78.47,0.04488293,972.718,4.193776,67.3082,16.5541,362.903,0.37265,6.22514,628.5928,2.26202
78.48,0.04489912,972.712,4.193784,67.3088,16.5544,362.852,0.3726,6.22576,628.5752,2.26168
78.49,0.04491531,972.706,4.193792,67.3094,16.5547,362.801,0.37255,6.22638,628.5576,2.26134
78.5,0.0449315,972.7,4.1938,67.31,16.555,362.75,0.3725,6.227,628.54,2.261
78.51,0.04494769,972.694,4.193808,67.3106,16.5553,362.699,0.37245,6.22762,628.5224,2.26066
78.52,0.04496388,972.688,4.193816,67.3112,16.5556,362.648,0.3724,6.22824,628.5048,2.26032
78.53,0.04498007,972.682,4.193824,67.3118,16.5559,362.597,0.37235,6.22886,628.4872,2.25998
78.54,0.04499626,972.676,4.193832,67.3124,16.5562,362.546,0.3723,6.22948,628.4696,2.25964
78.55,0.04501245,972.67,4.19384,67.313,16.5565,362.495,0.37225,6.2301,628.452,2.2593
78.56,0.04502864,972.664,4.193848,67.3136,16.5568,362.444,0.3722,6.23072,628.4344,2.25896
78.57,0.04504483,972.658,4.193856,67.3142,16.5571,362.393,0.37215,6.23134,628.4168,2.25862
78.58,0.04506102,972.652,4.193864,67.3148,16.5574,362.342,0.3721,6.23196,628.3992,2.25828
78.59,0.04507721,972.646,4.193872,67.3154,16.5577,362.291,0.37205,6.23258,628.3816,2.25794
78.6,0.0450934,972.64,4.19388,67.316,16.558,362.24,0.372,6.2332,628.364,2.2576
78.61,0.04510959,972.634,4.193888,67.3166,16.5583,362.189,0.37195,6.23382,628.3464,2.25726
78.62,0.04512578,972.628,4.193896,67.3172,16.5586,362.138,0.3719,6.23444,628.3288,2.25692
78.63,0.04514197,972.622,4.193904,67.3178,16.5589,362.087,0.37185,6.23506,628.3112,2.25658
78.64,0.04515816,972.616,4.193912,67.3184,16.5592,362.036,0.3718,6.23568,628.2936,2.25624
78.65,0.04517435,972.61,4.19392,67.319,16.5595,361.985,0.37175,6.2363,628.276,2.2559
78.66,0.04519054,972.604,4.193928,67.3196,16.5598,361.934,0.3717,6.23692,628.2584,2.25556
78.67,0.04520673,972.598,4.193936,67.3202,16.5601,361.883,0.37165,6.23754,628.2408,2.25522
78.68,0.04522292,972.592,4.193944,67.3208,16.5604,361.832,0.3716,6.23816,628.2232,2.25488
78.69,0.04523911,972.586,4.193952,67.3214,16.5607,361.781,0.37155,6.23878,628.2056,2.25454
78.7,0.0452553,972.58,4.19396,67.322,16.561,361.73,0.3715,6.2394,628.188,2.2542
78.71,0.04527149,972.574,4.193968,67.3226,16.5613,361.679,0.37145,6.24002,628.1704,2.25386
78.72,0.04528768,972.568,4.193976,67.3232,16.5616,361.628,0.3714,6.24064,628.1528,2.25352
78.73,0.04530387,972.562,4.193984,67.3238,16.5619,361.577,0.37135,6.24126,628.1352,2.25318
78.74,0.04532006,972.556,4.193992,67.3244,16.5622,361.526,0.3713,6.24188,628.1176,2.25284
78.75,0.04533625,972.55,4.194,67.325,16.5625,361.475,0.37125,6.2425,628.1,2.2525
78.76,0.04535244,972.544,4.194008,67.3256,16.5628,361.424,0.3712,6.24312,628.0824,2.25216
78.77,0.04536863,972.538,4.194016,67.3262,16.5631,361.373,0.37115,6.24374,628.0648,2.25182
78.78,0.04538482,972.532,4.194024,67.3268,16.5634,361.322,0.3711,6.24436,628.0472,2.25148
78.79,0.04540101,972.526,4.194032,67.3274,16.5637,361.271,0.37105,6.24498,628.0296,2.25114
78.8,0.0454172,972.52,4.19404,67.328,16.564,361.22,0.371,6.2456,628.012,2.2508
78.81,0.04543339,972.514,4.194048,67.3286,16.5643,361.169,0.37095,6.24622,627.9944,2.25046
78.82,0.04544958,972.508,4.194056,67.3292,16.5646,361.118,0.3709,6.24684,627.9768,2.25012
78.83,0.04546577,972.502,4.194064,67.3298,16.5649,361.067,0.37085,6.24746,627.9592,2.24978
78.84,0.04548196,972.496,4.194072,67.3304,16.5652,361.016,0.3708,6.24808,627.9416,2.24944
78.85,0.04549815,972.49,4.19408,67.331,16.5655,360.965,0.37075,6.2487,627.924,2.2491
78.86,0.04551434,972.484,4.194088,67.3316,16.5658,360.914,0.3707,6.24932,627.9064,2.24876
78.87,0.04553053,972.478,4.194096,67.3322,16.5661,360.863,0.37065,6.24994,627.8888,2.24842
78.88,0.04554672,972.472,4.194104,67.3328,16.5664,360.812,0.3706,6.25056,627.8712,2.24808
78.89,0.04556291,972.466,4.194112,67.3334,16.5667,360.761,0.37055,6.25118,627.8536,2.24774
78.9,0.0455791,972.46,4.19412,67.334,16.567,360.71,0.3705,6.2518,627.836,2.2474
78.91,0.04559529,972.454,4.194128,67.3346,16.5673,360.659,0.37045,6.25242,627.8184,2.24706
78.92,0.04561148,972.448,4.194136,67.3352,16.5676,360.608,0.3704,6.25304,627.8008,2.24672
78.93,0.04562767,972.442,4.194144,67.3358,16.5679,360.557,0.37035,6.25366,627.7832,2.24638
78.94,0.04564386,972.436,4.194152,67.3364,16.5682,360.506,0.3703,6.25428,627.7656,2.24604
78.95,0.04566005,972.43,4.19416,67.337,16.5685,360.455,0.37025,6.2549,627.748,2.2457
78.96,0.04567624,972.424,4.194168,67.3376,16.5688,360.404,0.3702,6.25552,627.7304,2.24536
78.97,0.04569243,972.418,4.194176,67.3382,16.5691,360.353,0.37015,6.25614,627.7128,2.24502
78.98,0.04570862,972.412,4.194184,67.3388,16.5694,360.302,0.3701,6.25676,627.6952,2.24468
78.99,0.04572481,972.406,4.194192,67.3394,16.5697,360.251,0.37005,6.25738,627.6776,2.24434
79,0.045741,972.4,4.1942,67.34,16.57,360.2,0.37,6.258,627.66,2.244
79.01,0.04575719,972.394,4.194208,67.3406,16.5703,360.149,0.36995,6.25862,627.6424,2.24366
79.02,0.04577338,972.388,4.194216,67.3412,16.5706,360.098,0.3699,6.25924,627.6248,2.24332
79.03,0.04578957,972.382,4.194224,67.3418,16.5709,360.047,0.36985,6.25986,627.6072,2.24298
79.04,0.04580576,972.376,4.194232,67.3424,16.5712,359.996,0.3698,6.26048,627.5896,2.24264
79.05,0.04582195,972.37,4.19424,67.343,16.5715,359.945,0.36975,6.2611,627.572,2.2423
79.06,0.04583814,972.364,4.194248,67.3436,16.5718,359.894,0.3697,6.26172,627.5544,2.24196
79.07,0.04585433,972.358,4.194256,67.3442,16.5721,359.843,0.36965,6.26234,627.5368,2.24162
79.08,0.04587052,972.352,4.194264,67.3448,16.5724,359.792,0.3696,6.26296,627.5192,2.24128
79.09,0.04588671,972.346,4.194272,67.3454,16.5727,359.741,0.36955,6.26358,627.5016,2.24094
79.1,0.0459029,972.34,4.19428,67.346,16.573,359.69,0.3695,6.2642,627.484,2.2406
79.11,0.04591909,972.334,4.194288,67.3466,16.5733,359.639,0.36945,6.26482,627.4664,2.24026
79.12,0.04593528,972.328,4.194296,67.3472,16.5736,359.588,0.3694,6.26544,627.4488,2.23992
79.13,0.04595147,972.322,4.194304,67.3478,16.5739,359.537,0.36935,6.26606,627.4312,2.23958
79.14,0.04596766,972.316,4.194312,67.3484,16.5742,359.486,0.3693,6.26668,627.4136,2.23924
79.15,0.04598385,972.31,4.19432,67.349,16.5745,359.435,0.36925,6.2673,627.396,2.2389
79.16,0.04600004,972.304,4.194328,67.3496,16.5748,359.384,0.3692,6.26792,627.3784,2.23856
79.17,0.04601623,972.298,4.194336,67.3502,16.5751,359.333,0.36915,6.26854,627.3608,2.23822
79.18,0.04603242,972.292,4.194344,67.3508,16.5754,359.282,0.3691,6.26916,627.3432,2.23788
79.19,0.04604861,972.286,4.194352,67.3514,16.5757,359.231,0.36905,6.26978,627.3256,2.23754
79.2,0.0460648,972.28,4.19436,67.352,16.576,359.18,0.369,6.2704,627.308,2.2372
79.21,0.04608099,972.274,4.194368,67.3526,16.5763,359.129,0.36895,6.27102,627.2904,2.23686
79.22,0.04609718,972.268,4.194376,67.3532,16.5766,359.078,0.3689,6.27164,627.2728,2.23652
79.23,0.04611337,972.262,4.194384,67.3538,16.5769,359.027,0.36885,6.27226,627.2552,2.23618
79.24,0.04612956,972.256,4.194392,67.3544,16.5772,358.976,0.3688,6.27288,627.2376,2.23584
79.25,0.04614575,972.25,4.1944,67.355,16.5775,358.925,0.36875,6.2735,627.22,2.2355
79.26,0.04616194,972.244,4.194408,67.3556,16.5778,358.874,0.3687,6.27412,627.2024,2.23516
79.27,0.04617813,972.238,4.194416,67.3562,16.5781,358.823,0.36865,6.27474,627.1848,2.23482
79.28,0.04619432,972.232,4.194424,67.3568,16.5784,358.772,0.3686,6.27536,627.1672,2.23448
79.29,0.04621051,972.226,4.194432,67.3574,16.5787,358.721,0.36855,6.27598,627.1496,2.23414
79.3,0.0462267,972.22,4.19444,67.358,16.579,358.67,0.3685,6.2766,627.132,2.2338
79.31,0.04624289,972.214,4.194448,67.3586,16.5793,358.619,0.36845,6.27722,627.1144,2.23346
79.32,0.04625908,972.208,4.194456,67.3592,16.5796,358.568,0.3684,6.27784,627.0968,2.23312
79.33,0.04627527,972.202,4.194464,67.3598,16.5799,358.517,0.36835,6.27846,627.0792,2.23278
79.34,0.04629146,972.196,4.194472,67.3604,16.5802,358.466,0.3683,6.27908,627.0616,2.23244
79.35,0.04630765,972.19,4.19448,67.361,16.5805,358.415,0.36825,6.2797,627.044,2.2321
79.36,0.04632384,972.184,4.194488,67.3616,16.5808,358.364,0.3682,6.28032,627.0264,2.23176
79.37,0.04634003,972.178,4.194496,67.3622,16.5811,358.313,0.36815,6.28094,627.0088,2.23142
79.38,0.04635622,972.172,4.194504,67.3628,16.5814,358.262,0.3681,6.28156,626.9912,2.23108
79.39,0.04637241,972.166,4.194512,67.3634,16.5817,358.211,0.36805,6.28218,626.9736,2.23074
79.4,0.0463886,972.16,4.19452,67.364,16.582,358.16,0.368,6.2828,626.956,2.2304
79.41,0.04640479,972.154,4.194528,67.3646,16.5823,358.109,0.36795,6.28342,626.9384,2.23006
79.42,0.04642098,972.148,4.194536,67.3652,16.5826,358.058,0.3679,6.28404,626.9208,2.22972
79.43,0.04643717,972.142,4.194544,67.3658,16.5829,358.007,0.36785,6.28466,626.9032,2.22938
79.44,0.04645336,972.136,4.194552,67.3664,16.5832,357.956,0.3678,6.28528,626.8856,2.22904
79.45,0.04646955,972.13,4.19456,67.367,16.5835,357.905,0.36775,6.2859,626.868,2.2287
79.46,0.04648574,972.124,4.194568,67.3676,16.5838,357.854,0.3677,6.28652,626.8504,2.22836
79.47,0.04650193,972.118,4.194576,67.3682,16.5841,357.803,0.36765,6.28714,626.8328,2.22802
79.48,0.04651812,972.112,4.194584,67.3688,16.5844,357.752,0.3676,6.28776,626.8152,2.22768
79.49,0.04653431,972.106,4.194592,67.3694,16.5847,357.701,0.36755,6.28838,626.7976,2.22734
79.5,0.0465505,972.1,4.1946,67.37,16.585,357.65,0.3675,6.289,626.78,2.227
79.51,0.04656669,972.094,4.194608,67.3706,16.5853,357.599,0.36745,6.28962,626.7624,2.22666
79.52,0.04658288,972.088,4.194616,67.3712,16.5856,357.548,0.3674,6.29024,626.7448,2.22632
79.53,0.04659907,972.082,4.194624,67.3718,16.5859,357.497,0.36735,6.29086,626.7272,2.22598
79.54,0.04661526,972.076,4.194632,67.3724,16.5862,357.446,0.3673,6.29148,626.7096,2.22564
79.55,0.04663145,972.07,4.19464,67.373,16.5865,357.395,0.36725,6.2921,626.692,2.2253
79.56,0.04664764,972.064,4.194648,67.3736,16.5868,357.344,0.3672,6.29272,626.6744,2.22496
79.57,0.04666383,972.058,4.194656,67.3742,16.5871,357.293,0.36715,6.29334,626.6568,2.22462
79.58,0.04668002,972.052,4.194664,67.3748,16.5874,357.242,0.3671,6.29396,626.6392,2.22428
79.59,0.04669621,972.046,4.194672,67.3754,16.5877,357.191,0.36705,6.29458,626.6216,2.22394
79.6,0.0467124,972.04,4.19468,67.376,16.588,357.14,0.367,6.2952,626.604,2.2236
79.61,0.04672859,972.034,4.194688,67.3766,16.5883,357.089,0.36695,6.29582,626.5864,2.22326
79.62,0.04674478,972.028,4.194696,67.3772,16.5886,357.038,0.3669,6.29644,626.5688,2.22292
79.63,0.04676097,972.022,4.194704,67.3778,16.5889,356.987,0.36685,6.29706,626.5512,2.22258
79.64,0.04677716,972.016,4.194712,67.3784,16.5892,356.936,0.3668,6.29768,626.5336,2.22224
79.65,0.04679335,972.01,4.19472,67.379,16.5895,356.885,0.36675,6.2983,626.516,2.2219
79.66,0.04680954,972.004,4.194728,67.3796,16.5898,356.834,0.3667,6.29892,626.4984,2.22156
79.67,0.04682573,971.998,4.194736,67.3802,16.5901,356.783,0.36665,6.29954,626.4808,2.22122
79.68,0.04684192,971.992,4.194744,67.3808,16.5904,356.732,0.3666,6.30016,626.4632,2.22088
79.69,0.04685811,971.986,4.194752,67.3814,16.5907,356.681,0.36655,6.30078,626.4456,2.22054
79.7,0.0468743,971.98,4.19476,67.382,16.591,356.63,0.3665,6.3014,626.428,2.2202
79.71,0.04689049,971.974,4.194768,67.3826,16.5913,356.579,0.36645,6.30202,626.4104,2.21986
79.72,0.04690668,971.968,4.194776,67.3832,16.5916,356.528,0.3664,6.30264,626.3928,2.21952
79.73,0.04692287,971.962,4.194784,67.3838,16.5919,356.477,0.36635,6.30326,626.3752,2.21918
79.74,0.04693906,971.956,4.194792,67.3844,16.5922,356.426,0.3663,6.30388,626.3576,2.21884
79.75,0.04695525,971.95,4.1948,67.385,16.5925,356.375,0.36625,6.3045,626.34,2.2185
79.76,0.04697144,971.944,4.194808,67.3856,16.5928,356.324,0.3662,6.30512,626.3224,2.21816
79.77,0.04698763,971.938,4.194816,67.3862,16.5931,356.273,0.36615,6.30574,626.3048,2.21782
79.78,0.04700382,971.932,4.194824,67.3868,16.5934,356.222,0.3661,6.30636,626.2872,2.21748
79.79,0.04702001,971.926,4.194832,67.3874,16.5937,356.171,0.36605,6.30698,626.2696,2.21714
79.8,0.0470362,971.92,4.19484,67.388,16.594,356.12,0.366,6.3076,626.252,2.2168
79.81,0.04705239,971.914,4.194848,67.3886,16.5943,356.069,0.36595,6.30822,626.2344,2.21646
79.82,0.04706858,971.908,4.194856,67.3892,16.5946,356.018,0.3659,6.30884,626.2168,2.21612
79.83,0.04708477,971.902,4.194864,67.3898,16.5949,355.967,0.36585,6.30946,626.1992,2.21578
79.84,0.04710096,971.896,4.194872,67.3904,16.5952,355.916,0.3658,6.31008,626.1816,2.21544
79.85,0.04711715,971.89,4.19488,67.391,16.5955,355.865,0.36575,6.3107,626.164,2.2151
79.86,0.04713334,971.884,4.194888,67.3916,16.5958,355.814,0.3657,6.31132,626.1464,2.21476
79.87,0.04714953,971.878,4.194896,67.3922,16.5961,355.763,0.36565,6.31194,626.1288,2.21442
79.88,0.04716572,971.872,4.194904,67.3928,16.5964,355.712,0.3656,6.31256,626.1112,2.21408
79.89,0.04718191,971.866,4.194912,67.3934,16.5967,355.661,0.36555,6.31318,626.0936,2.21374
79.9,0.0471981,971.86,4.19492,67.394,16.597,355.61,0.3655,6.3138,626.076,2.2134
79.91,0.04721429,971.854,4.194928,67.3946,16.5973,355.559,0.36545,6.31442,626.0584,2.21306
79.92,0.04723048,971.848,4.194936,67.3952,16.5976,355.508,0.3654,6.31504,626.0408,2.21272
79.93,0.04724667,971.842,4.194944,67.3958,16.5979,355.457,0.36535,6.31566,626.0232,2.21238
79.94,0.04726286,971.836,4.194952,67.3964,16.5982,355.406,0.3653,6.31628,626.0056,2.21204
79.95,0.04727905,971.83,4.19496,67.397,16.5985,355.355,0.36525,6.3169,625.988,2.2117
79.96,0.04729524,971.824,4.194968,67.3976,16.5988,355.304,0.3652,6.31752,625.9704,2.21136
79.97,0.04731143,971.818,4.194976,67.3982,16.5991,355.253,0.36515,6.31814,625.9528,2.21102
79.98,0.04732762,971.812,4.194984,67.3988,16.5994,355.202,0.3651,6.31876,625.9352,2.21068
79.99,0.04734381,971.806,4.194992,67.3994,16.5997,355.151,0.36505,6.31938,625.9176,2.21034
80,0.04736,971.8,4.195,67.4,16.6,355.1,0.365,6.32,625.9,2.21
80.01,0.04738275,971.7935,4.195013,67.4006,16.6002,355.0598,0.364961,6.32063,625.8813,2.20974
80.02,0.0474055,971.787,4.195026,67.4012,16.6004,355.0196,0.364922,6.32126,625.8626,2.20948
80.03,0.04742825,971.7805,4.195039,67.4018,16.6006,354.9794,0.364883,6.32189,625.8439,2.20922
80.04,0.047451,971.774,4.195052,67.4024,16.6008,354.9392,0.364844,6.32252,625.8252,2.20896
80.05,0.04747375,971.7675,4.195065,67.403,16.601,354.899,0.364805,6.32315,625.8065,2.2087
80.06,0.0474965,971.761,4.195078,67.4036,16.6012,354.8588,0.364766,6.32378,625.7878,2.20844
80.07,0.04751925,971.7545,4.195091,67.4042,16.6014,354.8186,0.364727,6.32441,625.7691,2.20818
80.08,0.047542,971.748,4.195104,67.4048,16.6016,354.7784,0.364688,6.32504,625.7504,2.20792
80.09,0.04756475,971.7415,4.195117,67.4054,16.6018,354.7382,0.364649,6.32567,625.7317,2.20766
80.1,0.0475875,971.735,4.19513,67.406,16.602,354.698,0.36461,6.3263,625.713,2.2074
80.11,0.04761025,971.7285,4.195143,67.4066,16.6022,354.6578,0.364571,6.32693,625.6943,2.20714
80.12,0.047633,971.722,4.195156,67.4072,16.6024,354.6176,0.364532,6.32756,625.6756,2.20688
80.13,0.04765575,971.7155,4.195169,67.4078,16.6026,354.5774,0.364493,6.32819,625.6569,2.20662
80.14,0.0476785,971.709,4.195182,67.4084,16.6028,354.5372,0.364454,6.32882,625.6382,2.20636
80.15,0.04770125,971.7025,4.195195,67.409,16.603,354.497,0.364415,6.32945,625.6195,2.2061
80.16,0.047724,971.696,4.195208,67.4096,16.6032,354.4568,0.364376,6.33008,625.6008,2.20584
80.17,0.04774675,971.6895,4.195221,67.4102,16.6034,354.4166,0.364337,6.33071,625.5821,2.20558
80.18,0.0477695,971.683,4.195234,67.4108,16.6036,354.3764,0.364298,6.33134,625.5634,2.20532
80.19,0.04779225,971.6765,4.195247,67.4114,16.6038,354.3362,0.364259,6.33197,625.5447,2.20506
80.2,0.047815,971.67,4.19526,67.412,16.604,354.296,0.36422,6.3326,625.526,2.2048
80.21,0.04783775,971.6635,4.195273,67.4126,16.6042,354.2558,0.364181,6.33323,625.5073,2.20454
80.22,0.0478605,971.657,4.195286,67.4132,16.6044,354.2156,0.364142,6.33386,625.4886,2.20428
80.23,0.04788325,971.6505,4.195299,67.4138,16.6046,354.1754,0.364103,6.33449,625.4699,2.20402
80.24,0.047906,971.644,4.195312,67.4144,16.6048,354.1352,0.364064,6.33512,625.4512,2.20376
80.25,0.04792875,971.6375,4.195325,67.415,16.605,354.095,0.364025,6.33575,625.4325,2.2035
80.26,0.0479515,971.631,4.195338,67.4156,16.6052,354.0548,0.363986,6.33638,625.4138,2.20324
80.27,0.04797425,971.6245,4.195351,67.4162,16.6054,354.0146,0.363947,6.33701,625.3951,2.20298
80.28,0.047997,971.618,4.195364,67.4168,16.6056,353.9744,0.363908,6.33764,625.3764,2.20272
80.29,0.04801975,971.6115,4.195377,67.4174,16.6058,353.9342,0.363869,6.33827,625.3577,2.20246
80.3,0.0480425,971.605,4.19539,67.418,16.606,353.894,0.36383,6.3389,625.339,2.2022
80.31,0.04806525,971.5985,4.195403,67.4186,16.6062,353.8538,0.363791,6.33953,625.3203,2.20194
80.32,0.048088,971.592,4.195416,67.4192,16.6064,353.8136,0.363752,6.34016,625.3016,2.20168
80.33,0.04811075,971.5855,4.195429,67.4198,16.6066,353.7734,0.363713,6.34079,625.2829,2.20142
80.34,0.0481335,971.579,4.195442,67.4204,16.6068,353.7332,0.363674,6.34142,625.2642,2.20116
80.35,0.04815625,971.5725,4.195455,67.421,16.607,353.693,0.363635,6.34205,625.2455,2.2009
80.36,0.048179,971.566,4.195468,67.4216,16.6072,353.6528,0.363596,6.34268,625.2268,2.20064
80.37,0.04820175,971.5595,4.195481,67.4222,16.6074,353.6126,0.363557,6.34331,625.2081,2.20038
80.38,0.0482245,971.553,4.195494,67.4228,16.6076,353.5724,0.363518,6.34394,625.1894,2.20012
80.39,0.04824725,971.5465,4.195507,67.4234,16.6078,353.5322,0.363479,6.34457,625.1707,2.19986
80.4,0.04827,971.54,4.19552,67.424,16.608,353.492,0.36344,6.3452,625.152,2.1996
80.41,0.04829275,971.5335,4.195533,67.4246,16.6082,353.4518,0.363401,6.34583,625.1333,2.19934
80.42,0.0483155,971.527,4.195546,67.4252,16.6084,353.4116,0.363362,6.34646,625.1146,2.19908
80.43,0.04833825,971.5205,4.195559,67.4258,16.6086,353.3714,0.363323,6.34709,625.0959,2.19882
80.44,0.048361,971.514,4.195572,67.4264,16.6088,353.3312,0.363284,6.34772,625.0772,2.19856
80.45,0.04838375,971.5075,4.195585,67.427,16.609,353.291,0.363245,6.34835,625.0585,2.1983
80.46,0.0484065,971.501,4.195598,67.4276,16.6092,353.2508,0.363206,6.34898,625.0398,2.19804
80.47,0.04842925,971.4945,4.195611,67.4282,16.6094,353.2106,0.363167,6.34961,625.0211,2.19778
80.48,0.048452,971.488,4.195624,67.4288,16.6096,353.1704,0.363128,6.35024,625.0024,2.19752
80.49,0.04847475,971.4815,4.195637,67.4294,16.6098,353.1302,0.363089,6.35087,624.9837,2.19726
80.5,0.0484975,971.475,4.19565,67.43,16.61,353.09,0.36305,6.3515,624.965,2.197
80.51,0.04852025,971.4685,4.195663,67.4306,16.6102,353.0498,0.363011,6.35213,624.9463,2.19674
80.52,0.048543,971.462,4.195676,67.4312,16.6104,353.0096,0.362972,6.35276,624.9276,2.19648
80.53,0.04856575,971.4555,4.195689,67.4318,16.6106,352.9694,0.362933,6.35339,624.9089,2.19622
80.54,0.0485885,971.449,4.195702,67.4324,16.6108,352.9292,0.362894,6.35402,624.8902,2.19596
80.55,0.04861125,971.4425,4.195715,67.433,16.611,352.889,0.362855,6.35465,624.8715,2.1957
80.56,0.048634,971.436,4.195728,67.4336,16.6112,352.8488,0.362816,6.35528,624.8528,2.19544
80.57,0.04865675,971.4295,4.195741,67.4342,16.6114,352.8086,0.362777,6.35591,624.8341,2.19518
80.58,0.0486795,971.423,4.195754,67.4348,16.6116,352.7684,0.362738,6.35654,624.8154,2.19492
80.59,0.04870225,971.4165,4.195767,67.4354,16.6118,352.7282,0.362699,6.35717,624.7967,2.19466
80.6,0.048725,971.41,4.19578,67.436,16.612,352.688,0.36266,6.3578,624.778,2.1944
80.61,0.04874775,971.4035,4.195793,67.4366,16.6122,352.6478,0.362621,6.35843,624.7593,2.19414
80.62,0.0487705,971.397,4.195806,67.4372,16.6124,352.6076,0.362582,6.35906,624.7406,2.19388
80.63,0.04879325,971.3905,4.195819,67.4378,16.6126,352.5674,0.362543,6.35969,624.7219,2.19362
80.64,0.048816,971.384,4.195832,67.4384,16.6128,352.5272,0.362504,6.36032,624.7032,2.19336
80.65,0.04883875,971.3775,4.195845,67.439,16.613,352.487,0.362465,6.36095,624.6845,2.1931
80.66,0.0488615,971.371,4.195858,67.4396,16.6132,352.4468,0.362426,6.36158,624.6658,2.19284
80.67,0.04888425,971.3645,4.195871,67.4402,16.6134,352.4066,0.362387,6.36221,624.6471,2.19258
80.68,0.048907,971.358,4.195884,67.4408,16.6136,352.3664,0.362348,6.36284,624.6284,2.19232
80.69,0.04892975,971.3515,4.195897,67.4414,16.6138,352.3262,0.362309,6.36347,624.6097,2.19206
80.7,0.0489525,971.345,4.19591,67.442,16.614,352.286,0.36227,6.3641,624.591,2.1918
80.71,0.04897525,971.3385,4.195923,67.4426,16.6142,352.2458,0.362231,6.36473,624.5723,2.19154
80.72,0.048998,971.332,4.195936,67.4432,16.6144,352.2056,0.362192,6.36536,624.5536,2.19128
80.73,0.04902075,971.3255,4.195949,67.4438,16.6146,352.1654,0.362153,6.36599,624.5349,2.19102
80.74,0.0490435,971.319,4.195962,67.4444,16.6148,352.1252,0.362114,6.36662,624.5162,2.19076
80.75,0.04906625,971.3125,4.195975,67.445,16.615,352.085,0.362075,6.36725,624.4975,2.1905
80.76,0.049089,971.306,4.195988,67.4456,16.6152,352.0448,0.362036,6.36788,624.4788,2.19024
80.77,0.04911175,971.2995,4.196001,67.4462,16.6154,352.0046,0.361997,6.36851,624.4601,2.18998
80.78,0.0491345,971.293,4.196014,67.4468,16.6156,351.9644,0.361958,6.36914,624.4414,2.18972
80.79,0.04915725,971.2865,4.196027,67.4474,16.6158,351.9242,0.361919,6.36977,624.4227,2.18946
80.8,0.04918,971.28,4.19604,67.448,16.616,351.884,0.36188,6.3704,624.404,2.1892
80.81,0.04920275,971.2735,4.196053,67.4486,16.6162,351.8438,0.361841,6.37103,624.3853,2.18894
80.82,0.0492255,971.267,4.196066,67.4492,16.6164,351.8036,0.361802,6.37166,624.3666,2.18868
80.83,0.04924825,971.2605,4.196079,67.4498,16.6166,351.7634,0.361763,6.37229,624.3479,2.18842
80.84,0.049271,971.254,4.196092,67.4504,16.6168,351.7232,0.361724,6.37292,624.3292,2.18816
80.85,0.04929375,971.2475,4.196105,67.451,16.617,351.683,0.361685,6.37355,624.3105,2.1879
80.86,0.0493165,971.241,4.196118,67.4516,16.6172,351.6428,0.361646,6.37418,624.2918,2.18764
80.87,0.04933925,971.2345,4.196131,67.4522,16.6174,351.6026,0.361607,6.37481,624.2731,2.18738
80.88,0.049362,971.228,4.196144,67.4528,16.6176,351.5624,0.361568,6.37544,624.2544,2.18712
80.89,0.04938475,971.2215,4.196157,67.4534,16.6178,351.5222,0.361529,6.37607,624.2357,2.18686
80.9,0.0494075,971.215,4.19617,67.454,16.618,351.482,0.36149,6.3767,624.217,2.1866
80.91,0.04943025,971.2085,4.196183,67.4546,16.6182,351.4418,0.361451,6.37733,624.1983,2.18634
80.92,0.049453,971.202,4.196196,67.4552,16.6184,351.4016,0.361412,6.37796,624.1796,2.18608
80.93,0.04947575,971.1955,4.196209,67.4558,16.6186,351.3614,0.361373,6.37859,624.1609,2.18582
80.94,0.0494985,971.189,4.196222,67.4564,16.6188,351.3212,0.361334,6.37922,624.1422,2.18556
80.95,0.04952125,971.1825,4.196235,67.457,16.619,351.281,0.361295,6.37985,624.1235,2.1853
80.96,0.049544,971.176,4.196248,67.4576,16.6192,351.2408,0.361256,6.38048,624.1048,2.18504
80.97,0.04956675,971.1695,4.196261,67.4582,16.6194,351.2006,0.361217,6.38111,624.0861,2.18478
80.98,0.0495895,971.163,4.196274,67.4588,16.6196,351.1604,0.361178,6.38174,624.0674,2.18452
80.99,0.04961225,971.1565,4.196287,67.4594,16.6198,351.1202,0.361139,6.38237,624.0487,2.18426
81,0.049635,971.15,4.1963,67.46,16.62,351.08,0.3611,6.383,624.03,2.184
81.01,0.04965775,971.1435,4.196313,67.4606,16.6202,351.0398,0.361061,6.38363,624.0113,2.18374
81.02,0.0496805,971.137,4.196326,67.4612,16.6204,350.9996,0.361022,6.38426,623.9926,2.18348
81.03,0.04970325,971.1305,4.196339,67.4618,16.6206,350.9594,0.360983,6.38489,623.9739,2.18322
81.04,0.049726,971.124,4.196352,67.4624,16.6208,350.9192,0.360944,6.38552,623.9552,2.18296
81.05,0.04974875,971.1175,4.196365,67.463,16.621,350.879,0.360905,6.38615,623.9365,2.1827
81.06,0.0497715,971.111,4.196378,67.4636,16.6212,350.8388,0.360866,6.38678,623.9178,2.18244
81.07,0.04979425,971.1045,4.196391,67.4642,16.6214,350.7986,0.360827,6.38741,623.8991,2.18218
81.08,0.049817,971.098,4.196404,67.4648,16.6216,350.7584,0.360788,6.38804,623.8804,2.18192
81.09,0.04983975,971.0915,4.196417,67.4654,16.6218,350.7182,0.360749,6.38867,623.8617,2.18166
81.1,0.0498625,971.085,4.19643,67.466,16.622,350.678,0.36071,6.3893,623.843,2.1814
81.11,0.04988525,971.0785,4.196443,67.4666,16.6222,350.6378,0.360671,6.38993,623.8243,2.18114
81.12,0.049908,971.072,4.196456,67.4672,16.6224,350.5976,0.360632,6.39056,623.8056,2.18088
81.13,0.04993075,971.0655,4.196469,67.4678,16.6226,350.5574,0.360593,6.39119,623.7869,2.18062
81.14,0.0499535,971.059,4.196482,67.4684,16.6228,350.5172,0.360554,6.39182,623.7682,2.18036
81.15,0.04997625,971.0525,4.196495,67.469,16.623,350.477,0.360515,6.39245,623.7495,2.1801
81.16,0.049999,971.046,4.196508,67.4696,16.6232,350.4368,0.360476,6.39308,623.7308,2.17984
81.17,0.05002175,971.0395,4.196521,67.4702,16.6234,350.3966,0.360437,6.39371,623.7121,2.17958
81.18,0.0500445,971.033,4.196534,67.4708,16.6236,350.3564,0.360398,6.39434,623.6934,2.17932
81.19,0.05006725,971.0265,4.196547,67.4714,16.6238,350.3162,0.360359,6.39497,623.6747,2.17906
81.2,0.05009,971.02,4.19656,67.472,16.624,350.276,0.36032,6.3956,623.656,2.1788
81.21,0.05011275,971.0135,4.196573,67.4726,16.6242,350.2358,0.360281,6.39623,623.6373,2.17854
81.22,0.0501355,971.007,4.196586,67.4732,16.6244,350.1956,0.360242,6.39686,623.6186,2.17828
81.23,0.05015825,971.0005,4.196599,67.4738,16.6246,350.1554,0.360203,6.39749,623.5999,2.17802
81.24,0.050181,970.994,4.196612,67.4744,16.6248,350.1152,0.360164,6.39812,623.5812,2.17776
81.25,0.05020375,970.9875,4.196625,67.475,16.625,350.075,0.360125,6.39875,623.5625,2.1775
81.26,0.0502265,970.981,4.196638,67.4756,16.6252,350.0348,0.360086,6.39938,623.5438,2.17724
81.27,0.05024925,970.9745,4.196651,67.4762,16.6254,349.9946,0.360047,6.40001,623.5251,2.17698
81.28,0.050272,970.968,4.196664,67.4768,16.6256,349.9544,0.360008,6.40064,623.5064,2.17672
81.29,0.05029475,970.9615,4.196677,67.4774,16.6258,349.9142,0.359969,6.40127,623.4877,2.17646
81.3,0.0503175,970.955,4.19669,67.478,16.626,349.874,0.35993,6.4019,623.469,2.1762
81.31,0.05034025,970.9485,4.196703,67.4786,16.6262,349.8338,0.359891,6.40253,623.4503,2.17594
81.32,0.050363,970.942,4.196716,67.4792,16.6264,349.7936,0.359852,6.40316,623.4316,2.17568
81.33,0.05038575,970.9355,4.196729,67.4798,16.6266,349.7534,0.359813,6.40379,623.4129,2.17542
81.34,0.0504085,970.929,4.196742,67.4804,16.6268,349.7132,0.359774,6.40442,623.3942,2.17516
81.35,0.05043125,970.9225,4.196755,67.481,16.627,349.673,0.359735,6.40505,623.3755,2.1749
81.36,0.050454,970.916,4.196768,67.4816,16.6272,349.6328,0.359696,6.40568,623.3568,2.17464
81.37,0.05047675,970.9095,4.196781,67.4822,16.6274,349.5926,0.359657,6.40631,623.3381,2.17438
81.38,0.0504995,970.903,4.196794,67.4828,16.6276,349.5524,0.359618,6.40694,623.3194,2.17412
81.39,0.05052225,970.8965,4.196807,67.4834,16.6278,349.5122,0.359579,6.40757,623.3007,2.17386
81.4,0.050545,970.89,4.19682,67.484,16.628,349.472,0.35954,6.4082,623.282,2.1736
81.41,0.05056775,970.8835,4.196833,67.4846,16.6282,349.4318,0.359501,6.40883,623.2633,2.17334
81.42,0.0505905,970.877,4.196846,67.4852,16.6284,349.3916,0.359462,6.40946,623.2446,2.17308
81.43,0.05061325,970.8705,4.196859,67.4858,16.6286,349.3514,0.359423,6.41009,623.2259,2.17282
81.44,0.050636,970.864,4.196872,67.4864,16.6288,349.3112,0.359384,6.41072,623.2072,2.17256
81.45,0.05065875,970.8575,4.196885,67.487,16.629,349.271,0.359345,6.41135,623.1885,2.1723
81.46,0.0506815,970.851,4.196898,67.4876,16.6292,349.2308,0.359306,6.41198,623.1698,2.17204
81.47,0.05070425,970.8445,4.196911,67.4882,16.6294,349.1906,0.359267,6.41261,623.1511,2.17178
81.48,0.050727,970.838,4.196924,67.4888,16.6296,349.1504,0.359228,6.41324,623.1324,2.17152
81.49,0.05074975,970.8315,4.196937,67.4894,16.6298,349.1102,0.359189,6.41387,623.1137,2.17126
81.5,0.0507725,970.825,4.19695,67.49,16.63,349.07,0.35915,6.4145,623.095,2.171
81.51,0.05079525,970.8185,4.196963,67.4906,16.6302,349.0298,0.359111,6.41513,623.0763,2.17074
81.52,0.050818,970.812,4.196976,67.4912,16.6304,348.9896,0.359072,6.41576,623.0576,2.17048
81.53,0.05084075,970.8055,4.196989,67.4918,16.6306,348.9494,0.359033,6.41639,623.0389,2.17022
81.54,0.0508635,970.799,4.197002,67.4924,16.6308,348.9092,0.358994,6.41702,623.0202,2.16996
81.55,0.05088625,970.7925,4.197015,67.493,16.631,348.869,0.358955,6.41765,623.0015,2.1697
81.56,0.050909,970.786,4.197028,67.4936,16.6312,348.8288,0.358916,6.41828,622.9828,2.16944
81.57,0.05093175,970.7795,4.197041,67.4942,16.6314,348.7886,0.358877,6.41891,622.9641,2.16918
81.58,0.0509545,970.773,4.197054,67.4948,16.6316,348.7484,0.358838,6.41954,622.9454,2.16892
81.59,0.05097725,970.7665,4.197067,67.4954,16.6318,348.7082,0.358799,6.42017,622.9267,2.16866
81.6,0.051,970.76,4.19708,67.496,16.632,348.668,0.35876,6.4208,622.908,2.1684
81.61,0.05102275,970.7535,4.197093,67.4966,16.6322,348.6278,0.358721,6.42143,622.8893,2.16814
81.62,0.0510455,970.747,4.197106,67.4972,16.6324,348.5876,0.358682,6.42206,622.8706,2.16788
81.63,0.05106825,970.7405,4.197119,67.4978,16.6326,348.5474,0.358643,6.42269,622.8519,2.16762
81.64,0.051091,970.734,4.197132,67.4984,16.6328,348.5072,0.358604,6.42332,622.8332,2.16736
81.65,0.05111375,970.7275,4.197145,67.499,16.633,348.467,0.358565,6.42395,622.8145,2.1671
81.66,0.0511365,970.721,4.197158,67.4996,16.6332,348.4268,0.358526,6.42458,622.7958,2.16684
81.67,0.05115925,970.7145,4.197171,67.5002,16.6334,348.3866,0.358487,6.42521,622.7771,2.16658
81.68,0.051182,970.708,4.197184,67.5008,16.6336,348.3464,0.358448,6.42584,622.7584,2.16632
81.69,0.05120475,970.7015,4.197197,67.5014,16.6338,348.3062,0.358409,6.42647,622.7397,2.16606
81.7,0.0512275,970.695,4.19721,67.502,16.634,348.266,0.35837,6.4271,622.721,2.1658
81.71,0.05125025,970.6885,4.197223,67.5026,16.6342,348.2258,0.358331,6.42773,622.7023,2.16554
81.72,0.051273,970.682,4.197236,67.5032,16.6344,348.1856,0.358292,6.42836,622.6836,2.16528
81.73,0.05129575,970.6755,4.197249,67.5038,16.6346,348.1454,0.358253,6.42899,622.6649,2.16502
81.74,0.0513185,970.669,4.197262,67.5044,16.6348,348.1052,0.358214,6.42962,622.6462,2.16476
81.75,0.05134125,970.6625,4.197275,67.505,16.635,348.065,0.358175,6.43025,622.6275,2.1645
81.76,0.051364,970.656,4.197288,67.5056,16.6352,348.0248,0.358136,6.43088,622.6088,2.16424
81.77,0.05138675,970.6495,4.197301,67.5062,16.6354,347.9846,0.358097,6.43151,622.5901,2.16398
81.78,0.0514095,970.643,4.197314,67.5068,16.6356,347.9444,0.358058,6.43214,622.5714,2.16372
81.79,0.05143225,970.6365,4.197327,67.5074,16.6358,347.9042,0.358019,6.43277,622.5527,2.16346
81.8,0.051455,970.63,4.19734,67.508,16.636,347.864,0.35798,6.4334,622.534,2.1632
81.81,0.05147775,970.6235,4.197353,67.5086,16.6362,347.8238,0.357941,6.43403,622.5153,2.16294
81.82,0.0515005,970.617,4.197366,67.5092,16.6364,347.7836,0.357902,6.43466,622.4966,2.16268
81.83,0.05152325,970.6105,4.197379,67.5098,16.6366,347.7434,0.357863,6.43529,622.4779,2.16242
81.84,0.051546,970.604,4.197392,67.5104,16.6368,347.7032,0.357824,6.43592,622.4592,2.16216
81.85,0.05156875,970.5975,4.197405,67.511,16.637,347.663,0.357785,6.43655,622.4405,2.1619
81.86,0.0515915,970.591,4.197418,67.5116,16.6372,347.6228,0.357746,6.43718,622.4218,2.16164
81.87,0.05161425,970.5845,4.197431,67.5122,16.6374,347.5826,0.357707,6.43781,622.4031,2.16138
81.88,0.051637,970.578,4.197444,67.5128,16.6376,347.5424,0.357668,6.43844,622.3844,2.16112
81.89,0.05165975,970.5715,4.197457,67.5134,16.6378,347.5022,0.357629,6.43907,622.3657,2.16086
81.9,0.0516825,970.565,4.19747,67.514,16.638,347.462,0.35759,6.4397,622.347,2.1606
81.91,0.05170525,970.5585,4.197483,67.5146,16.6382,347.4218,0.357551,6.44033,622.3283,2.16034
81.92,0.051728,970.552,4.197496,67.5152,16.6384,347.3816,0.357512,6.44096,622.3096,2.16008
81.93,0.05175075,970.5455,4.197509,67.5158,16.6386,347.3414,0.357473,6.44159,622.2909,2.15982
81.94,0.0517735,970.539,4.197522,67.5164,16.6388,347.3012,0.357434,6.44222,622.2722,2.15956
81.95,0.05179625,970.5325,4.197535,67.517,16.639,347.261,0.357395,6.44285,622.2535,2.1593
81.96,0.051819,970.526,4.197548,67.5176,16.6392,347.2208,0.357356,6.44348,622.2348,2.15904
81.97,0.05184175,970.5195,4.197561,67.5182,16.6394,347.1806,0.357317,6.44411,622.2161,2.15878
81.98,0.0518645,970.513,4.197574,67.5188,16.6396,347.1404,0.357278,6.44474,622.1974,2.15852
81.99,0.05188725,970.5065,4.197587,67.5194,16.6398,347.1002,0.357239,6.44537,622.1787,2.15826
82,0.05191,970.5,4.1976,67.52,16.64,347.06,0.3572,6.446,622.16,2.158
82.01,0.05193275,970.4935,4.197613,67.5206,16.6402,347.0198,0.357161,6.44663,622.1413,2.15774
82.02,0.0519555,970.487,4.197626,67.5212,16.6404,346.9796,0.357122,6.44726,622.1226,2.15748
82.03,0.05197825,970.4805,4.197639,67.5218,16.6406,346.9394,0.357083,6.44789,622.1039,2.15722
82.04,0.052001,970.474,4.197652,67.5224,16.6408,346.8992,0.357044,6.44852,622.0852,2.15696
82.05,0.05202375,970.4675,4.197665,67.523,16.641,346.859,0.357005,6.44915,622.0665,2.1567
82.06,0.0520465,970.461,4.197678,67.5236,16.6412,346.8188,0.356966,6.44978,622.0478,2.15644
82.07,0.05206925,970.4545,4.197691,67.5242,16.6414,346.7786,0.356927,6.45041,622.0291,2.15618
82.08,0.052092,970.448,4.197704,67.5248,16.6416,346.7384,0.356888,6.45104,622.0104,2.15592
82.09,0.05211475,970.4415,4.197717,67.5254,16.6418,346.6982,0.356849,6.45167,621.9917,2.15566
82.1,0.0521375,970.435,4.19773,67.526,16.642,346.658,0.35681,6.4523,621.973,2.1554
82.11,0.05216025,970.4285,4.197743,67.5266,16.6422,346.6178,0.356771,6.45293,621.9543,2.15514
82.12,0.052183,970.422,4.197756,67.5272,16.6424,346.5776,0.356732,6.45356,621.9356,2.15488
82.13,0.05220575,970.4155,4.197769,67.5278,16.6426,346.5374,0.356693,6.45419,621.9169,2.15462
82.14,0.0522285,970.409,4.197782,67.5284,16.6428,346.4972,0.356654,6.45482,621.8982,2.15436
82.15,0.05225125,970.4025,4.197795,67.529,16.643,346.457,0.356615,6.45545,621.8795,2.1541
82.16,0.052274,970.396,4.197808,67.5296,16.6432,346.4168,0.356576,6.45608,621.8608,2.15384
82.17,0.05229675,970.3895,4.197821,67.5302,16.6434,346.3766,0.356537,6.45671,621.8421,2.15358
82.18,0.0523195,970.383,4.197834,67.5308,16.6436,346.3364,0.356498,6.45734,621.8234,2.15332
82.19,0.05234225,970.3765,4.197847,67.5314,16.6438,346.2962,0.356459,6.45797,621.8047,2.15306
82.2,0.052365,970.37,4.19786,67.532,16.644,346.256,0.35642,6.4586,621.786,2.1528
82.21,0.05238775,970.3635,4.197873,67.5326,16.6442,346.2158,0.356381,6.45923,621.7673,2.15254
82.22,0.0524105,970.357,4.197886,67.5332,16.6444,346.1756,0.356342,6.45986,621.7486,2.15228
82.23,0.05243325,970.3505,4.197899,67.5338,16.6446,346.1354,0.356303,6.46049,621.7299,2.15202
82.24,0.052456,970.344,4.197912,67.5344,16.6448,346.0952,0.356264,6.46112,621.7112,2.15176
82.25,0.05247875,970.3375,4.197925,67.535,16.645,346.055,0.356225,6.46175,621.6925,2.1515
82.26,0.0525015,970.331,4.197938,67.5356,16.6452,346.0148,0.356186,6.46238,621.6738,2.15124
82.27,0.05252425,970.3245,4.197951,67.5362,16.6454,345.9746,0.356147,6.46301,621.6551,2.15098
82.28,0.052547,970.318,4.197964,67.5368,16.6456,345.9344,0.356108,6.46364,621.6364,2.15072
82.29,0.05256975,970.3115,4.197977,67.5374,16.6458,345.8942,0.356069,6.46427,621.6177,2.15046
82.3,0.0525925,970.305,4.19799,67.538,16.646,345.854,0.35603,6.4649,621.599,2.1502
82.31,0.05261525,970.2985,4.198003,67.5386,16.6462,345.8138,0.355991,6.46553,621.5803,2.14994
82.32,0.052638,970.292,4.198016,67.5392,16.6464,345.7736,0.355952,6.46616,621.5616,2.14968
82.33,0.05266075,970.2855,4.198029,67.5398,16.6466,345.7334,0.355913,6.46679,621.5429,2.14942
82.34,0.0526835,970.279,4.198042,67.5404,16.6468,345.6932,0.355874,6.46742,621.5242,2.14916
82.35,0.05270625,970.2725,4.198055,67.541,16.647,345.653,0.355835,6.46805,621.5055,2.1489
82.36,0.052729,970.266,4.198068,67.5416,16.6472,345.6128,0.355796,6.46868,621.4868,2.14864
82.37,0.05275175,970.2595,4.198081,67.5422,16.6474,345.5726,0.355757,6.46931,621.4681,2.14838
82.38,0.0527745,970.253,4.198094,67.5428,16.6476,345.5324,0.355718,6.46994,621.4494,2.14812
82.39,0.05279725,970.2465,4.198107,67.5434,16.6478,345.4922,0.355679,6.47057,621.4307,2.14786
82.4,0.05282,970.24,4.19812,67.544,16.648,345.452,0.35564,6.4712,621.412,2.1476
82.41,0.05284275,970.2335,4.198133,67.5446,16.6482,345.4118,0.355601,6.47183,621.3933,2.14734
82.42,0.0528655,970.227,4.198146,67.5452,16.6484,345.3716,0.355562,6.47246,621.3746,2.14708
82.43,0.05288825,970.2205,4.198159,67.5458,16.6486,345.3314,0.355523,6.47309,621.3559,2.14682
82.44,0.052911,970.214,4.198172,67.5464,16.6488,345.2912,0.355484,6.47372,621.3372,2.14656
82.45,0.05293375,970.2075,4.198185,67.547,16.649,345.251,0.355445,6.47435,621.3185,2.1463
82.46,0.0529565,970.201,4.198198,67.5476,16.6492,345.2108,0.355406,6.47498,621.2998,2.14604
82.47,0.05297925,970.1945,4.198211,67.5482,16.6494,345.1706,0.355367,6.47561,621.2811,2.14578
82.48,0.053002,970.188,4.198224,67.5488,16.6496,345.1304,0.355328,6.47624,621.2624,2.14552
82.49,0.05302475,970.1815,4.198237,67.5494,16.6498,345.0902,0.355289,6.47687,621.2437,2.14526
82.5,0.0530475,970.175,4.19825,67.55,16.65,345.05,0.35525,6.4775,621.225,2.145
82.51,0.05307025,970.1685,4.198263,67.5506,16.6502,345.0098,0.355211,6.47813,621.2063,2.14474
82.52,0.053093,970.162,4.198276,67.5512,16.6504,344.9696,0.355172,6.47876,621.1876,2.14448
82.53,0.05311575,970.1555,4.198289,67.5518,16.6506,344.9294,0.355133,6.47939,621.1689,2.14422
82.54,0.0531385,970.149,4.198302,67.5524,16.6508,344.8892,0.355094,6.48002,621.1502,2.14396
82.55,0.05316125,970.1425,4.198315,67.553,16.651,344.849,0.355055,6.48065,621.1315,2.1437
82.56,0.053184,970.136,4.198328,67.5536,16.6512,344.8088,0.355016,6.48128,621.1128,2.14344
82.57,0.05320675,970.1295,4.198341,67.5542,16.6514,344.7686,0.354977,6.48191,621.0941,2.14318
82.58,0.0532295,970.123,4.198354,67.5548,16.6516,344.7284,0.354938,6.48254,621.0754,2.14292
82.59,0.05325225,970.1165,4.198367,67.5554,16.6518,344.6882,0.354899,6.48317,621.0567,2.14266
82.6,0.053275,970.11,4.19838,67.556,16.652,344.648,0.35486,6.4838,621.038,2.1424
82.61,0.05329775,970.1035,4.198393,67.5566,16.6522,344.6078,0.354821,6.48443,621.0193,2.14214
82.62,0.0533205,970.097,4.198406,67.5572,16.6524,344.5676,0.354782,6.48506,621.0006,2.14188
82.63,0.05334325,970.0905,4.198419,67.5578,16.6526,344.5274,0.354743,6.48569,620.9819,2.14162
82.64,0.053366,970.084,4.198432,67.5584,16.6528,344.4872,0.354704,6.48632,620.9632,2.14136
82.65,0.05338875,970.0775,4.198445,67.559,16.653,344.447,0.354665,6.48695,620.9445,2.1411
82.66,0.0534115,970.071,4.198458,67.5596,16.6532,344.4068,0.354626,6.48758,620.9258,2.14084
82.67,0.05343425,970.0645,4.198471,67.5602,16.6534,344.3666,0.354587,6.48821,620.9071,2.14058
82.68,0.053457,970.058,4.198484,67.5608,16.6536,344.3264,0.354548,6.48884,620.8884,2.14032
82.69,0.05347975,970.0515,4.198497,67.5614,16.6538,344.2862,0.354509,6.48947,620.8697,2.14006
82.7,0.0535025,970.045,4.19851,67.562,16.654,344.246,0.35447,6.4901,620.851,2.1398
82.71,0.05352525,970.0385,4.198523,67.5626,16.6542,344.2058,0.354431,6.49073,620.8323,2.13954
82.72,0.053548,970.032,4.198536,67.5632,16.6544,344.1656,0.354392,6.49136,620.8136,2.13928
82.73,0.05357075,970.0255,4.198549,67.5638,16.6546,344.1254,0.354353,6.49199,620.7949,2.13902
82.74,0.0535935,970.019,4.198562,67.5644,16.6548,344.0852,0.354314,6.49262,620.7762,2.13876
82.75,0.05361625,970.0125,4.198575,67.565,16.655,344.045,0.354275,6.49325,620.7575,2.1385
82.76,0.053639,970.006,4.198588,67.5656,16.6552,344.0048,0.354236,6.49388,620.7388,2.13824
82.77,0.05366175,969.9995,4.198601,67.5662,16.6554,343.9646,0.354197,6.49451,620.7201,2.13798
82.78,0.0536845,969.993,4.198614,67.5668,16.6556,343.9244,0.354158,6.49514,620.7014,2.13772
82.79,0.05370725,969.9865,4.198627,67.5674,16.6558,343.8842,0.354119,6.49577,620.6827,2.13746
82.8,0.05373,969.98,4.19864,67.568,16.656,343.844,0.35408,6.4964,620.664,2.1372
82.81,0.05375275,969.9735,4.198653,67.5686,16.6562,343.8038,0.354041,6.49703,620.6453,2.13694
82.82,0.0537755,969.967,4.198666,67.5692,16.6564,343.7636,0.354002,6.49766,620.6266,2.13668
82.83,0.05379825,969.9605,4.198679,67.5698,16.6566,343.7234,0.353963,6.49829,620.6079,2.13642
82.84,0.053821,969.954,4.198692,67.5704,16.6568,343.6832,0.353924,6.49892,620.5892,2.13616
82.85,0.05384375,969.9475,4.198705,67.571,16.657,343.643,0.353885,6.49955,620.5705,2.1359
82.86,0.0538665,969.941,4.198718,67.5716,16.6572,343.6028,0.353846,6.50018,620.5518,2.13564
82.87,0.05388925,969.9345,4.198731,67.5722,16.6574,343.5626,0.353807,6.50081,620.5331,2.13538
82.88,0.053912,969.928,4.198744,67.5728,16.6576,343.5224,0.353768,6.50144,620.5144,2.13512
82.89,0.05393475,969.9215,4.198757,67.5734,16.6578,343.4822,0.353729,6.50207,620.4957,2.13486
82.9,0.0539575,969.915,4.19877,67.574,16.658,343.442,0.35369,6.5027,620.477,2.1346
82.91,0.05398025,969.9085,4.198783,67.5746,16.6582,343.4018,0.353651,6.50333,620.4583,2.13434
82.92,0.054003,969.902,4.198796,67.5752,16.6584,343.3616,0.353612,6.50396,620.4396,2.13408
82.93,0.05402575,969.8955,4.198809,67.5758,16.6586,343.3214,0.353573,6.50459,620.4209,2.13382
82.94,0.0540485,969.889,4.198822,67.5764,16.6588,343.2812,0.353534,6.50522,620.4022,2.13356
82.95,0.05407125,969.8825,4.198835,67.577,16.659,343.241,0.353495,6.50585,620.3835,2.1333
82.96,0.054094,969.876,4.198848,67.5776,16.6592,343.2008,0.353456,6.50648,620.3648,2.13304
82.97,0.05411675,969.8695,4.198861,67.5782,16.6594,343.1606,0.353417,6.50711,620.3461,2.13278
82.98,0.0541395,969.863,4.198874,67.5788,16.6596,343.1204,0.353378,6.50774,620.3274,2.13252
82.99,0.05416225,969.8565,4.198887,67.5794,16.6598,343.0802,0.353339,6.50837,620.3087,2.13226
83,0.054185,969.85,4.1989,67.58,16.66,343.04,0.3533,6.509,620.29,2.132
83.01,0.05420775,969.8435,4.198913,67.5806,16.6602,342.9998,0.353261,6.50963,620.2713,2.13174
83.02,0.0542305,969.837,4.198926,67.5812,16.6604,342.9596,0.353222,6.51026,620.2526,2.13148
83.03,0.05425325,969.8305,4.198939,67.5818,16.6606,342.9194,0.353183,6.51089,620.2339,2.13122
83.04,0.054276,969.824,4.198952,67.5824,16.6608,342.8792,0.353144,6.51152,620.2152,2.13096
83.05,0.05429875,969.8175,4.198965,67.583,16.661,342.839,0.353105,6.51215,620.1965,2.1307
83.06,0.0543215,969.811,4.198978,67.5836,16.6612,342.7988,0.353066,6.51278,620.1778,2.13044
83.07,0.05434425,969.8045,4.198991,67.5842,16.6614,342.7586,0.353027,6.51341,620.1591,2.13018
83.08,0.054367,969.798,4.199004,67.5848,16.6616,342.7184,0.352988,6.51404,620.1404,2.12992
83.09,0.05438975,969.7915,4.199017,67.5854,16.6618,342.6782,0.352949,6.51467,620.1217,2.12966
83.1,0.0544125,969.785,4.19903,67.586,16.662,342.638,0.35291,6.5153,620.103,2.1294
83.11,0.05443525,969.7785,4.199043,67.5866,16.6622,342.5978,0.352871,6.51593,620.0843,2.12914
83.12,0.054458,969.772,4.199056,67.5872,16.6624,342.5576,0.352832,6.51656,620.0656,2.12888
83.13,0.05448075,969.7655,4.199069,67.5878,16.6626,342.5174,0.352793,6.51719,620.0469,2.12862
83.14,0.0545035,969.759,4.199082,67.5884,16.6628,342.4772,0.352754,6.51782,620.0282,2.12836
83.15,0.05452625,969.7525,4.199095,67.589,16.663,342.437,0.352715,6.51845,620.0095,2.1281
83.16,0.054549,969.746,4.199108,67.5896,16.6632,342.3968,0.352676,6.51908,619.9908,2.12784
83.17,0.05457175,969.7395,4.199121,67.5902,16.6634,342.3566,0.352637,6.51971,619.9721,2.12758
83.18,0.0545945,969.733,4.199134,67.5908,16.6636,342.3164,0.352598,6.52034,619.9534,2.12732
83.19,0.05461725,969.7265,4.199147,67.5914,16.6638,342.2762,0.352559,6.52097,619.9347,2.12706
83.2,0.05464,969.72,4.19916,67.592,16.664,342.236,0.35252,6.5216,619.916,2.1268
83.21,0.05466275,969.7135,4.199173,67.5926,16.6642,342.1958,0.352481,6.52223,619.8973,2.12654
83.22,0.0546855,969.707,4.199186,67.5932,16.6644,342.1556,0.352442,6.52286,619.8786,2.12628
83.23,0.05470825,969.7005,4.199199,67.5938,16.6646,342.1154,0.352403,6.52349,619.8599,2.12602
83.24,0.054731,969.694,4.199212,67.5944,16.6648,342.0752,0.352364,6.52412,619.8412,2.12576
83.25,0.05475375,969.6875,4.199225,67.595,16.665,342.035,0.352325,6.52475,619.8225,2.1255
83.26,0.0547765,969.681,4.199238,67.5956,16.6652,341.9948,0.352286,6.52538,619.8038,2.12524
83.27,0.05479925,969.6745,4.199251,67.5962,16.6654,341.9546,0.352247,6.52601,619.7851,2.12498
83.28,0.054822,969.668,4.199264,67.5968,16.6656,341.9144,0.352208,6.52664,619.7664,2.12472
83.29,0.05484475,969.6615,4.199277,67.5974,16.6658,341.8742,0.352169,6.52727,619.7477,2.12446
83.3,0.0548675,969.655,4.19929,67.598,16.666,341.834,0.35213,6.5279,619.729,2.1242
83.31,0.05489025,969.6485,4.199303,67.5986,16.6662,341.7938,0.352091,6.52853,619.7103,2.12394
83.32,0.054913,969.642,4.199316,67.5992,16.6664,341.7536,0.352052,6.52916,619.6916,2.12368
83.33,0.05493575,969.6355,4.199329,67.5998,16.6666,341.7134,0.352013,6.52979,619.6729,2.12342
83.34,0.0549585,969.629,4.199342,67.6004,16.6668,341.6732,0.351974,6.53042,619.6542,2.12316
83.35,0.05498125,969.6225,4.199355,67.601,16.667,341.633,0.351935,6.53105,619.6355,2.1229
83.36,0.055004,969.616,4.199368,67.6016,16.6672,341.5928,0.351896,6.53168,619.6168,2.12264
83.37,0.05502675,969.6095,4.199381,67.6022,16.6674,341.5526,0.351857,6.53231,619.5981,2.12238
83.38,0.0550495,969.603,4.199394,67.6028,16.6676,341.5124,0.351818,6.53294,619.5794,2.12212
83.39,0.05507225,969.5965,4.199407,67.6034,16.6678,341.4722,0.351779,6.53357,619.5607,2.12186
83.4,0.055095,969.59,4.19942,67.604,16.668,341.432,0.35174,6.5342,619.542,2.1216
83.41,0.05511775,969.5835,4.199433,67.6046,16.6682,341.3918,0.351701,6.53483,619.5233,2.12134
83.42,0.0551405,969.577,4.199446,67.6052,16.6684,341.3516,0.351662,6.53546,619.5046,2.12108
83.43,0.05516325,969.5705,4.199459,67.6058,16.6686,341.3114,0.351623,6.53609,619.4859,2.12082
83.44,0.055186,969.564,4.199472,67.6064,16.6688,341.2712,0.351584,6.53672,619.4672,2.12056
83.45,0.05520875,969.5575,4.199485,67.607,16.669,341.231,0.351545,6.53735,619.4485,2.1203
83.46,0.0552315,969.551,4.199498,67.6076,16.6692,341.1908,0.351506,6.53798,619.4298,2.12004
83.47,0.05525425,969.5445,4.199511,67.6082,16.6694,341.1506,0.351467,6.53861,619.4111,2.11978
83.48,0.055277,969.538,4.199524,67.6088,16.6696,341.1104,0.351428,6.53924,619.3924,2.11952
83.49,0.05529975,969.5315,4.199537,67.6094,16.6698,341.0702,0.351389,6.53987,619.3737,2.11926
83.5,0.0553225,969.525,4.19955,67.61,16.67,341.03,0.35135,6.5405,619.355,2.119
83.51,0.05534525,969.5185,4.199563,67.6106,16.6702,340.9898,0.351311,6.54113,619.3363,2.11874
83.52,0.055368,969.512,4.199576,67.6112,16.6704,340.9496,0.351272,6.54176,619.3176,2.11848
83.53,0.05539075,969.5055,4.199589,67.6118,16.6706,340.9094,0.351233,6.54239,619.2989,2.11822
83.54,0.0554135,969.499,4.199602,67.6124,16.6708,340.8692,0.351194,6.54302,619.2802,2.11796
83.55,0.05543625,969.4925,4.199615,67.613,16.671,340.829,0.351155,6.54365,619.2615,2.1177
83.56,0.055459,969.486,4.199628,67.6136,16.6712,340.7888,0.351116,6.54428,619.2428,2.11744
83.57,0.05548175,969.4795,4.199641,67.6142,16.6714,340.7486,0.351077,6.54491,619.2241,2.11718
83.58,0.0555045,969.473,4.199654,67.6148,16.6716,340.7084,0.351038,6.54554,619.2054,2.11692
83.59,0.05552725,969.4665,4.199667,67.6154,16.6718,340.6682,0.350999,6.54617,619.1867,2.11666
83.6,0.05555,969.46,4.19968,67.616,16.672,340.628,0.35096,6.5468,619.168,2.1164
83.61,0.05557275,969.4535,4.199693,67.6166,16.6722,340.5878,0.350921,6.54743,619.1493,2.11614
83.62,0.0555955,969.447,4.199706,67.6172,16.6724,340.5476,0.350882,6.54806,619.1306,2.11588
83.63,0.05561825,969.4405,4.199719,67.6178,16.6726,340.5074,0.350843,6.54869,619.1119,2.11562
83.64,0.055641,969.434,4.199732,67.6184,16.6728,340.4672,0.350804,6.54932,619.0932,2.11536
83.65,0.05566375,969.4275,4.199745,67.619,16.673,340.427,0.350765,6.54995,619.0745,2.1151
83.66,0.0556865,969.421,4.199758,67.6196,16.6732,340.3868,0.350726,6.55058,619.0558,2.11484
83.67,0.05570925,969.4145,4.199771,67.6202,16.6734,340.3466,0.350687,6.55121,619.0371,2.11458
83.68,0.055732,969.408,4.199784,67.6208,16.6736,340.3064,0.350648,6.55184,619.0184,2.11432
83.69,0.05575475,969.4015,4.199797,67.6214,16.6738,340.2662,0.350609,6.55247,618.9997,2.11406
83.7,0.0557775,969.395,4.19981,67.622,16.674,340.226,0.35057,6.5531,618.981,2.1138
83.71,0.05580025,969.3885,4.199823,67.6226,16.6742,340.1858,0.350531,6.55373,618.9623,2.11354
83.72,0.055823,969.382,4.199836,67.6232,16.6744,340.1456,0.350492,6.55436,618.9436,2.11328
83.73,0.05584575,969.3755,4.199849,67.6238,16.6746,340.1054,0.350453,6.55499,618.9249,2.11302
83.74,0.0558685,969.369,4.199862,67.6244,16.6748,340.0652,0.350414,6.55562,618.9062,2.11276
83.75,0.05589125,969.3625,4.199875,67.625,16.675,340.025,0.350375,6.55625,618.8875,2.1125
83.76,0.055914,969.356,4.199888,67.6256,16.6752,339.9848,0.350336,6.55688,618.8688,2.11224
83.77,0.05593675,969.3495,4.199901,67.6262,16.6754,339.9446,0.350297,6.55751,618.8501,2.11198
83.78,0.0559595,969.343,4.199914,67.6268,16.6756,339.9044,0.350258,6.55814,618.8314,2.11172
83.79,0.05598225,969.3365,4.199927,67.6274,16.6758,339.8642,0.350219,6.55877,618.8127,2.11146
83.8,0.056005,969.33,4.19994,67.628,16.676,339.824,0.35018,6.5594,618.794,2.1112
83.81,0.05602775,969.3235,4.199953,67.6286,16.6762,339.7838,0.350141,6.56003,618.7753,2.11094
83.82,0.0560505,969.317,4.199966,67.6292,16.6764,339.7436,0.350102,6.56066,618.7566,2.11068
83.83,0.05607325,969.3105,4.199979,67.6298,16.6766,339.7034,0.350063,6.56129,618.7379,2.11042
83.84,0.056096,969.304,4.199992,67.6304,16.6768,339.6632,0.350024,6.56192,618.7192,2.11016
83.85,0.05611875,969.2975,4.200005,67.631,16.677,339.623,0.349985,6.56255,618.7005,2.1099
83.86,0.0561415,969.291,4.200018,67.6316,16.6772,339.5828,0.349946,6.56318,618.6818,2.10964
83.87,0.05616425,969.2845,4.200031,67.6322,16.6774,339.5426,0.349907,6.56381,618.6631,2.10938
83.88,0.056187,969.278,4.200044,67.6328,16.6776,339.5024,0.349868,6.56444,618.6444,2.10912
83.89,0.05620975,969.2715,4.200057,67.6334,16.6778,339.4622,0.349829,6.56507,618.6257,2.10886
83.9,0.0562325,969.265,4.20007,67.634,16.678,339.422,0.34979,6.5657,618.607,2.1086
83.91,0.05625525,969.2585,4.200083,67.6346,16.6782,339.3818,0.349751,6.56633,618.5883,2.10834
83.92,0.056278,969.252,4.200096,67.6352,16.6784,339.3416,0.349712,6.56696,618.5696,2.10808
83.93,0.05630075,969.2455,4.200109,67.6358,16.6786,339.3014,0.349673,6.56759,618.5509,2.10782
83.94,0.0563235,969.239,4.200122,67.6364,16.6788,339.2612,0.349634,6.56822,618.5322,2.10756
83.95,0.05634625,969.2325,4.200135,67.637,16.679,339.221,0.349595,6.56885,618.5135,2.1073
83.96,0.056369,969.226,4.200148,67.6376,16.6792,339.1808,0.349556,6.56948,618.4948,2.10704
83.97,0.05639175,969.2195,4.200161,67.6382,16.6794,339.1406,0.349517,6.57011,618.4761,2.10678
83.98,0.0564145,969.213,4.200174,67.6388,16.6796,339.1004,0.349478,6.57074,618.4574,2.10652
83.99,0.05643725,969.2065,4.200187,67.6394,16.6798,339.0602,0.349439,6.57137,618.4387,2.10626
84,0.05646,969.2,4.2002,67.64,16.68,339.02,0.3494,6.572,618.42,2.106
84.01,0.05648275,969.1935,4.200213,67.6406,16.6802,338.9798,0.349361,6.57263,618.4013,2.10574
84.02,0.0565055,969.187,4.200226,67.6412,16.6804,338.9396,0.349322,6.57326,618.3826,2.10548
84.03,0.05652825,969.1805,4.200239,67.6418,16.6806,338.8994,0.349283,6.57389,618.3639,2.10522
84.04,0.056551,969.174,4.200252,67.6424,16.6808,338.8592,0.349244,6.57452,618.3452,2.10496
84.05,0.05657375,969.1675,4.200265,67.643,16.681,338.819,0.349205,6.57515,618.3265,2.1047
84.06,0.0565965,969.161,4.200278,67.6436,16.6812,338.7788,0.349166,6.57578,618.3078,2.10444
84.07,0.05661925,969.1545,4.200291,67.6442,16.6814,338.7386,0.349127,6.57641,618.2891,2.10418
84.08,0.056642,969.148,4.200304,67.6448,16.6816,338.6984,0.349088,6.57704,618.2704,2.10392
84.09,0.05666475,969.1415,4.200317,67.6454,16.6818,338.6582,0.349049,6.57767,618.2517,2.10366
84.1,0.0566875,969.135,4.20033,67.646,16.682,338.618,0.34901,6.5783,618.233,2.1034
84.11,0.05671025,969.1285,4.200343,67.6466,16.6822,338.5778,0.348971,6.57893,618.2143,2.10314
84.12,0.056733,969.122,4.200356,67.6472,16.6824,338.5376,0.348932,6.57956,618.1956,2.10288
84.13,0.05675575,969.1155,4.200369,67.6478,16.6826,338.4974,0.348893,6.58019,618.1769,2.10262
84.14,0.0567785,969.109,4.200382,67.6484,16.6828,338.4572,0.348854,6.58082,618.1582,2.10236
84.15,0.05680125,969.1025,4.200395,67.649,16.683,338.417,0.348815,6.58145,618.1395,2.1021
84.16,0.056824,969.096,4.200408,67.6496,16.6832,338.3768,0.348776,6.58208,618.1208,2.10184
84.17,0.05684675,969.0895,4.200421,67.6502,16.6834,338.3366,0.348737,6.58271,618.1021,2.10158
84.18,0.0568695,969.083,4.200434,67.6508,16.6836,338.2964,0.348698,6.58334,618.0834,2.10132
84.19,0.05689225,969.0765,4.200447,67.6514,16.6838,338.2562,0.348659,6.58397,618.0647,2.10106
84.2,0.056915,969.07,4.20046,67.652,16.684,338.216,0.34862,6.5846,618.046,2.1008
84.21,0.05693775,969.0635,4.200473,67.6526,16.6842,338.1758,0.348581,6.58523,618.0273,2.10054
84.22,0.0569605,969.057,4.200486,67.6532,16.6844,338.1356,0.348542,6.58586,618.0086,2.10028
84.23,0.05698325,969.0505,4.200499,67.6538,16.6846,338.0954,0.348503,6.58649,617.9899,2.10002
84.24,0.057006,969.044,4.200512,67.6544,16.6848,338.0552,0.348464,6.58712,617.9712,2.09976
84.25,0.05702875,969.0375,4.200525,67.655,16.685,338.015,0.348425,6.58775,617.9525,2.0995
84.26,0.0570515,969.031,4.200538,67.6556,16.6852,337.9748,0.348386,6.58838,617.9338,2.09924
84.27,0.05707425,969.0245,4.200551,67.6562,16.6854,337.9346,0.348347,6.58901,617.9151,2.09898
84.28,0.057097,969.018,4.200564,67.6568,16.6856,337.8944,0.348308,6.58964,617.8964,2.09872
84.29,0.05711975,969.0115,4.200577,67.6574,16.6858,337.8542,0.348269,6.59027,617.8777,2.09846
84.3,0.0571425,969.005,4.20059,67.658,16.686,337.814,0.34823,6.5909,617.859,2.0982
84.31,0.05716525,968.9985,4.200603,67.6586,16.6862,337.7738,0.348191,6.59153,617.8403,2.09794
84.32,0.057188,968.992,4.200616,67.6592,16.6864,337.7336,0.348152,6.59216,617.8216,2.09768
84.33,0.05721075,968.9855,4.200629,67.6598,16.6866,337.6934,0.348113,6.59279,617.8029,2.09742
84.34,0.0572335,968.979,4.200642,67.6604,16.6868,337.6532,0.348074,6.59342,617.7842,2.09716
84.35,0.05725625,968.9725,4.200655,67.661,16.687,337.613,0.348035,6.59405,617.7655,2.0969
84.36,0.057279,968.966,4.200668,67.6616,16.6872,337.5728,0.347996,6.59468,617.7468,2.09664
84.37,0.05730175,968.9595,4.200681,67.6622,16.6874,337.5326,0.347957,6.59531,617.7281,2.09638
84.38,0.0573245,968.953,4.200694,67.6628,16.6876,337.4924,0.347918,6.59594,617.7094,2.09612
84.39,0.05734725,968.9465,4.200707,67.6634,16.6878,337.4522,0.347879,6.59657,617.6907,2.09586
84.4,0.05737,968.94,4.20072,67.664,16.688,337.412,0.34784,6.5972,617.672,2.0956
84.41,0.05739275,968.9335,4.200733,67.6646,16.6882,337.3718,0.347801,6.59783,617.6533,2.09534
84.42,0.0574155,968.927,4.200746,67.6652,16.6884,337.3316,0.347762,6.59846,617.6346,2.09508
84.43,0.05743825,968.9205,4.200759,67.6658,16.6886,337.2914,0.347723,6.59909,617.6159,2.09482
84.44,0.057461,968.914,4.200772,67.6664,16.6888,337.2512,0.347684,6.59972,617.5972,2.09456
84.45,0.05748375,968.9075,4.200785,67.667,16.689,337.211,0.347645,6.60035,617.5785,2.0943
84.46,0.0575065,968.901,4.200798,67.6676,16.6892,337.1708,0.347606,6.60098,617.5598,2.09404
84.47,0.05752925,968.8945,4.200811,67.6682,16.6894,337.1306,0.347567,6.60161,617.5411,2.09378
84.48,0.057552,968.888,4.200824,67.6688,16.6896,337.0904,0.347528,6.60224,617.5224,2.09352
84.49,0.05757475,968.8815,4.200837,67.6694,16.6898,337.0502,0.347489,6.60287,617.5037,2.09326
84.5,0.0575975,968.875,4.20085,67.67,16.69,337.01,0.34745,6.6035,617.485,2.093
84.51,0.05762025,968.8685,4.200863,67.6706,16.6902,336.9698,0.347411,6.60413,617.4663,2.09274
84.52,0.057643,968.862,4.200876,67.6712,16.6904,336.9296,0.347372,6.60476,617.4476,2.09248
84.53,0.05766575,968.8555,4.200889,67.6718,16.6906,336.8894,0.347333,6.60539,617.4289,2.09222
84.54,0.0576885,968.849,4.200902,67.6724,16.6908,336.8492,0.347294,6.60602,617.4102,2.09196
84.55,0.05771125,968.8425,4.200915,67.673,16.691,336.809,0.347255,6.60665,617.3915,2.0917
84.56,0.057734,968.836,4.200928,67.6736,16.6912,336.7688,0.347216,6.60728,617.3728,2.09144
84.57,0.05775675,968.8295,4.200941,67.6742,16.6914,336.7286,0.347177,6.60791,617.3541,2.09118
84.58,0.0577795,968.823,4.200954,67.6748,16.6916,336.6884,0.347138,6.60854,617.3354,2.09092
84.59,0.05780225,968.8165,4.200967,67.6754,16.6918,336.6482,0.347099,6.60917,617.3167,2.09066
84.6,0.057825,968.81,4.20098,67.676,16.692,336.608,0.34706,6.6098,617.298,2.0904
84.61,0.05784775,968.8035,4.200993,67.6766,16.6922,336.5678,0.347021,6.61043,617.2793,2.09014
84.62,0.0578705,968.797,4.201006,67.6772,16.6924,336.5276,0.346982,6.61106,617.2606,2.08988
84.63,0.05789325,968.7905,4.201019,67.6778,16.6926,336.4874,0.346943,6.61169,617.2419,2.08962
84.64,0.057916,968.784,4.201032,67.6784,16.6928,336.4472,0.346904,6.61232,617.2232,2.08936
84.65,0.05793875,968.7775,4.201045,67.679,16.693,336.407,0.346865,6.61295,617.2045,2.0891
84.66,0.0579615,968.771,4.201058,67.6796,16.6932,336.3668,0.346826,6.61358,617.1858,2.08884
84.67,0.05798425,968.7645,4.201071,67.6802,16.6934,336.3266,0.346787,6.61421,617.1671,2.08858
84.68,0.058007,968.758,4.201084,67.6808,16.6936,336.2864,0.346748,6.61484,617.1484,2.08832
84.69,0.05802975,968.7515,4.201097,67.6814,16.6938,336.2462,0.346709,6.61547,617.1297,2.08806
84.7,0.0580525,968.745,4.20111,67.682,16.694,336.206,0.34667,6.6161,617.111,2.0878
84.71,0.05807525,968.7385,4.201123,67.6826,16.6942,336.1658,0.346631,6.61673,617.0923,2.08754
84.72,0.058098,968.732,4.201136,67.6832,16.6944,336.1256,0.346592,6.61736,617.0736,2.08728
84.73,0.05812075,968.7255,4.201149,67.6838,16.6946,336.0854,0.346553,6.61799,617.0549,2.08702
84.74,0.0581435,968.719,4.201162,67.6844,16.6948,336.0452,0.346514,6.61862,617.0362,2.08676
84.75,0.05816625,968.7125,4.201175,67.685,16.695,336.005,0.346475,6.61925,617.0175,2.0865
84.76,0.058189,968.706,4.201188,67.6856,16.6952,335.9648,0.346436,6.61988,616.9988,2.08624
84.77,0.05821175,968.6995,4.201201,67.6862,16.6954,335.9246,0.346397,6.62051,616.9801,2.08598
84.78,0.0582345,968.693,4.201214,67.6868,16.6956,335.8844,0.346358,6.62114,616.9614,2.08572
84.79,0.05825725,968.6865,4.201227,67.6874,16.6958,335.8442,0.346319,6.62177,616.9427,2.08546
84.8,0.05828,968.68,4.20124,67.688,16.696,335.804,0.34628,6.6224,616.924,2.0852
84.81,0.05830275,968.6735,4.201253,67.6886,16.6962,335.7638,0.346241,6.62303,616.9053,2.08494
84.82,0.0583255,968.667,4.201266,67.6892,16.6964,335.7236,0.346202,6.62366,616.8866,2.08468
84.83,0.05834825,968.6605,4.201279,67.6898,16.6966,335.6834,0.346163,6.62429,616.8679,2.08442
84.84,0.058371,968.654,4.201292,67.6904,16.6968,335.6432,0.346124,6.62492,616.8492,2.08416
84.85,0.05839375,968.6475,4.201305,67.691,16.697,335.603,0.346085,6.62555,616.8305,2.0839
84.86,0.0584165,968.641,4.201318,67.6916,16.6972,335.5628,0.346046,6.62618,616.8118,2.08364
84.87,0.05843925,968.6345,4.201331,67.6922,16.6974,335.5226,0.346007,6.62681,616.7931,2.08338
84.88,0.058462,968.628,4.201344,67.6928,16.6976,335.4824,0.345968,6.62744,616.7744,2.08312
84.89,0.05848475,968.6215,4.201357,67.6934,16.6978,335.4422,0.345929,6.62807,616.7557,2.08286
84.9,0.0585075,968.615,4.20137,67.694,16.698,335.402,0.34589,6.6287,616.737,2.0826
84.91,0.05853025,968.6085,4.201383,67.6946,16.6982,335.3618,0.345851,6.62933,616.7183,2.08234
84.92,0.058553,968.602,4.201396,67.6952,16.6984,335.3216,0.345812,6.62996,616.6996,2.08208
84.93,0.05857575,968.5955,4.201409,67.6958,16.6986,335.2814,0.345773,6.63059,616.6809,2.08182
84.94,0.0585985,968.589,4.201422,67.6964,16.6988,335.2412,0.345734,6.63122,616.6622,2.08156
84.95,0.05862125,968.5825,4.201435,67.697,16.699,335.201,0.345695,6.63185,616.6435,2.0813
84.96,0.058644,968.576,4.201448,67.6976,16.6992,335.1608,0.345656,6.63248,616.6248,2.08104
84.97,0.05866675,968.5695,4.201461,67.6982,16.6994,335.1206,0.345617,6.63311,616.6061,2.08078
84.98,0.0586895,968.563,4.201474,67.6988,16.6996,335.0804,0.345578,6.63374,616.5874,2.08052
84.99,0.05871225,968.5565,4.201487,67.6994,16.6998,335.0402,0.345539,6.63437,616.5687,2.08026
85,0.058735,968.55,4.2015,67.7,16.7,335,0.3455,6.635,616.55,2.08
85.01,0.05875775,968.5435,4.201513,67.7006,16.7002,334.9598,0.345461,6.63563,616.5313,2.07974
85.02,0.0587805,968.537,4.201526,67.7012,16.7004,334.9196,0.345422,6.63626,616.5126,2.07948
85.03,0.05880325,968.5305,4.201539,67.7018,16.7006,334.8794,0.345383,6.63689,616.4939,2.07922
85.04,0.058826,968.524,4.201552,67.7024,16.7008,334.8392,0.345344,6.63752,616.4752,2.07896
85.05,0.05884875,968.5175,4.201565,67.703,16.701,334.799,0.345305,6.63815,616.4565,2.0787
85.06,0.0588715,968.511,4.201578,67.7036,16.7012,334.7588,0.345266,6.63878,616.4378,2.07844
85.07,0.05889425,968.5045,4.201591,67.7042,16.7014,334.7186,0.345227,6.63941,616.4191,2.07818
85.08,0.058917,968.498,4.201604,67.7048,16.7016,334.6784,0.345188,6.64004,616.4004,2.07792
85.09,0.05893975,968.4915,4.201617,67.7054,16.7018,334.6382,0.345149,6.64067,616.3817,2.07766
85.1,0.0589625,968.485,4.20163,67.706,16.702,334.598,0.34511,6.6413,616.363,2.0774
85.11,0.05898525,968.4785,4.201643,67.7066,16.7022,334.5578,0.345071,6.64193,616.3443,2.07714
85.12,0.059008,968.472,4.201656,67.7072,16.7024,334.5176,0.345032,6.64256,616.3256,2.07688
85.13,0.05903075,968.4655,4.201669,67.7078,16.7026,334.4774,0.344993,6.64319,616.3069,2.07662
85.14,0.0590535,968.459,4.201682,67.7084,16.7028,334.4372,0.344954,6.64382,616.2882,2.07636
85.15,0.05907625,968.4525,4.201695,67.709,16.703,334.397,0.344915,6.64445,616.2695,2.0761
85.16,0.059099,968.446,4.201708,67.7096,16.7032,334.3568,0.344876,6.64508,616.2508,2.07584
85.17,0.05912175,968.4395,4.201721,67.7102,16.7034,334.3166,0.344837,6.64571,616.2321,2.07558
85.18,0.0591445,968.433,4.201734,67.7108,16.7036,334.2764,0.344798,6.64634,616.2134,2.07532
85.19,0.05916725,968.4265,4.201747,67.7114,16.7038,334.2362,0.344759,6.64697,616.1947,2.07506
85.2,0.05919,968.42,4.20176,67.712,16.704,334.196,0.34472,6.6476,616.176,2.0748
85.21,0.05921275,968.4135,4.201773,67.7126,16.7042,334.1558,0.344681,6.64823,616.1573,2.07454
85.22,0.0592355,968.407,4.201786,67.7132,16.7044,334.1156,0.344642,6.64886,616.1386,2.07428
85.23,0.05925825,968.4005,4.201799,67.7138,16.7046,334.0754,0.344603,6.64949,616.1199,2.07402
85.24,0.059281,968.394,4.201812,67.7144,16.7048,334.0352,0.344564,6.65012,616.1012,2.07376
85.25,0.05930375,968.3875,4.201825,67.715,16.705,333.995,0.344525,6.65075,616.0825,2.0735
85.26,0.0593265,968.381,4.201838,67.7156,16.7052,333.9548,0.344486,6.65138,616.0638,2.07324
85.27,0.05934925,968.3745,4.201851,67.7162,16.7054,333.9146,0.344447,6.65201,616.0451,2.07298
85.28,0.059372,968.368,4.201864,67.7168,16.7056,333.8744,0.344408,6.65264,616.0264,2.07272
85.29,0.05939475,968.3615,4.201877,67.7174,16.7058,333.8342,0.344369,6.65327,616.0077,2.07246
85.3,0.0594175,968.355,4.20189,67.718,16.706,333.794,0.34433,6.6539,615.989,2.0722
85.31,0.05944025,968.3485,4.201903,67.7186,16.7062,333.7538,0.344291,6.65453,615.9703,2.07194
85.32,0.059463,968.342,4.201916,67.7192,16.7064,333.7136,0.344252,6.65516,615.9516,2.07168
85.33,0.05948575,968.3355,4.201929,67.7198,16.7066,333.6734,0.344213,6.65579,615.9329,2.07142
85.34,0.0595085,968.329,4.201942,67.7204,16.7068,333.6332,0.344174,6.65642,615.9142,2.07116
85.35,0.05953125,968.3225,4.201955,67.721,16.707,333.593,0.344135,6.65705,615.8955,2.0709
85.36,0.059554,968.316,4.201968,67.7216,16.7072,333.5528,0.344096,6.65768,615.8768,2.07064
85.37,0.05957675,968.3095,4.201981,67.7222,16.7074,333.5126,0.344057,6.65831,615.8581,2.07038
85.38,0.0595995,968.303,4.201994,67.7228,16.7076,333.4724,0.344018,6.65894,615.8394,2.07012
85.39,0.05962225,968.2965,4.202007,67.7234,16.7078,333.4322,0.343979,6.65957,615.8207,2.06986
85.4,0.059645,968.29,4.20202,67.724,16.708,333.392,0.34394,6.6602,615.802,2.0696
85.41,0.05966775,968.2835,4.202033,67.7246,16.7082,333.3518,0.343901,6.66083,615.7833,2.06934
85.42,0.0596905,968.277,4.202046,67.7252,16.7084,333.3116,0.343862,6.66146,615.7646,2.06908
85.43,0.05971325,968.2705,4.202059,67.7258,16.7086,333.2714,0.343823,6.66209,615.7459,2.06882
85.44,0.059736,968.264,4.202072,67.7264,16.7088,333.2312,0.343784,6.66272,615.7272,2.06856
85.45,0.05975875,968.2575,4.202085,67.727,16.709,333.191,0.343745,6.66335,615.7085,2.0683
85.46,0.0597815,968.251,4.202098,67.7276,16.7092,333.1508,0.343706,6.66398,615.6898,2.06804
85.47,0.05980425,968.2445,4.202111,67.7282,16.7094,333.1106,0.343667,6.66461,615.6711,2.06778
85.48,0.059827,968.238,4.202124,67.7288,16.7096,333.0704,0.343628,6.66524,615.6524,2.06752
85.49,0.05984975,968.2315,4.202137,67.7294,16.7098,333.0302,0.343589,6.66587,615.6337,2.06726
85.5,0.0598725,968.225,4.20215,67.73,16.71,332.99,0.34355,6.6665,615.615,2.067
85.51,0.05989525,968.2185,4.202163,67.7306,16.7102,332.9498,0.343511,6.66713,615.5963,2.06674
85.52,0.059918,968.212,4.202176,67.7312,16.7104,332.9096,0.343472,6.66776,615.5776,2.06648
85.53,0.05994075,968.2055,4.202189,67.7318,16.7106,332.8694,0.343433,6.66839,615.5589,2.06622
85.54,0.0599635,968.199,4.202202,67.7324,16.7108,332.8292,0.343394,6.66902,615.5402,2.06596
85.55,0.05998625,968.1925,4.202215,67.733,16.711,332.789,0.343355,6.66965,615.5215,2.0657
85.56,0.060009,968.186,4.202228,67.7336,16.7112,332.7488,0.343316,6.67028,615.5028,2.06544
85.57,0.06003175,968.1795,4.202241,67.7342,16.7114,332.7086,0.343277,6.67091,615.4841,2.06518
85.58,0.0600545,968.173,4.202254,67.7348,16.7116,332.6684,0.343238,6.67154,615.4654,2.06492
85.59,0.06007725,968.1665,4.202267,67.7354,16.7118,332.6282,0.343199,6.67217,615.4467,2.06466
85.6,0.0601,968.16,4.20228,67.736,16.712,332.588,0.34316,6.6728,615.428,2.0644
85.61,0.06012275,968.1535,4.202293,67.7366,16.7122,332.5478,0.343121,6.67343,615.4093,2.06414
85.62,0.0601455,968.147,4.202306,67.7372,16.7124,332.5076,0.343082,6.67406,615.3906,2.06388
85.63,0.06016825,968.1405,4.202319,67.7378,16.7126,332.4674,0.343043,6.67469,615.3719,2.06362
85.64,0.060191,968.134,4.202332,67.7384,16.7128,332.4272,0.343004,6.67532,615.3532,2.06336
85.65,0.06021375,968.1275,4.202345,67.739,16.713,332.387,0.342965,6.67595,615.3345,2.0631
85.66,0.0602365,968.121,4.202358,67.7396,16.7132,332.3468,0.342926,6.67658,615.3158,2.06284
85.67,0.06025925,968.1145,4.202371,67.7402,16.7134,332.3066,0.342887,6.67721,615.2971,2.06258
85.68,0.060282,968.108,4.202384,67.7408,16.7136,332.2664,0.342848,6.67784,615.2784,2.06232
85.69,0.06030475,968.1015,4.202397,67.7414,16.7138,332.2262,0.342809,6.67847,615.2597,2.06206
85.7,0.0603275,968.095,4.20241,67.742,16.714,332.186,0.34277,6.6791,615.241,2.0618
85.71,0.06035025,968.0885,4.202423,67.7426,16.7142,332.1458,0.342731,6.67973,615.2223,2.06154
85.72,0.060373,968.082,4.202436,67.7432,16.7144,332.1056,0.342692,6.68036,615.2036,2.06128
85.73,0.06039575,968.0755,4.202449,67.7438,16.7146,332.0654,0.342653,6.68099,615.1849,2.06102
85.74,0.0604185,968.069,4.202462,67.7444,16.7148,332.0252,0.342614,6.68162,615.1662,2.06076
85.75,0.06044125,968.0625,4.202475,67.745,16.715,331.985,0.342575,6.68225,615.1475,2.0605
85.76,0.060464,968.056,4.202488,67.7456,16.7152,331.9448,0.342536,6.68288,615.1288,2.06024
85.77,0.06048675,968.0495,4.202501,67.7462,16.7154,331.9046,0.342497,6.68351,615.1101,2.05998
85.78,0.0605095,968.043,4.202514,67.7468,16.7156,331.8644,0.342458,6.68414,615.0914,2.05972
85.79,0.06053225,968.0365,4.202527,67.7474,16.7158,331.8242,0.342419,6.68477,615.0727,2.05946
85.8,0.060555,968.03,4.20254,67.748,16.716,331.784,0.34238,6.6854,615.054,2.0592
85.81,0.06057775,968.0235,4.202553,67.7486,16.7162,331.7438,0.342341,6.68603,615.0353,2.05894
85.82,0.0606005,968.017,4.202566,67.7492,16.7164,331.7036,0.342302,6.68666,615.0166,2.05868
85.83,0.06062325,968.0105,4.202579,67.7498,16.7166,331.6634,0.342263,6.68729,614.9979,2.05842
85.84,0.060646,968.004,4.202592,67.7504,16.7168,331.6232,0.342224,6.68792,614.9792,2.05816
85.85,0.06066875,967.9975,4.202605,67.751,16.717,331.583,0.342185,6.68855,614.9605,2.0579
85.86,0.0606915,967.991,4.202618,67.7516,16.7172,331.5428,0.342146,6.68918,614.9418,2.05764
85.87,0.06071425,967.9845,4.202631,67.7522,16.7174,331.5026,0.342107,6.68981,614.9231,2.05738
85.88,0.060737,967.978,4.202644,67.7528,16.7176,331.4624,0.342068,6.69044,614.9044,2.05712
85.89,0.06075975,967.9715,4.202657,67.7534,16.7178,331.4222,0.342029,6.69107,614.8857,2.05686
85.9,0.0607825,967.965,4.20267,67.754,16.718,331.382,0.34199,6.6917,614.867,2.0566
85.91,0.06080525,967.9585,4.202683,67.7546,16.7182,331.3418,0.341951,6.69233,614.8483,2.05634
85.92,0.060828,967.952,4.202696,67.7552,16.7184,331.3016,0.341912,6.69296,614.8296,2.05608
85.93,0.06085075,967.9455,4.202709,67.7558,16.7186,331.2614,0.341873,6.69359,614.8109,2.05582
85.94,0.0608735,967.939,4.202722,67.7564,16.7188,331.2212,0.341834,6.69422,614.7922,2.05556
85.95,0.06089625,967.9325,4.202735,67.757,16.719,331.181,0.341795,6.69485,614.7735,2.0553
85.96,0.060919,967.926,4.202748,67.7576,16.7192,331.1408,0.341756,6.69548,614.7548,2.05504
85.97,0.06094175,967.9195,4.202761,67.7582,16.7194,331.1006,0.341717,6.69611,614.7361,2.05478
85.98,0.0609645,967.913,4.202774,67.7588,16.7196,331.0604,0.341678,6.69674,614.7174,2.05452
85.99,0.06098725,967.9065,4.202787,67.7594,16.7198,331.0202,0.341639,6.69737,614.6987,2.05426
86,0.06101,967.9,4.2028,67.76,16.72,330.98,0.3416,6.698,614.68,2.054
86.01,0.06103275,967.8935,4.202813,67.7606,16.7202,330.9398,0.341561,6.69863,614.6613,2.05374
86.02,0.0610555,967.887,4.202826,67.7612,16.7204,330.8996,0.341522,6.69926,614.6426,2.05348
86.03,0.06107825,967.8805,4.202839,67.7618,16.7206,330.8594,0.341483,6.69989,614.6239,2.05322
86.04,0.061101,967.874,4.202852,67.7624,16.7208,330.8192,0.341444,6.70052,614.6052,2.05296
86.05,0.06112375,967.8675,4.202865,67.763,16.721,330.779,0.341405,6.70115,614.5865,2.0527
86.06,0.0611465,967.861,4.202878,67.7636,16.7212,330.7388,0.341366,6.70178,614.5678,2.05244
86.07,0.06116925,967.8545,4.202891,67.7642,16.7214,330.6986,0.341327,6.70241,614.5491,2.05218
86.08,0.061192,967.848,4.202904,67.7648,16.7216,330.6584,0.341288,6.70304,614.5304,2.05192
86.09,0.06121475,967.8415,4.202917,67.7654,16.7218,330.6182,0.341249,6.70367,614.5117,2.05166
86.1,0.0612375,967.835,4.20293,67.766,16.722,330.578,0.34121,6.7043,614.493,2.0514
86.11,0.06126025,967.8285,4.202943,67.7666,16.7222,330.5378,0.341171,6.70493,614.4743,2.05114
86.12,0.061283,967.822,4.202956,67.7672,16.7224,330.4976,0.341132,6.70556,614.4556,2.05088
86.13,0.06130575,967.8155,4.202969,67.7678,16.7226,330.4574,0.341093,6.70619,614.4369,2.05062
86.14,0.0613285,967.809,4.202982,67.7684,16.7228,330.4172,0.341054,6.70682,614.4182,2.05036
86.15,0.06135125,967.8025,4.202995,67.769,16.723,330.377,0.341015,6.70745,614.3995,2.0501
86.16,0.061374,967.796,4.203008,67.7696,16.7232,330.3368,0.340976,6.70808,614.3808,2.04984
86.17,0.06139675,967.7895,4.203021,67.7702,16.7234,330.2966,0.340937,6.70871,614.3621,2.04958
86.18,0.0614195,967.783,4.203034,67.7708,16.7236,330.2564,0.340898,6.70934,614.3434,2.04932
86.19,0.06144225,967.7765,4.203047,67.7714,16.7238,330.2162,0.340859,6.70997,614.3247,2.04906
86.2,0.061465,967.77,4.20306,67.772,16.724,330.176,0.34082,6.7106,614.306,2.0488
86.21,0.06148775,967.7635,4.203073,67.7726,16.7242,330.1358,0.340781,6.71123,614.2873,2.04854
86.22,0.0615105,967.757,4.203086,67.7732,16.7244,330.0956,0.340742,6.71186,614.2686,2.04828
86.23,0.06153325,967.7505,4.203099,67.7738,16.7246,330.0554,0.340703,6.71249,614.2499,2.04802
86.24,0.061556,967.744,4.203112,67.7744,16.7248,330.0152,0.340664,6.71312,614.2312,2.04776
86.25,0.06157875,967.7375,4.203125,67.775,16.725,329.975,0.340625,6.71375,614.2125,2.0475
86.26,0.0616015,967.731,4.203138,67.7756,16.7252,329.9348,0.340586,6.71438,614.1938,2.04724
86.27,0.06162425,967.7245,4.203151,67.7762,16.7254,329.8946,0.340547,6.71501,614.1751,2.04698
86.28,0.061647,967.718,4.203164,67.7768,16.7256,329.8544,0.340508,6.71564,614.1564,2.04672
86.29,0.06166975,967.7115,4.203177,67.7774,16.7258,329.8142,0.340469,6.71627,614.1377,2.04646
86.3,0.0616925,967.705,4.20319,67.778,16.726,329.774,0.34043,6.7169,614.119,2.0462
86.31,0.06171525,967.6985,4.203203,67.7786,16.7262,329.7338,0.340391,6.71753,614.1003,2.04594
86.32,0.061738,967.692,4.203216,67.7792,16.7264,329.6936,0.340352,6.71816,614.0816,2.04568
86.33,0.06176075,967.6855,4.203229,67.7798,16.7266,329.6534,0.340313,6.71879,614.0629,2.04542
86.34,0.0617835,967.679,4.203242,67.7804,16.7268,329.6132,0.340274,6.71942,614.0442,2.04516
86.35,0.06180625,967.6725,4.203255,67.781,16.727,329.573,0.340235,6.72005,614.0255,2.0449
86.36,0.061829,967.666,4.203268,67.7816,16.7272,329.5328,0.340196,6.72068,614.0068,2.04464
86.37,0.06185175,967.6595,4.203281,67.7822,16.7274,329.4926,0.340157,6.72131,613.9881,2.04438
86.38,0.0618745,967.653,4.203294,67.7828,16.7276,329.4524,0.340118,6.72194,613.9694,2.04412
86.39,0.06189725,967.6465,4.203307,67.7834,16.7278,329.4122,0.340079,6.72257,613.9507,2.04386
86.4,0.06192,967.64,4.20332,67.784,16.728,329.372,0.34004,6.7232,613.932,2.0436
86.41,0.06194275,967.6335,4.203333,67.7846,16.7282,329.3318,0.340001,6.72383,613.9133,2.04334
86.42,0.0619655,967.627,4.203346,67.7852,16.7284,329.2916,0.339962,6.72446,613.8946,2.04308
86.43,0.06198825,967.6205,4.203359,67.7858,16.7286,329.2514,0.339923,6.72509,613.8759,2.04282
86.44,0.062011,967.614,4.203372,67.7864,16.7288,329.2112,0.339884,6.72572,613.8572,2.04256
86.45,0.06203375,967.6075,4.203385,67.787,16.729,329.171,0.339845,6.72635,613.8385,2.0423
86.46,0.0620565,967.601,4.203398,67.7876,16.7292,329.1308,0.339806,6.72698,613.8198,2.04204
86.47,0.06207925,967.5945,4.203411,67.7882,16.7294,329.0906,0.339767,6.72761,613.8011,2.04178
86.48,0.062102,967.588,4.203424,67.7888,16.7296,329.0504,0.339728,6.72824,613.7824,2.04152
86.49,0.06212475,967.5815,4.203437,67.7894,16.7298,329.0102,0.339689,6.72887,613.7637,2.04126
86.5,0.0621475,967.575,4.20345,67.79,16.73,328.97,0.33965,6.7295,613.745,2.041
86.51,0.06217025,967.5685,4.203463,67.7906,16.7302,328.9298,0.339611,6.73013,613.7263,2.04074
86.52,0.062193,967.562,4.203476,67.7912,16.7304,328.8896,0.339572,6.73076,613.7076,2.04048
86.53,0.06221575,967.5555,4.203489,67.7918,16.7306,328.8494,0.339533,6.73139,613.6889,2.04022
86.54,0.0622385,967.549,4.203502,67.7924,16.7308,328.8092,0.339494,6.73202,613.6702,2.03996
86.55,0.06226125,967.5425,4.203515,67.793,16.731,328.769,0.339455,6.73265,613.6515,2.0397
86.56,0.062284,967.536,4.203528,67.7936,16.7312,328.7288,0.339416,6.73328,613.6328,2.03944
86.57,0.06230675,967.5295,4.203541,67.7942,16.7314,328.6886,0.339377,6.73391,613.6141,2.03918
86.58,0.0623295,967.523,4.203554,67.7948,16.7316,328.6484,0.339338,6.73454,613.5954,2.03892
86.59,0.06235225,967.5165,4.203567,67.7954,16.7318,328.6082,0.339299,6.73517,613.5767,2.03866
86.6,0.062375,967.51,4.20358,67.796,16.732,328.568,0.33926,6.7358,613.558,2.0384
86.61,0.06239775,967.5035,4.203593,67.7966,16.7322,328.5278,0.339221,6.73643,613.5393,2.03814
86.62,0.0624205,967.497,4.203606,67.7972,16.7324,328.4876,0.339182,6.73706,613.5206,2.03788
86.63,0.06244325,967.4905,4.203619,67.7978,16.7326,328.4474,0.339143,6.73769,613.5019,2.03762
86.64,0.062466,967.484,4.203632,67.7984,16.7328,328.4072,0.339104,6.73832,613.4832,2.03736
86.65,0.06248875,967.4775,4.203645,67.799,16.733,328.367,0.339065,6.73895,613.4645,2.0371
86.66,0.0625115,967.471,4.203658,67.7996,16.7332,328.3268,0.339026,6.73958,613.4458,2.03684
86.67,0.06253425,967.4645,4.203671,67.8002,16.7334,328.2866,0.338987,6.74021,613.4271,2.03658
86.68,0.062557,967.458,4.203684,67.8008,16.7336,328.2464,0.338948,6.74084,613.4084,2.03632
86.69,0.06257975,967.4515,4.203697,67.8014,16.7338,328.2062,0.338909,6.74147,613.3897,2.03606
86.7,0.0626025,967.445,4.20371,67.802,16.734,328.166,0.33887,6.7421,613.371,2.0358
86.71,0.06262525,967.4385,4.203723,67.8026,16.7342,328.1258,0.338831,6.74273,613.3523,2.03554
86.72,0.062648,967.432,4.203736,67.8032,16.7344,328.0856,0.338792,6.74336,613.3336,2.03528
86.73,0.06267075,967.4255,4.203749,67.8038,16.7346,328.0454,0.338753,6.74399,613.3149,2.03502
86.74,0.0626935,967.419,4.203762,67.8044,16.7348,328.0052,0.338714,6.74462,613.2962,2.03476
86.75,0.06271625,967.4125,4.203775,67.805,16.735,327.965,0.338675,6.74525,613.2775,2.0345
86.76,0.062739,967.406,4.203788,67.8056,16.7352,327.9248,0.338636,6.74588,613.2588,2.03424
86.77,0.06276175,967.3995,4.203801,67.8062,16.7354,327.8846,0.338597,6.74651,613.2401,2.03398
86.78,0.0627845,967.393,4.203814,67.8068,16.7356,327.8444,0.338558,6.74714,613.2214,2.03372
86.79,0.06280725,967.3865,4.203827,67.8074,16.7358,327.8042,0.338519,6.74777,613.2027,2.03346
86.8,0.06283,967.38,4.20384,67.808,16.736,327.764,0.33848,6.7484,613.184,2.0332
86.81,0.06285275,967.3735,4.203853,67.8086,16.7362,327.7238,0.338441,6.74903,613.1653,2.03294
86.82,0.0628755,967.367,4.203866,67.8092,16.7364,327.6836,0.338402,6.74966,613.1466,2.03268
86.83,0.06289825,967.3605,4.203879,67.8098,16.7366,327.6434,0.338363,6.75029,613.1279,2.03242
86.84,0.062921,967.354,4.203892,67.8104,16.7368,327.6032,0.338324,6.75092,613.1092,2.03216
86.85,0.06294375,967.3475,4.203905,67.811,16.737,327.563,0.338285,6.75155,613.0905,2.0319
86.86,0.0629665,967.341,4.203918,67.8116,16.7372,327.5228,0.338246,6.75218,613.0718,2.03164
86.87,0.06298925,967.3345,4.203931,67.8122,16.7374,327.4826,0.338207,6.75281,613.0531,2.03138
86.88,0.063012,967.328,4.203944,67.8128,16.7376,327.4424,0.338168,6.75344,613.0344,2.03112
86.89,0.06303475,967.3215,4.203957,67.8134,16.7378,327.4022,0.338129,6.75407,613.0157,2.03086
86.9,0.0630575,967.315,4.20397,67.814,16.738,327.362,0.33809,6.7547,612.997,2.0306
86.91,0.06308025,967.3085,4.203983,67.8146,16.7382,327.3218,0.338051,6.75533,612.9783,2.03034
86.92,0.063103,967.302,4.203996,67.8152,16.7384,327.2816,0.338012,6.75596,612.9596,2.03008
86.93,0.06312575,967.2955,4.204009,67.8158,16.7386,327.2414,0.337973,6.75659,612.9409,2.02982
86.94,0.0631485,967.289,4.204022,67.8164,16.7388,327.2012,0.337934,6.75722,612.9222,2.02956
86.95,0.06317125,967.2825,4.204035,67.817,16.739,327.161,0.337895,6.75785,612.9035,2.0293
86.96,0.063194,967.276,4.204048,67.8176,16.7392,327.1208,0.337856,6.75848,612.8848,2.02904
86.97,0.06321675,967.2695,4.204061,67.8182,16.7394,327.0806,0.337817,6.75911,612.8661,2.02878
86.98,0.0632395,967.263,4.204074,67.8188,16.7396,327.0404,0.337778,6.75974,612.8474,2.02852
86.99,0.06326225,967.2565,4.204087,67.8194,16.7398,327.0002,0.337739,6.76037,612.8287,2.02826
87,0.063285,967.25,4.2041,67.82,16.74,326.96,0.3377,6.761,612.81,2.028
87.01,0.06330775,967.2435,4.204113,67.8206,16.7402,326.9198,0.337661,6.76163,612.7913,2.02774
87.02,0.0633305,967.237,4.204126,67.8212,16.7404,326.8796,0.337622,6.76226,612.7726,2.02748
87.03,0.06335325,967.2305,4.204139,67.8218,16.7406,326.8394,0.337583,6.76289,612.7539,2.02722
87.04,0.063376,967.224,4.204152,67.8224,16.7408,326.7992,0.337544,6.76352,612.7352,2.02696
87.05,0.06339875,967.2175,4.204165,67.823,16.741,326.759,0.337505,6.76415,612.7165,2.0267
87.06,0.0634215,967.211,4.204178,67.8236,16.7412,326.7188,0.337466,6.76478,612.6978,2.02644
87.07,0.06344425,967.2045,4.204191,67.8242,16.7414,326.6786,0.337427,6.76541,612.6791,2.02618
87.08,0.063467,967.198,4.204204,67.8248,16.7416,326.6384,0.337388,6.76604,612.6604,2.02592
87.09,0.06348975,967.1915,4.204217,67.8254,16.7418,326.5982,0.337349,6.76667,612.6417,2.02566
87.1,0.0635125,967.185,4.20423,67.826,16.742,326.558,0.33731,6.7673,612.623,2.0254
87.11,0.06353525,967.1785,4.204243,67.8266,16.7422,326.5178,0.337271,6.76793,612.6043,2.02514
87.12,0.063558,967.172,4.204256,67.8272,16.7424,326.4776,0.337232,6.76856,612.5856,2.02488
87.13,0.06358075,967.1655,4.204269,67.8278,16.7426,326.4374,0.337193,6.76919,612.5669,2.02462
87.14,0.0636035,967.159,4.204282,67.8284,16.7428,326.3972,0.337154,6.76982,612.5482,2.02436
87.15,0.06362625,967.1525,4.204295,67.829,16.743,326.357,0.337115,6.77045,612.5295,2.0241
87.16,0.063649,967.146,4.204308,67.8296,16.7432,326.3168,0.337076,6.77108,612.5108,2.02384
87.17,0.06367175,967.1395,4.204321,67.8302,16.7434,326.2766,0.337037,6.77171,612.4921,2.02358
87.18,0.0636945,967.133,4.204334,67.8308,16.7436,326.2364,0.336998,6.77234,612.4734,2.02332
87.19,0.06371725,967.1265,4.204347,67.8314,16.7438,326.1962,0.336959,6.77297,612.4547,2.02306
87.2,0.06374,967.12,4.20436,67.832,16.744,326.156,0.33692,6.7736,612.436,2.0228
87.21,0.06376275,967.1135,4.204373,67.8326,16.7442,326.1158,0.336881,6.77423,612.4173,2.02254
87.22,0.0637855,967.107,4.204386,67.8332,16.7444,326.0756,0.336842,6.77486,612.3986,2.02228
87.23,0.06380825,967.1005,4.204399,67.8338,16.7446,326.0354,0.336803,6.77549,612.3799,2.02202
87.24,0.063831,967.094,4.204412,67.8344,16.7448,325.9952,0.336764,6.77612,612.3612,2.02176
87.25,0.06385375,967.0875,4.204425,67.835,16.745,325.955,0.336725,6.77675,612.3425,2.0215
87.26,0.0638765,967.081,4.204438,67.8356,16.7452,325.9148,0.336686,6.77738,612.3238,2.02124
87.27,0.06389925,967.0745,4.204451,67.8362,16.7454,325.8746,0.336647,6.77801,612.3051,2.02098
87.28,0.063922,967.068,4.204464,67.8368,16.7456,325.8344,0.336608,6.77864,612.2864,2.02072
87.29,0.06394475,967.0615,4.204477,67.8374,16.7458,325.7942,0.336569,6.77927,612.2677,2.02046
87.3,0.0639675,967.055,4.20449,67.838,16.746,325.754,0.33653,6.7799,612.249,2.0202
87.31,0.06399025,967.0485,4.204503,67.8386,16.7462,325.7138,0.336491,6.78053,612.2303,2.01994
87.32,0.064013,967.042,4.204516,67.8392,16.7464,325.6736,0.336452,6.78116,612.2116,2.01968
87.33,0.06403575,967.0355,4.204529,67.8398,16.7466,325.6334,0.336413,6.78179,612.1929,2.01942
87.34,0.0640585,967.029,4.204542,67.8404,16.7468,325.5932,0.336374,6.78242,612.1742,2.01916
87.35,0.06408125,967.0225,4.204555,67.841,16.747,325.553,0.336335,6.78305,612.1555,2.0189
87.36,0.064104,967.016,4.204568,67.8416,16.7472,325.5128,0.336296,6.78368,612.1368,2.01864
87.37,0.06412675,967.0095,4.204581,67.8422,16.7474,325.4726,0.336257,6.78431,612.1181,2.01838
87.38,0.0641495,967.003,4.204594,67.8428,16.7476,325.4324,0.336218,6.78494,612.0994,2.01812
87.39,0.06417225,966.9965,4.204607,67.8434,16.7478,325.3922,0.336179,6.78557,612.0807,2.01786
87.4,0.064195,966.99,4.20462,67.844,16.748,325.352,0.33614,6.7862,612.062,2.0176
87.41,0.06421775,966.9835,4.204633,67.8446,16.7482,325.3118,0.336101,6.78683,612.0433,2.01734
87.42,0.0642405,966.977,4.204646,67.8452,16.7484,325.2716,0.336062,6.78746,612.0246,2.01708
87.43,0.06426325,966.9705,4.204659,67.8458,16.7486,325.2314,0.336023,6.78809,612.0059,2.01682
87.44,0.064286,966.964,4.204672,67.8464,16.7488,325.1912,0.335984,6.78872,611.9872,2.01656
87.45,0.06430875,966.9575,4.204685,67.847,16.749,325.151,0.335945,6.78935,611.9685,2.0163
87.46,0.0643315,966.951,4.204698,67.8476,16.7492,325.1108,0.335906,6.78998,611.9498,2.01604
87.47,0.06435425,966.9445,4.204711,67.8482,16.7494,325.0706,0.335867,6.79061,611.9311,2.01578
87.48,0.064377,966.938,4.204724,67.8488,16.7496,325.0304,0.335828,6.79124,611.9124,2.01552
87.49,0.06439975,966.9315,4.204737,67.8494,16.7498,324.9902,0.335789,6.79187,611.8937,2.01526
87.5,0.0644225,966.925,4.20475,67.85,16.75,324.95,0.33575,6.7925,611.875,2.015
87.51,0.06444525,966.9185,4.204763,67.8506,16.7502,324.9098,0.335711,6.79313,611.8563,2.01474
87.52,0.064468,966.912,4.204776,67.8512,16.7504,324.8696,0.335672,6.79376,611.8376,2.01448
87.53,0.06449075,966.9055,4.204789,67.8518,16.7506,324.8294,0.335633,6.79439,611.8189,2.01422
87.54,0.0645135,966.899,4.204802,67.8524,16.7508,324.7892,0.335594,6.79502,611.8002,2.01396
87.55,0.06453625,966.8925,4.204815,67.853,16.751,324.749,0.335555,6.79565,611.7815,2.0137
87.56,0.064559,966.886,4.204828,67.8536,16.7512,324.7088,0.335516,6.79628,611.7628,2.01344
87.57,0.06458175,966.8795,4.204841,67.8542,16.7514,324.6686,0.335477,6.79691,611.7441,2.01318
87.58,0.0646045,966.873,4.204854,67.8548,16.7516,324.6284,0.335438,6.79754,611.7254,2.01292
87.59,0.06462725,966.8665,4.204867,67.8554,16.7518,324.5882,0.335399,6.79817,611.7067,2.01266
87.6,0.06465,966.86,4.20488,67.856,16.752,324.548,0.33536,6.7988,611.688,2.0124
87.61,0.06467275,966.8535,4.204893,67.8566,16.7522,324.5078,0.335321,6.79943,611.6693,2.01214
87.62,0.0646955,966.847,4.204906,67.8572,16.7524,324.4676,0.335282,6.80006,611.6506,2.01188
87.63,0.06471825,966.8405,4.204919,67.8578,16.7526,324.4274,0.335243,6.80069,611.6319,2.01162
87.64,0.064741,966.834,4.204932,67.8584,16.7528,324.3872,0.335204,6.80132,611.6132,2.01136
87.65,0.06476375,966.8275,4.204945,67.859,16.753,324.347,0.335165,6.80195,611.5945,2.0111
87.66,0.0647865,966.821,4.204958,67.8596,16.7532,324.3068,0.335126,6.80258,611.5758,2.01084
87.67,0.06480925,966.8145,4.204971,67.8602,16.7534,324.2666,0.335087,6.80321,611.5571,2.01058
87.68,0.064832,966.808,4.204984,67.8608,16.7536,324.2264,0.335048,6.80384,611.5384,2.01032
87.69,0.06485475,966.8015,4.204997,67.8614,16.7538,324.1862,0.335009,6.80447,611.5197,2.01006
87.7,0.0648775,966.795,4.20501,67.862,16.754,324.146,0.33497,6.8051,611.501,2.0098
87.71,0.06490025,966.7885,4.205023,67.8626,16.7542,324.1058,0.334931,6.80573,611.4823,2.00954
87.72,0.064923,966.782,4.205036,67.8632,16.7544,324.0656,0.334892,6.80636,611.4636,2.00928
87.73,0.06494575,966.7755,4.205049,67.8638,16.7546,324.0254,0.334853,6.80699,611.4449,2.00902
87.74,0.0649685,966.769,4.205062,67.8644,16.7548,323.9852,0.334814,6.80762,611.4262,2.00876
87.75,0.06499125,966.7625,4.205075,67.865,16.755,323.945,0.334775,6.80825,611.4075,2.0085
87.76,0.065014,966.756,4.205088,67.8656,16.7552,323.9048,0.334736,6.80888,611.3888,2.00824
87.77,0.06503675,966.7495,4.205101,67.8662,16.7554,323.8646,0.334697,6.80951,611.3701,2.00798
87.78,0.0650595,966.743,4.205114,67.8668,16.7556,323.8244,0.334658,6.81014,611.3514,2.00772
87.79,0.06508225,966.7365,4.205127,67.8674,16.7558,323.7842,0.334619,6.81077,611.3327,2.00746
87.8,0.065105,966.73,4.20514,67.868,16.756,323.744,0.33458,6.8114,611.314,2.0072
87.81,0.06512775,966.7235,4.205153,67.8686,16.7562,323.7038,0.334541,6.81203,611.2953,2.00694
87.82,0.0651505,966.717,4.205166,67.8692,16.7564,323.6636,0.334502,6.81266,611.2766,2.00668
87.83,0.06517325,966.7105,4.205179,67.8698,16.7566,323.6234,0.334463,6.81329,611.2579,2.00642
87.84,0.065196,966.704,4.205192,67.8704,16.7568,323.5832,0.334424,6.81392,611.2392,2.00616
87.85,0.06521875,966.6975,4.205205,67.871,16.757,323.543,0.334385,6.81455,611.2205,2.0059
87.86,0.0652415,966.691,4.205218,67.8716,16.7572,323.5028,0.334346,6.81518,611.2018,2.00564
87.87,0.06526425,966.6845,4.205231,67.8722,16.7574,323.4626,0.334307,6.81581,611.1831,2.00538
87.88,0.065287,966.678,4.205244,67.8728,16.7576,323.4224,0.334268,6.81644,611.1644,2.00512
87.89,0.06530975,966.6715,4.205257,67.8734,16.7578,323.3822,0.334229,6.81707,611.1457,2.00486
87.9,0.0653325,966.665,4.20527,67.874,16.758,323.342,0.33419,6.8177,611.127,2.0046
87.91,0.06535525,966.6585,4.205283,67.8746,16.7582,323.3018,0.334151,6.81833,611.1083,2.00434
87.92,0.065378,966.652,4.205296,67.8752,16.7584,323.2616,0.334112,6.81896,611.0896,2.00408
87.93,0.06540075,966.6455,4.205309,67.8758,16.7586,323.2214,0.334073,6.81959,611.0709,2.00382
87.94,0.0654235,966.639,4.205322,67.8764,16.7588,323.1812,0.334034,6.82022,611.0522,2.00356
87.95,0.06544625,966.6325,4.205335,67.877,16.759,323.141,0.333995,6.82085,611.0335,2.0033
87.96,0.065469,966.626,4.205348,67.8776,16.7592,323.1008,0.333956,6.82148,611.0148,2.00304
87.97,0.06549175,966.6195,4.205361,67.8782,16.7594,323.0606,0.333917,6.82211,610.9961,2.00278
87.98,0.0655145,966.613,4.205374,67.8788,16.7596,323.0204,0.333878,6.82274,610.9774,2.00252
87.99,0.06553725,966.6065,4.205387,67.8794,16.7598,322.9802,0.333839,6.82337,610.9587,2.00226
88,0.06556,966.6,4.2054,67.88,16.76,322.94,0.3338,6.824,610.94,2.002
88.01,0.06558275,966.5935,4.205413,67.8806,16.7602,322.8998,0.333761,6.82463,610.9213,2.00174
88.02,0.0656055,966.587,4.205426,67.8812,16.7604,322.8596,0.333722,6.82526,610.9026,2.00148
88.03,0.06562825,966.5805,4.205439,67.8818,16.7606,322.8194,0.333683,6.82589,610.8839,2.00122
88.04,0.065651,966.574,4.205452,67.8824,16.7608,322.7792,0.333644,6.82652,610.8652,2.00096
88.05,0.06567375,966.5675,4.205465,67.883,16.761,322.739,0.333605,6.82715,610.8465,2.0007
88.06,0.0656965,966.561,4.205478,67.8836,16.7612,322.6988,0.333566,6.82778,610.8278,2.00044
88.07,0.06571925,966.5545,4.205491,67.8842,16.7614,322.6586,0.333527,6.82841,610.8091,2.00018
88.08,0.065742,966.548,4.205504,67.8848,16.7616,322.6184,0.333488,6.82904,610.7904,1.99992
88.09,0.06576475,966.5415,4.205517,67.8854,16.7618,322.5782,0.333449,6.82967,610.7717,1.99966
88.1,0.0657875,966.535,4.20553,67.886,16.762,322.538,0.33341,6.8303,610.753,1.9994
88.11,0.06581025,966.5285,4.205543,67.8866,16.7622,322.4978,0.333371,6.83093,610.7343,1.99914
88.12,0.065833,966.522,4.205556,67.8872,16.7624,322.4576,0.333332,6.83156,610.7156,1.99888
88.13,0.06585575,966.5155,4.205569,67.8878,16.7626,322.4174,0.333293,6.83219,610.6969,1.99862
88.14,0.0658785,966.509,4.205582,67.8884,16.7628,322.3772,0.333254,6.83282,610.6782,1.99836
88.15,0.06590125,966.5025,4.205595,67.889,16.763,322.337,0.333215,6.83345,610.6595,1.9981
88.16,0.065924,966.496,4.205608,67.8896,16.7632,322.2968,0.333176,6.83408,610.6408,1.99784
88.17,0.06594675,966.4895,4.205621,67.8902,16.7634,322.2566,0.333137,6.83471,610.6221,1.99758
88.18,0.0659695,966.483,4.205634,67.8908,16.7636,322.2164,0.333098,6.83534,610.6034,1.99732
88.19,0.06599225,966.4765,4.205647,67.8914,16.7638,322.1762,0.333059,6.83597,610.5847,1.99706
88.2,0.066015,966.47,4.20566,67.892,16.764,322.136,0.33302,6.8366,610.566,1.9968
88.21,0.06603775,966.4635,4.205673,67.8926,16.7642,322.0958,0.332981,6.83723,610.5473,1.99654
88.22,0.0660605,966.457,4.205686,67.8932,16.7644,322.0556,0.332942,6.83786,610.5286,1.99628
88.23,0.06608325,966.4505,4.205699,67.8938,16.7646,322.0154,0.332903,6.83849,610.5099,1.99602
88.24,0.066106,966.444,4.205712,67.8944,16.7648,321.9752,0.332864,6.83912,610.4912,1.99576
88.25,0.06612875,966.4375,4.205725,67.895,16.765,321.935,0.332825,6.83975,610.4725,1.9955
88.26,0.0661515,966.431,4.205738,67.8956,16.7652,321.8948,0.332786,6.84038,610.4538,1.99524
88.27,0.06617425,966.4245,4.205751,67.8962,16.7654,321.8546,0.332747,6.84101,610.4351,1.99498
88.28,0.066197,966.418,4.205764,67.8968,16.7656,321.8144,0.332708,6.84164,610.4164,1.99472
88.29,0.06621975,966.4115,4.205777,67.8974,16.7658,321.7742,0.332669,6.84227,610.3977,1.99446
88.3,0.0662425,966.405,4.20579,67.898,16.766,321.734,0.33263,6.8429,610.379,1.9942
88.31,0.06626525,966.3985,4.205803,67.8986,16.7662,321.6938,0.332591,6.84353,610.3603,1.99394
88.32,0.066288,966.392,4.205816,67.8992,16.7664,321.6536,0.332552,6.84416,610.3416,1.99368
88.33,0.06631075,966.3855,4.205829,67.8998,16.7666,321.6134,0.332513,6.84479,610.3229,1.99342
88.34,0.0663335,966.379,4.205842,67.9004,16.7668,321.5732,0.332474,6.84542,610.3042,1.99316
88.35,0.06635625,966.3725,4.205855,67.901,16.767,321.533,0.332435,6.84605,610.2855,1.9929
88.36,0.066379,966.366,4.205868,67.9016,16.7672,321.4928,0.332396,6.84668,610.2668,1.99264
88.37,0.06640175,966.3595,4.205881,67.9022,16.7674,321.4526,0.332357,6.84731,610.2481,1.99238
88.38,0.0664245,966.353,4.205894,67.9028,16.7676,321.4124,0.332318,6.84794,610.2294,1.99212
88.39,0.06644725,966.3465,4.205907,67.9034,16.7678,321.3722,0.332279,6.84857,610.2107,1.99186
88.4,0.06647,966.34,4.20592,67.904,16.768,321.332,0.33224,6.8492,610.192,1.9916
88.41,0.06649275,966.3335,4.205933,67.9046,16.7682,321.2918,0.332201,6.84983,610.1733,1.99134
88.42,0.0665155,966.327,4.205946,67.9052,16.7684,321.2516,0.332162,6.85046,610.1546,1.99108
88.43,0.06653825,966.3205,4.205959,67.9058,16.7686,321.2114,0.332123,6.85109,610.1359,1.99082
88.44,0.066561,966.314,4.205972,67.9064,16.7688,321.1712,0.332084,6.85172,610.1172,1.99056
88.45,0.06658375,966.3075,4.205985,67.907,16.769,321.131,0.332045,6.85235,610.0985,1.9903
88.46,0.0666065,966.301,4.205998,67.9076,16.7692,321.0908,0.332006,6.85298,610.0798,1.99004
88.47,0.06662925,966.2945,4.206011,67.9082,16.7694,321.0506,0.331967,6.85361,610.0611,1.98978
88.48,0.066652,966.288,4.206024,67.9088,16.7696,321.0104,0.331928,6.85424,610.0424,1.98952
88.49,0.06667475,966.2815,4.206037,67.9094,16.7698,320.9702,0.331889,6.85487,610.0237,1.98926
88.5,0.0666975,966.275,4.20605,67.91,16.77,320.93,0.33185,6.8555,610.005,1.989
88.51,0.06672025,966.2685,4.206063,67.9106,16.7702,320.8898,0.331811,6.85613,609.9863,1.98874
88.52,0.066743,966.262,4.206076,67.9112,16.7704,320.8496,0.331772,6.85676,609.9676,1.98848
88.53,0.06676575,966.2555,4.206089,67.9118,16.7706,320.8094,0.331733,6.85739,609.9489,1.98822
88.54,0.0667885,966.249,4.206102,67.9124,16.7708,320.7692,0.331694,6.85802,609.9302,1.98796
88.55,0.06681125,966.2425,4.206115,67.913,16.771,320.729,0.331655,6.85865,609.9115,1.9877
88.56,0.066834,966.236,4.206128,67.9136,16.7712,320.6888,0.331616,6.85928,609.8928,1.98744
88.57,0.06685675,966.2295,4.206141,67.9142,16.7714,320.6486,0.331577,6.85991,609.8741,1.98718
88.58,0.0668795,966.223,4.206154,67.9148,16.7716,320.6084,0.331538,6.86054,609.8554,1.98692
88.59,0.06690225,966.2165,4.206167,67.9154,16.7718,320.5682,0.331499,6.86117,609.8367,1.98666
88.6,0.066925,966.21,4.20618,67.916,16.772,320.528,0.33146,6.8618,609.818,1.9864
88.61,0.06694775,966.2035,4.206193,67.9166,16.7722,320.4878,0.331421,6.86243,609.7993,1.98614
88.62,0.0669705,966.197,4.206206,67.9172,16.7724,320.4476,0.331382,6.86306,609.7806,1.98588
88.63,0.06699325,966.1905,4.206219,67.9178,16.7726,320.4074,0.331343,6.86369,609.7619,1.98562
88.64,0.067016,966.184,4.206232,67.9184,16.7728,320.3672,0.331304,6.86432,609.7432,1.98536
88.65,0.06703875,966.1775,4.206245,67.919,16.773,320.327,0.331265,6.86495,609.7245,1.9851
88.66,0.0670615,966.171,4.206258,67.9196,16.7732,320.2868,0.331226,6.86558,609.7058,1.98484
88.67,0.06708425,966.1645,4.206271,67.9202,16.7734,320.2466,0.331187,6.86621,609.6871,1.98458
88.68,0.067107,966.158,4.206284,67.9208,16.7736,320.2064,0.331148,6.86684,609.6684,1.98432
88.69,0.06712975,966.1515,4.206297,67.9214,16.7738,320.1662,0.331109,6.86747,609.6497,1.98406
88.7,0.0671525,966.145,4.20631,67.922,16.774,320.126,0.33107,6.8681,609.631,1.9838
88.71,0.06717525,966.1385,4.206323,67.9226,16.7742,320.0858,0.331031,6.86873,609.6123,1.98354
88.72,0.067198,966.132,4.206336,67.9232,16.7744,320.0456,0.330992,6.86936,609.5936,1.98328
88.73,0.06722075,966.1255,4.206349,67.9238,16.7746,320.0054,0.330953,6.86999,609.5749,1.98302
88.74,0.0672435,966.119,4.206362,67.9244,16.7748,319.9652,0.330914,6.87062,609.5562,1.98276
88.75,0.06726625,966.1125,4.206375,67.925,16.775,319.925,0.330875,6.87125,609.5375,1.9825
88.76,0.067289,966.106,4.206388,67.9256,16.7752,319.8848,0.330836,6.87188,609.5188,1.98224
88.77,0.06731175,966.0995,4.206401,67.9262,16.7754,319.8446,0.330797,6.87251,609.5001,1.98198
88.78,0.0673345,966.093,4.206414,67.9268,16.7756,319.8044,0.330758,6.87314,609.4814,1.98172
88.79,0.06735725,966.0865,4.206427,67.9274,16.7758,319.7642,0.330719,6.87377,609.4627,1.98146
88.8,0.06738,966.08,4.20644,67.928,16.776,319.724,0.33068,6.8744,609.444,1.9812
88.81,0.06740275,966.0735,4.206453,67.9286,16.7762,319.6838,0.330641,6.87503,609.4253,1.98094
88.82,0.0674255,966.067,4.206466,67.9292,16.7764,319.6436,0.330602,6.87566,609.4066,1.98068
88.83,0.06744825,966.0605,4.206479,67.9298,16.7766,319.6034,0.330563,6.87629,609.3879,1.98042
88.84,0.067471,966.054,4.206492,67.9304,16.7768,319.5632,0.330524,6.87692,609.3692,1.98016
88.85,0.06749375,966.0475,4.206505,67.931,16.777,319.523,0.330485,6.87755,609.3505,1.9799
88.86,0.0675165,966.041,4.206518,67.9316,16.7772,319.4828,0.330446,6.87818,609.3318,1.97964
88.87,0.06753925,966.0345,4.206531,67.9322,16.7774,319.4426,0.330407,6.87881,609.3131,1.97938
88.88,0.067562,966.028,4.206544,67.9328,16.7776,319.4024,0.330368,6.87944,609.2944,1.97912
88.89,0.06758475,966.0215,4.206557,67.9334,16.7778,319.3622,0.330329,6.88007,609.2757,1.97886
88.9,0.0676075,966.015,4.20657,67.934,16.778,319.322,0.33029,6.8807,609.257,1.9786
88.91,0.06763025,966.0085,4.206583,67.9346,16.7782,319.2818,0.330251,6.88133,609.2383,1.97834
88.92,0.067653,966.002,4.206596,67.9352,16.7784,319.2416,0.330212,6.88196,609.2196,1.97808
88.93,0.06767575,965.9955,4.206609,67.9358,16.7786,319.2014,0.330173,6.88259,609.2009,1.97782
88.94,0.0676985,965.989,4.206622,67.9364,16.7788,319.1612,0.330134,6.88322,609.1822,1.97756
88.95,0.06772125,965.9825,4.206635,67.937,16.779,319.121,0.330095,6.88385,609.1635,1.9773
88.96,0.067744,965.976,4.206648,67.9376,16.7792,319.0808,0.330056,6.88448,609.1448,1.97704
88.97,0.06776675,965.9695,4.206661,67.9382,16.7794,319.0406,0.330017,6.88511,609.1261,1.97678
88.98,0.0677895,965.963,4.206674,67.9388,16.7796,319.0004,0.329978,6.88574,609.1074,1.97652
88.99,0.06781225,965.9565,4.206687,67.9394,16.7798,318.9602,0.329939,6.88637,609.0887,1.97626
89,0.067835,965.95,4.2067,67.94,16.78,318.92,0.3299,6.887,609.07,1.976
89.01,0.06785775,965.9435,4.206713,67.9406,16.7802,318.8798,0.329861,6.88763,609.0513,1.97574
89.02,0.0678805,965.937,4.206726,67.9412,16.7804,318.8396,0.329822,6.88826,609.0326,1.97548
89.03,0.06790325,965.9305,4.206739,67.9418,16.7806,318.7994,0.329783,6.88889,609.0139,1.97522
89.04,0.067926,965.924,4.206752,67.9424,16.7808,318.7592,0.329744,6.88952,608.9952,1.97496
89.05,0.06794875,965.9175,4.206765,67.943,16.781,318.719,0.329705,6.89015,608.9765,1.9747
89.06,0.0679715,965.911,4.206778,67.9436,16.7812,318.6788,0.329666,6.89078,608.9578,1.97444
89.07,0.06799425,965.9045,4.206791,67.9442,16.7814,318.6386,0.329627,6.89141,608.9391,1.97418
89.08,0.068017,965.898,4.206804,67.9448,16.7816,318.5984,0.329588,6.89204,608.9204,1.97392
89.09,0.06803975,965.8915,4.206817,67.9454,16.7818,318.5582,0.329549,6.89267,608.9017,1.97366
89.1,0.0680625,965.885,4.20683,67.946,16.782,318.518,0.32951,6.8933,608.883,1.9734
89.11,0.06808525,965.8785,4.206843,67.9466,16.7822,318.4778,0.329471,6.89393,608.8643,1.97314
89.12,0.068108,965.872,4.206856,67.9472,16.7824,318.4376,0.329432,6.89456,608.8456,1.97288
89.13,0.06813075,965.8655,4.206869,67.9478,16.7826,318.3974,0.329393,6.89519,608.8269,1.97262
89.14,0.0681535,965.859,4.206882,67.9484,16.7828,318.3572,0.329354,6.89582,608.8082,1.97236
89.15,0.06817625,965.8525,4.206895,67.949,16.783,318.317,0.329315,6.89645,608.7895,1.9721
89.16,0.068199,965.846,4.206908,67.9496,16.7832,318.2768,0.329276,6.89708,608.7708,1.97184
89.17,0.06822175,965.8395,4.206921,67.9502,16.7834,318.2366,0.329237,6.89771,608.7521,1.97158
89.18,0.0682445,965.833,4.206934,67.9508,16.7836,318.1964,0.329198,6.89834,608.7334,1.97132
89.19,0.06826725,965.8265,4.206947,67.9514,16.7838,318.1562,0.329159,6.89897,608.7147,1.97106
89.2,0.06829,965.82,4.20696,67.952,16.784,318.116,0.32912,6.8996,608.696,1.9708
89.21,0.06831275,965.8135,4.206973,67.9526,16.7842,318.0758,0.329081,6.90023,608.6773,1.97054
89.22,0.0683355,965.807,4.206986,67.9532,16.7844,318.0356,0.329042,6.90086,608.6586,1.97028
89.23,0.06835825,965.8005,4.206999,67.9538,16.7846,317.9954,0.329003,6.90149,608.6399,1.97002
89.24,0.068381,965.794,4.207012,67.9544,16.7848,317.9552,0.328964,6.90212,608.6212,1.96976
89.25,0.06840375,965.7875,4.207025,67.955,16.785,317.915,0.328925,6.90275,608.6025,1.9695
89.26,0.0684265,965.781,4.207038,67.9556,16.7852,317.8748,0.328886,6.90338,608.5838,1.96924
89.27,0.06844925,965.7745,4.207051,67.9562,16.7854,317.8346,0.328847,6.90401,608.5651,1.96898
89.28,0.068472,965.768,4.207064,67.9568,16.7856,317.7944,0.328808,6.90464,608.5464,1.96872
89.29,0.06849475,965.7615,4.207077,67.9574,16.7858,317.7542,0.328769,6.90527,608.5277,1.96846
89.3,0.0685175,965.755,4.20709,67.958,16.786,317.714,0.32873,6.9059,608.509,1.9682
89.31,0.06854025,965.7485,4.207103,67.9586,16.7862,317.6738,0.328691,6.90653,608.4903,1.96794
89.32,0.068563,965.742,4.207116,67.9592,16.7864,317.6336,0.328652,6.90716,608.4716,1.96768
89.33,0.06858575,965.7355,4.207129,67.9598,16.7866,317.5934,0.328613,6.90779,608.4529,1.96742
89.34,0.0686085,965.729,4.207142,67.9604,16.7868,317.5532,0.328574,6.90842,608.4342,1.96716
89.35,0.06863125,965.7225,4.207155,67.961,16.787,317.513,0.328535,6.90905,608.4155,1.9669
89.36,0.068654,965.716,4.207168,67.9616,16.7872,317.4728,0.328496,6.90968,608.3968,1.96664
89.37,0.06867675,965.7095,4.207181,67.9622,16.7874,317.4326,0.328457,6.91031,608.3781,1.96638
89.38,0.0686995,965.703,4.207194,67.9628,16.7876,317.3924,0.328418,6.91094,608.3594,1.96612
89.39,0.06872225,965.6965,4.207207,67.9634,16.7878,317.3522,0.328379,6.91157,608.3407,1.96586
89.4,0.068745,965.69,4.20722,67.964,16.788,317.312,0.32834,6.9122,608.322,1.9656
89.41,0.06876775,965.6835,4.207233,67.9646,16.7882,317.2718,0.328301,6.91283,608.3033,1.96534
89.42,0.0687905,965.677,4.207246,67.9652,16.7884,317.2316,0.328262,6.91346,608.2846,1.96508
89.43,0.06881325,965.6705,4.207259,67.9658,16.7886,317.1914,0.328223,6.91409,608.2659,1.96482
89.44,0.068836,965.664,4.207272,67.9664,16.7888,317.1512,0.328184,6.91472,608.2472,1.96456
89.45,0.06885875,965.6575,4.207285,67.967,16.789,317.111,0.328145,6.91535,608.2285,1.9643
89.46,0.0688815,965.651,4.207298,67.9676,16.7892,317.0708,0.328106,6.91598,608.2098,1.96404
89.47,0.06890425,965.6445,4.207311,67.9682,16.7894,317.0306,0.328067,6.91661,608.1911,1.96378
89.48,0.068927,965.638,4.207324,67.9688,16.7896,316.9904,0.328028,6.91724,608.1724,1.96352
89.49,0.06894975,965.6315,4.207337,67.9694,16.7898,316.9502,0.327989,6.91787,608.1537,1.96326
89.5,0.0689725,965.625,4.20735,67.97,16.79,316.91,0.32795,6.9185,608.135,1.963
89.51,0.06899525,965.6185,4.207363,67.9706,16.7902,316.8698,0.327911,6.91913,608.1163,1.96274
89.52,0.069018,965.612,4.207376,67.9712,16.7904,316.8296,0.327872,6.91976,608.0976,1.96248
89.53,0.06904075,965.6055,4.207389,67.9718,16.7906,316.7894,0.327833,6.92039,608.0789,1.96222
89.54,0.0690635,965.599,4.207402,67.9724,16.7908,316.7492,0.327794,6.92102,608.0602,1.96196
89.55,0.06908625,965.5925,4.207415,67.973,16.791,316.709,0.327755,6.92165,608.0415,1.9617
89.56,0.069109,965.586,4.207428,67.9736,16.7912,316.6688,0.327716,6.92228,608.0228,1.96144
89.57,0.06913175,965.5795,4.207441,67.9742,16.7914,316.6286,0.327677,6.92291,608.0041,1.96118
89.58,0.0691545,965.573,4.207454,67.9748,16.7916,316.5884,0.327638,6.92354,607.9854,1.96092
89.59,0.06917725,965.5665,4.207467,67.9754,16.7918,316.5482,0.327599,6.92417,607.9667,1.96066
89.6,0.0692,965.56,4.20748,67.976,16.792,316.508,0.32756,6.9248,607.948,1.9604
89.61,0.06922275,965.5535,4.207493,67.9766,16.7922,316.4678,0.327521,6.92543,607.9293,1.96014
89.62,0.0692455,965.547,4.207506,67.9772,16.7924,316.4276,0.327482,6.92606,607.9106,1.95988
89.63,0.06926825,965.5405,4.207519,67.9778,16.7926,316.3874,0.327443,6.92669,607.8919,1.95962
89.64,0.069291,965.534,4.207532,67.9784,16.7928,316.3472,0.327404,6.92732,607.8732,1.95936
89.65,0.06931375,965.5275,4.207545,67.979,16.793,316.307,0.327365,6.92795,607.8545,1.9591
89.66,0.0693365,965.521,4.207558,67.9796,16.7932,316.2668,0.327326,6.92858,607.8358,1.95884
89.67,0.06935925,965.5145,4.207571,67.9802,16.7934,316.2266,0.327287,6.92921,607.8171,1.95858
89.68,0.069382,965.508,4.207584,67.9808,16.7936,316.1864,0.327248,6.92984,607.7984,1.95832
89.69,0.06940475,965.5015,4.207597,67.9814,16.7938,316.1462,0.327209,6.93047,607.7797,1.95806
89.7,0.0694275,965.495,4.20761,67.982,16.794,316.106,0.32717,6.9311,607.761,1.9578
89.71,0.06945025,965.4885,4.207623,67.9826,16.7942,316.0658,0.327131,6.93173,607.7423,1.95754
89.72,0.069473,965.482,4.207636,67.9832,16.7944,316.0256,0.327092,6.93236,607.7236,1.95728
89.73,0.06949575,965.4755,4.207649,67.9838,16.7946,315.9854,0.327053,6.93299,607.7049,1.95702
89.74,0.0695185,965.469,4.207662,67.9844,16.7948,315.9452,0.327014,6.93362,607.6862,1.95676
89.75,0.06954125,965.4625,4.207675,67.985,16.795,315.905,0.326975,6.93425,607.6675,1.9565
89.76,0.069564,965.456,4.207688,67.9856,16.7952,315.8648,0.326936,6.93488,607.6488,1.95624
89.77,0.06958675,965.4495,4.207701,67.9862,16.7954,315.8246,0.326897,6.93551,607.6301,1.95598
89.78,0.0696095,965.443,4.207714,67.9868,16.7956,315.7844,0.326858,6.93614,607.6114,1.95572
89.79,0.06963225,965.4365,4.207727,67.9874,16.7958,315.7442,0.326819,6.93677,607.5927,1.95546
89.8,0.069655,965.43,4.20774,67.988,16.796,315.704,0.32678,6.9374,607.574,1.9552
89.81,0.06967775,965.4235,4.207753,67.9886,16.7962,315.6638,0.326741,6.93803,607.5553,1.95494
89.82,0.0697005,965.417,4.207766,67.9892,16.7964,315.6236,0.326702,6.93866,607.5366,1.95468
89.83,0.06972325,965.4105,4.207779,67.9898,16.7966,315.5834,0.326663,6.93929,607.5179,1.95442
89.84,0.069746,965.404,4.207792,67.9904,16.7968,315.5432,0.326624,6.93992,607.4992,1.95416
89.85,0.06976875,965.3975,4.207805,67.991,16.797,315.503,0.326585,6.94055,607.4805,1.9539
89.86,0.0697915,965.391,4.207818,67.9916,16.7972,315.4628,0.326546,6.94118,607.4618,1.95364
89.87,0.06981425,965.3845,4.207831,67.9922,16.7974,315.4226,0.326507,6.94181,607.4431,1.95338
89.88,0.069837,965.378,4.207844,67.9928,16.7976,315.3824,0.326468,6.94244,607.4244,1.95312
89.89,0.06985975,965.3715,4.207857,67.9934,16.7978,315.3422,0.326429,6.94307,607.4057,1.95286
89.9,0.0698825,965.365,4.20787,67.994,16.798,315.302,0.32639,6.9437,607.387,1.9526
89.91,0.06990525,965.3585,4.207883,67.9946,16.7982,315.2618,0.326351,6.94433,607.3683,1.95234
89.92,0.069928,965.352,4.207896,67.9952,16.7984,315.2216,0.326312,6.94496,607.3496,1.95208
89.93,0.06995075,965.3455,4.207909,67.9958,16.7986,315.1814,0.326273,6.94559,607.3309,1.95182
89.94,0.0699735,965.339,4.207922,67.9964,16.7988,315.1412,0.326234,6.94622,607.3122,1.95156
89.95,0.06999625,965.3325,4.207935,67.997,16.799,315.101,0.326195,6.94685,607.2935,1.9513
89.96,0.070019,965.326,4.207948,67.9976,16.7992,315.0608,0.326156,6.94748,607.2748,1.95104
89.97,0.07004175,965.3195,4.207961,67.9982,16.7994,315.0206,0.326117,6.94811,607.2561,1.95078
89.98,0.0700645,965.313,4.207974,67.9988,16.7996,314.9804,0.326078,6.94874,607.2374,1.95052
89.99,0.07008725,965.3065,4.207987,67.9994,16.7998,314.9402,0.326039,6.94937,607.2187,1.95026
90,0.07011,965.3,4.208,68,16.8,314.9,0.326,6.95,607.2,1.95
90.01,0.07014119,965.2931,4.208012,68.0003,16.8001,314.8676,0.325969,6.95057,607.1814,1.9498
90.02,0.07017238,965.2862,4.208024,68.0006,16.8002,314.8352,0.325938,6.95114,607.1628,1.9496
90.03,0.07020357,965.2793,4.208036,68.0009,16.8003,314.8028,0.325907,6.95171,607.1442,1.9494
90.04,0.07023476,965.2724,4.208048,68.0012,16.8004,314.7704,0.325876,6.95228,607.1256,1.9492
90.05,0.07026595,965.2655,4.20806,68.0015,16.8005,314.738,0.325845,6.95285,607.107,1.949
90.06,0.07029714,965.2586,4.208072,68.0018,16.8006,314.7056,0.325814,6.95342,607.0884,1.9488
90.07,0.07032833,965.2517,4.208084,68.0021,16.8007,314.6732,0.325783,6.95399,607.0698,1.9486
90.08,0.07035952,965.2448,4.208096,68.0024,16.8008,314.6408,0.325752,6.95456,607.0512,1.9484
90.09,0.07039071,965.2379,4.208108,68.0027,16.8009,314.6084,0.325721,6.95513,607.0326,1.9482
90.1,0.0704219,965.231,4.20812,68.003,16.801,314.576,0.32569,6.9557,607.014,1.948
90.11,0.07045309,965.2241,4.208132,68.0033,16.8011,314.5436,0.325659,6.95627,606.9954,1.9478
90.12,0.07048428,965.2172,4.208144,68.0036,16.8012,314.5112,0.325628,6.95684,606.9768,1.9476
90.13,0.07051547,965.2103,4.208156,68.0039,16.8013,314.4788,0.325597,6.95741,606.9582,1.9474
90.14,0.07054666,965.2034,4.208168,68.0042,16.8014,314.4464,0.325566,6.95798,606.9396,1.9472
90.15,0.07057785,965.1965,4.20818,68.0045,16.8015,314.414,0.325535,6.95855,606.921,1.947
90.16,0.07060904,965.1896,4.208192,68.0048,16.8016,314.3816,0.325504,6.95912,606.9024,1.9468
90.17,0.07064023,965.1827,4.208204,68.0051,16.8017,314.3492,0.325473,6.95969,606.8838,1.9466
90.18,0.07067142,965.1758,4.208216,68.0054,16.8018,314.3168,0.325442,6.96026,606.8652,1.9464
90.19,0.07070261,965.1689,4.208228,68.0057,16.8019,314.2844,0.325411,6.96083,606.8466,1.9462
90.2,0.0707338,965.162,4.20824,68.006,16.802,314.252,0.32538,6.9614,606.828,1.946
90.21,0.07076499,965.1551,4.208252,68.0063,16.8021,314.2196,0.325349,6.96197,606.8094,1.9458
90.22,0.07079618,965.1482,4.208264,68.0066,16.8022,314.1872,0.325318,6.96254,606.7908,1.9456
90.23,0.07082737,965.1413,4.208276,68.0069,16.8023,314.1548,0.325287,6.96311,606.7722,1.9454
90.24,0.07085856,965.1344,4.208288,68.0072,16.8024,314.1224,0.325256,6.96368,606.7536,1.9452
90.25,0.07088975,965.1275,4.2083,68.0075,16.8025,314.09,0.325225,6.96425,606.735,1.945
90.26,0.07092094,965.1206,4.208312,68.0078,16.8026,314.0576,0.325194,6.96482,606.7164,1.9448
90.27,0.07095213,965.1137,4.208324,68.0081,16.8027,314.0252,0.325163,6.96539,606.6978,1.9446
90.28,0.07098332,965.1068,4.208336,68.0084,16.8028,313.9928,0.325132,6.96596,606.6792,1.9444
90.29,0.07101451,965.0999,4.208348,68.0087,16.8029,313.9604,0.325101,6.96653,606.6606,1.9442
90.3,0.0710457,965.093,4.20836,68.009,16.803,313.928,0.32507,6.9671,606.642,1.944
90.31,0.07107689,965.0861,4.208372,68.0093,16.8031,313.8956,0.325039,6.96767,606.6234,1.9438
90.32,0.07110808,965.0792,4.208384,68.0096,16.8032,313.8632,0.325008,6.96824,606.6048,1.9436
90.33,0.07113927,965.0723,4.208396,68.0099,16.8033,313.8308,0.324977,6.96881,606.5862,1.9434
90.34,0.07117046,965.0654,4.208408,68.0102,16.8034,313.7984,0.324946,6.96938,606.5676,1.9432
90.35,0.07120165,965.0585,4.20842,68.0105,16.8035,313.766,0.324915,6.96995,606.549,1.943
90.36,0.07123284,965.0516,4.208432,68.0108,16.8036,313.7336,0.324884,6.97052,606.5304,1.9428
90.37,0.07126403,965.0447,4.208444,68.0111,16.8037,313.7012,0.324853,6.97109,606.5118,1.9426
90.38,0.07129522,965.0378,4.208456,68.0114,16.8038,313.6688,0.324822,6.97166,606.4932,1.9424
90.39,0.07132641,965.0309,4.208468,68.0117,16.8039,313.6364,0.324791,6.97223,606.4746,1.9422
90.4,0.0713576,965.024,4.20848,68.012,16.804,313.604,0.32476,6.9728,606.456,1.942
90.41,0.07138879,965.0171,4.208492,68.0123,16.8041,313.5716,0.324729,6.97337,606.4374,1.9418
90.42,0.07141998,965.0102,4.208504,68.0126,16.8042,313.5392,0.324698,6.97394,606.4188,1.9416
90.43,0.07145117,965.0033,4.208516,68.0129,16.8043,313.5068,0.324667,6.97451,606.4002,1.9414
90.44,0.07148236,964.9964,4.208528,68.0132,16.8044,313.4744,0.324636,6.97508,606.3816,1.9412
90.45,0.07151355,964.9895,4.20854,68.0135,16.8045,313.442,0.324605,6.97565,606.363,1.941
90.46,0.07154474,964.9826,4.208552,68.0138,16.8046,313.4096,0.324574,6.97622,606.3444,1.9408
90.47,0.07157593,964.9757,4.208564,68.0141,16.8047,313.3772,0.324543,6.97679,606.3258,1.9406
90.48,0.07160712,964.9688,4.208576,68.0144,16.8048,313.3448,0.324512,6.97736,606.3072,1.9404
90.49,0.07163831,964.9619,4.208588,68.0147,16.8049,313.3124,0.324481,6.97793,606.2886,1.9402
90.5,0.0716695,964.955,4.2086,68.015,16.805,313.28,0.32445,6.9785,606.27,1.94
90.51,0.07170069,964.9481,4.208612,68.0153,16.8051,313.2476,0.324419,6.97907,606.2514,1.9398
90.52,0.07173188,964.9412,4.208624,68.0156,16.8052,313.2152,0.324388,6.97964,606.2328,1.9396
90.53,0.07176307,964.9343,4.208636,68.0159,16.8053,313.1828,0.324357,6.98021,606.2142,1.9394
90.54,0.07179426,964.9274,4.208648,68.0162,16.8054,313.1504,0.324326,6.98078,606.1956,1.9392
90.55,0.07182545,964.9205,4.20866,68.0165,16.8055,313.118,0.324295,6.98135,606.177,1.939
90.56,0.07185664,964.9136,4.208672,68.0168,16.8056,313.0856,0.324264,6.98192,606.1584,1.9388
90.57,0.07188783,964.9067,4.208684,68.0171,16.8057,313.0532,0.324233,6.98249,606.1398,1.9386
90.58,0.07191902,964.8998,4.208696,68.0174,16.8058,313.0208,0.324202,6.98306,606.1212,1.9384
90.59,0.07195021,964.8929,4.208708,68.0177,16.8059,312.9884,0.324171,6.98363,606.1026,1.9382
90.6,0.0719814,964.886,4.20872,68.018,16.806,312.956,0.32414,6.9842,606.084,1.938
90.61,0.07201259,964.8791,4.208732,68.0183,16.8061,312.9236,0.324109,6.98477,606.0654,1.9378
90.62,0.07204378,964.8722,4.208744,68.0186,16.8062,312.8912,0.324078,6.98534,606.0468,1.9376
90.63,0.07207497,964.8653,4.208756,68.0189,16.8063,312.8588,0.324047,6.98591,606.0282,1.9374
90.64,0.07210616,964.8584,4.208768,68.0192,16.8064,312.8264,0.324016,6.98648,606.0096,1.9372
90.65,0.07213735,964.8515,4.20878,68.0195,16.8065,312.794,0.323985,6.98705,605.991,1.937
90.66,0.07216854,964.8446,4.208792,68.0198,16.8066,312.7616,0.323954,6.98762,605.9724,1.9368
90.67,0.07219973,964.8377,4.208804,68.0201,16.8067,312.7292,0.323923,6.98819,605.9538,1.9366
90.68,0.07223092,964.8308,4.208816,68.0204,16.8068,312.6968,0.323892,6.98876,605.9352,1.9364
90.69,0.07226211,964.8239,4.208828,68.0207,16.8069,312.6644,0.323861,6.98933,605.9166,1.9362
90.7,0.0722933,964.817,4.20884,68.021,16.807,312.632,0.32383,6.9899,605.898,1.936
90.71,0.07232449,964.8101,4.208852,68.0213,16.8071,312.5996,0.323799,6.99047,605.8794,1.9358
90.72,0.07235568,964.8032,4.208864,68.0216,16.8072,312.5672,0.323768,6.99104,605.8608,1.9356
90.73,0.07238687,964.7963,4.208876,68.0219,16.8073,312.5348,0.323737,6.99161,605.8422,1.9354
90.74,0.07241806,964.7894,4.208888,68.0222,16.8074,312.5024,0.323706,6.99218,605.8236,1.9352
90.75,0.07244925,964.7825,4.2089,68.0225,16.8075,312.47,0.323675,6.99275,605.805,1.935
90.76,0.07248044,964.7756,4.208912,68.0228,16.8076,312.4376,0.323644,6.99332,605.7864,1.9348
90.77,0.07251163,964.7687,4.208924,68.0231,16.8077,312.4052,0.323613,6.99389,605.7678,1.9346
90.78,0.07254282,964.7618,4.208936,68.0234,16.8078,312.3728,0.323582,6.99446,605.7492,1.9344
90.79,0.07257401,964.7549,4.208948,68.0237,16.8079,312.3404,0.323551,6.99503,605.7306,1.9342
90.8,0.0726052,964.748,4.20896,68.024,16.808,312.308,0.32352,6.9956,605.712,1.934
90.81,0.07263639,964.7411,4.208972,68.0243,16.8081,312.2756,0.323489,6.99617,605.6934,1.9338
90.82,0.07266758,964.7342,4.208984,68.0246,16.8082,312.2432,0.323458,6.99674,605.6748,1.9336
90.83,0.07269877,964.7273,4.208996,68.0249,16.8083,312.2108,0.323427,6.99731,605.6562,1.9334
90.84,0.07272996,964.7204,4.209008,68.0252,16.8084,312.1784,0.323396,6.99788,605.6376,1.9332
90.85,0.07276115,964.7135,4.20902,68.0255,16.8085,312.146,0.323365,6.99845,605.619,1.933
90.86,0.07279234,964.7066,4.209032,68.0258,16.8086,312.1136,0.323334,6.99902,605.6004,1.9328
90.87,0.07282353,964.6997,4.209044,68.0261,16.8087,312.0812,0.323303,6.99959,605.5818,1.9326
90.88,0.07285472,964.6928,4.209056,68.0264,16.8088,312.0488,0.323272,7.00016,605.5632,1.9324
90.89,0.07288591,964.6859,4.209068,68.0267,16.8089,312.0164,0.323241,7.00073,605.5446,1.9322
90.9,0.0729171,964.679,4.20908,68.027,16.809,311.984,0.32321,7.0013,605.526,1.932
90.91,0.07294829,964.6721,4.209092,68.0273,16.8091,311.9516,0.323179,7.00187,605.5074,1.9318
90.92,0.07297948,964.6652,4.209104,68.0276,16.8092,311.9192,0.323148,7.00244,605.4888,1.9316
90.93,0.07301067,964.6583,4.209116,68.0279,16.8093,311.8868,0.323117,7.00301,605.4702,1.9314
90.94,0.07304186,964.6514,4.209128,68.0282,16.8094,311.8544,0.323086,7.00358,605.4516,1.9312
90.95,0.07307305,964.6445,4.20914,68.0285,16.8095,311.822,0.323055,7.00415,605.433,1.931
90.96,0.07310424,964.6376,4.209152,68.0288,16.8096,311.7896,0.323024,7.00472,605.4144,1.9308
90.97,0.07313543,964.6307,4.209164,68.0291,16.8097,311.7572,0.322993,7.00529,605.3958,1.9306
90.98,0.07316662,964.6238,4.209176,68.0294,16.8098,311.7248,0.322962,7.00586,605.3772,1.9304
90.99,0.07319781,964.6169,4.209188,68.0297,16.8099,311.6924,0.322931,7.00643,605.3586,1.9302
91,0.073229,964.61,4.2092,68.03,16.81,311.66,0.3229,7.007,605.34,1.93
91.01,0.07326019,964.6031,4.209212,68.0303,16.8101,311.6276,0.322869,7.00757,605.3214,1.9298
91.02,0.07329138,964.5962,4.209224,68.0306,16.8102,311.5952,0.322838,7.00814,605.3028,1.9296
91.03,0.07332257,964.5893,4.209236,68.0309,16.8103,311.5628,0.322807,7.00871,605.2842,1.9294
91.04,0.07335376,964.5824,4.209248,68.0312,16.8104,311.5304,0.322776,7.00928,605.2656,1.9292
91.05,0.07338495,964.5755,4.20926,68.0315,16.8105,311.498,0.322745,7.00985,605.247,1.929
91.06,0.07341614,964.5686,4.209272,68.0318,16.8106,311.4656,0.322714,7.01042,605.2284,1.9288
91.07,0.07344733,964.5617,4.209284,68.0321,16.8107,311.4332,0.322683,7.01099,605.2098,1.9286
91.08,0.07347852,964.5548,4.209296,68.0324,16.8108,311.4008,0.322652,7.01156,605.1912,1.9284
91.09,0.07350971,964.5479,4.209308,68.0327,16.8109,311.3684,0.322621,7.01213,605.1726,1.9282
91.1,0.0735409,964.541,4.20932,68.033,16.811,311.336,0.32259,7.0127,605.154,1.928
91.11,0.07357209,964.5341,4.209332,68.0333,16.8111,311.3036,0.322559,7.01327,605.1354,1.9278
91.12,0.07360328,964.5272,4.209344,68.0336,16.8112,311.2712,0.322528,7.01384,605.1168,1.9276
91.13,0.07363447,964.5203,4.209356,68.0339,16.8113,311.2388,0.322497,7.01441,605.0982,1.9274
91.14,0.07366566,964.5134,4.209368,68.0342,16.8114,311.2064,0.322466,7.01498,605.0796,1.9272
91.15,0.07369685,964.5065,4.20938,68.0345,16.8115,311.174,0.322435,7.01555,605.061,1.927
91.16,0.07372804,964.4996,4.209392,68.0348,16.8116,311.1416,0.322404,7.01612,605.0424,1.9268
91.17,0.07375923,964.4927,4.209404,68.0351,16.8117,311.1092,0.322373,7.01669,605.0238,1.9266
91.18,0.07379042,964.4858,4.209416,68.0354,16.8118,311.0768,0.322342,7.01726,605.0052,1.9264
91.19,0.07382161,964.4789,4.209428,68.0357,16.8119,311.0444,0.322311,7.01783,604.9866,1.9262
91.2,0.0738528,964.472,4.20944,68.036,16.812,311.012,0.32228,7.0184,604.968,1.926
91.21,0.07388399,964.4651,4.209452,68.0363,16.8121,310.9796,0.322249,7.01897,604.9494,1.9258
91.22,0.07391518,964.4582,4.209464,68.0366,16.8122,310.9472,0.322218,7.01954,604.9308,1.9256
91.23,0.07394637,964.4513,4.209476,68.0369,16.8123,310.9148,0.322187,7.02011,604.9122,1.9254
91.24,0.07397756,964.4444,4.209488,68.0372,16.8124,310.8824,0.322156,7.02068,604.8936,1.9252
91.25,0.07400875,964.4375,4.2095,68.0375,16.8125,310.85,0.322125,7.02125,604.875,1.925
91.26,0.07403994,964.4306,4.209512,68.0378,16.8126,310.8176,0.322094,7.02182,604.8564,1.9248
91.27,0.07407113,964.4237,4.209524,68.0381,16.8127,310.7852,0.322063,7.02239,604.8378,1.9246
91.28,0.07410232,964.4168,4.209536,68.0384,16.8128,310.7528,0.322032,7.02296,604.8192,1.9244
91.29,0.07413351,964.4099,4.209548,68.0387,16.8129,310.7204,0.322001,7.02353,604.8006,1.9242
91.3,0.0741647,964.403,4.20956,68.039,16.813,310.688,0.32197,7.0241,604.782,1.924
91.31,0.07419589,964.3961,4.209572,68.0393,16.8131,310.6556,0.321939,7.02467,604.7634,1.9238
91.32,0.07422708,964.3892,4.209584,68.0396,16.8132,310.6232,0.321908,7.02524,604.7448,1.9236
91.33,0.07425827,964.3823,4.209596,68.0399,16.8133,310.5908,0.321877,7.02581,604.7262,1.9234
91.34,0.07428946,964.3754,4.209608,68.0402,16.8134,310.5584,0.321846,7.02638,604.7076,1.9232
91.35,0.07432065,964.3685,4.20962,68.0405,16.8135,310.526,0.321815,7.02695,604.689,1.923
91.36,0.07435184,964.3616,4.209632,68.0408,16.8136,310.4936,0.321784,7.02752,604.6704,1.9228
91.37,0.07438303,964.3547,4.209644,68.0411,16.8137,310.4612,0.321753,7.02809,604.6518,1.9226
91.38,0.07441422,964.3478,4.209656,68.0414,16.8138,310.4288,0.321722,7.02866,604.6332,1.9224
91.39,0.07444541,964.3409,4.209668,68.0417,16.8139,310.3964,0.321691,7.02923,604.6146,1.9222
91.4,0.0744766,964.334,4.20968,68.042,16.814,310.364,0.32166,7.0298,604.596,1.922
91.41,0.07450779,964.3271,4.209692,68.0423,16.8141,310.3316,0.321629,7.03037,604.5774,1.9218
91.42,0.07453898,964.3202,4.209704,68.0426,16.8142,310.2992,0.321598,7.03094,604.5588,1.9216
91.43,0.07457017,964.3133,4.209716,68.0429,16.8143,310.2668,0.321567,7.03151,604.5402,1.9214
91.44,0.07460136,964.3064,4.209728,68.0432,16.8144,310.2344,0.321536,7.03208,604.5216,1.9212
91.45,0.07463255,964.2995,4.20974,68.0435,16.8145,310.202,0.321505,7.03265,604.503,1.921
91.46,0.07466374,964.2926,4.209752,68.0438,16.8146,310.1696,0.321474,7.03322,604.4844,1.9208
91.47,0.07469493,964.2857,4.209764,68.0441,16.8147,310.1372,0.321443,7.03379,604.4658,1.9206
91.48,0.07472612,964.2788,4.209776,68.0444,16.8148,310.1048,0.321412,7.03436,604.4472,1.9204
91.49,0.07475731,964.2719,4.209788,68.0447,16.8149,310.0724,0.321381,7.03493,604.4286,1.9202
91.5,0.0747885,964.265,4.2098,68.045,16.815,310.04,0.32135,7.0355,604.41,1.92
91.51,0.07481969,964.2581,4.209812,68.0453,16.8151,310.0076,0.321319,7.03607,604.3914,1.9198
91.52,0.07485088,964.2512,4.209824,68.0456,16.8152,309.9752,0.321288,7.03664,604.3728,1.9196
91.53,0.07488207,964.2443,4.209836,68.0459,16.8153,309.9428,0.321257,7.03721,604.3542,1.9194
91.54,0.07491326,964.2374,4.209848,68.0462,16.8154,309.9104,0.321226,7.03778,604.3356,1.9192
91.55,0.07494445,964.2305,4.20986,68.0465,16.8155,309.878,0.321195,7.03835,604.317,1.919
91.56,0.07497564,964.2236,4.209872,68.0468,16.8156,309.8456,0.321164,7.03892,604.2984,1.9188
91.57,0.07500683,964.2167,4.209884,68.0471,16.8157,309.8132,0.321133,7.03949,604.2798,1.9186
91.58,0.07503802,964.2098,4.209896,68.0474,16.8158,309.7808,0.321102,7.04006,604.2612,1.9184
91.59,0.07506921,964.2029,4.209908,68.0477,16.8159,309.7484,0.321071,7.04063,604.2426,1.9182
91.6,0.0751004,964.196,4.20992,68.048,16.816,309.716,0.32104,7.0412,604.224,1.918
91.61,0.07513159,964.1891,4.209932,68.0483,16.8161,309.6836,0.321009,7.04177,604.2054,1.9178
91.62,0.07516278,964.1822,4.209944,68.0486,16.8162,309.6512,0.320978,7.04234,604.1868,1.9176
91.63,0.07519397,964.1753,4.209956,68.0489,16.8163,309.6188,0.320947,7.04291,604.1682,1.9174
91.64,0.07522516,964.1684,4.209968,68.0492,16.8164,309.5864,0.320916,7.04348,604.1496,1.9172
91.65,0.07525635,964.1615,4.20998,68.0495,16.8165,309.554,0.320885,7.04405,604.131,1.917
91.66,0.07528754,964.1546,4.209992,68.0498,16.8166,309.5216,0.320854,7.04462,604.1124,1.9168
91.67,0.07531873,964.1477,4.210004,68.0501,16.8167,309.4892,0.320823,7.04519,604.0938,1.9166
91.68,0.07534992,964.1408,4.210016,68.0504,16.8168,309.4568,0.320792,7.04576,604.0752,1.9164
91.69,0.07538111,964.1339,4.210028,68.0507,16.8169,309.4244,0.320761,7.04633,604.0566,1.9162
91.7,0.0754123,964.127,4.21004,68.051,16.817,309.392,0.32073,7.0469,604.038,1.916
91.71,0.07544349,964.1201,4.210052,68.0513,16.8171,309.3596,0.320699,7.04747,604.0194,1.9158
91.72,0.07547468,964.1132,4.210064,68.0516,16.8172,309.3272,0.320668,7.04804,604.0008,1.9156
91.73,0.07550587,964.1063,4.210076,68.0519,16.8173,309.2948,0.320637,7.04861,603.9822,1.9154
91.74,0.07553706,964.0994,4.210088,68.0522,16.8174,309.2624,0.320606,7.04918,603.9636,1.9152
91.75,0.07556825,964.0925,4.2101,68.0525,16.8175,309.23,0.320575,7.04975,603.945,1.915
91.76,0.07559944,964.0856,4.210112,68.0528,16.8176,309.1976,0.320544,7.05032,603.9264,1.9148
91.77,0.07563063,964.0787,4.210124,68.0531,16.8177,309.1652,0.320513,7.05089,603.9078,1.9146
91.78,0.07566182,964.0718,4.210136,68.0534,16.8178,309.1328,0.320482,7.05146,603.8892,1.9144
91.79,0.07569301,964.0649,4.210148,68.0537,16.8179,309.1004,0.320451,7.05203,603.8706,1.9142
91.8,0.0757242,964.058,4.21016,68.054,16.818,309.068,0.32042,7.0526,603.852,1.914
91.81,0.07575539,964.0511,4.210172,68.0543,16.8181,309.0356,0.320389,7.05317,603.8334,1.9138
91.82,0.07578658,964.0442,4.210184,68.0546,16.8182,309.0032,0.320358,7.05374,603.8148,1.9136
91.83,0.07581777,964.0373,4.210196,68.0549,16.8183,308.9708,0.320327,7.05431,603.7962,1.9134
91.84,0.07584896,964.0304,4.210208,68.0552,16.8184,308.9384,0.320296,7.05488,603.7776,1.9132
91.85,0.07588015,964.0235,4.21022,68.0555,16.8185,308.906,0.320265,7.05545,603.759,1.913
91.86,0.07591134,964.0166,4.210232,68.0558,16.8186,308.8736,0.320234,7.05602,603.7404,1.9128
91.87,0.07594253,964.0097,4.210244,68.0561,16.8187,308.8412,0.320203,7.05659,603.7218,1.9126
91.88,0.07597372,964.0028,4.210256,68.0564,16.8188,308.8088,0.320172,7.05716,603.7032,1.9124
91.89,0.07600491,963.9959,4.210268,68.0567,16.8189,308.7764,0.320141,7.05773,603.6846,1.9122
91.9,0.0760361,963.989,4.21028,68.057,16.819,308.744,0.32011,7.0583,603.666,1.912
91.91,0.07606729,963.9821,4.210292,68.0573,16.8191,308.7116,0.320079,7.05887,603.6474,1.9118
91.92,0.07609848,963.9752,4.210304,68.0576,16.8192,308.6792,0.320048,7.05944,603.6288,1.9116
91.93,0.07612967,963.9683,4.210316,68.0579,16.8193,308.6468,0.320017,7.06001,603.6102,1.9114
91.94,0.07616086,963.9614,4.210328,68.0582,16.8194,308.6144,0.319986,7.06058,603.5916,1.9112
91.95,0.07619205,963.9545,4.21034,68.0585,16.8195,308.582,0.319955,7.06115,603.573,1.911
91.96,0.07622324,963.9476,4.210352,68.0588,16.8196,308.5496,0.319924,7.06172,603.5544,1.9108
91.97,0.07625443,963.9407,4.210364,68.0591,16.8197,308.5172,0.319893,7.06229,603.5358,1.9106
91.98,0.07628562,963.9338,4.210376,68.0594,16.8198,308.4848,0.319862,7.06286,603.5172,1.9104
91.99,0.07631681,963.9269,4.210388,68.0597,16.8199,308.4524,0.319831,7.06343,603.4986,1.9102
92,0.076348,963.92,4.2104,68.06,16.82,308.42,0.3198,7.064,603.48,1.91
92.01,0.07637919,963.9131,4.210412,68.0603,16.8201,308.3876,0.319769,7.06457,603.4614,1.9098
92.02,0.07641038,963.9062,4.210424,68.0606,16.8202,308.3552,0.319738,7.06514,603.4428,1.9096
92.03,0.07644157,963.8993,4.210436,68.0609,16.8203,308.3228,0.319707,7.06571,603.4242,1.9094
92.04,0.07647276,963.8924,4.210448,68.0612,16.8204,308.2904,0.319676,7.06628,603.4056,1.9092
92.05,0.07650395,963.8855,4.21046,68.0615,16.8205,308.258,0.319645,7.06685,603.387,1.909
92.06,0.07653514,963.8786,4.210472,68.0618,16.8206,308.2256,0.319614,7.06742,603.3684,1.9088
92.07,0.07656633,963.8717,4.210484,68.0621,16.8207,308.1932,0.319583,7.06799,603.3498,1.9086
92.08,0.07659752,963.8648,4.210496,68.0624,16.8208,308.1608,0.319552,7.06856,603.3312,1.9084
92.09,0.07662871,963.8579,4.210508,68.0627,16.8209,308.1284,0.319521,7.06913,603.3126,1.9082
92.1,0.0766599,963.851,4.21052,68.063,16.821,308.096,0.31949,7.0697,603.294,1.908
92.11,0.07669109,963.8441,4.210532,68.0633,16.8211,308.0636,0.319459,7.07027,603.2754,1.9078
92.12,0.07672228,963.8372,4.210544,68.0636,16.8212,308.0312,0.319428,7.07084,603.2568,1.9076
92.13,0.07675347,963.8303,4.210556,68.0639,16.8213,307.9988,0.319397,7.07141,603.2382,1.9074
92.14,0.07678466,963.8234,4.210568,68.0642,16.8214,307.9664,0.319366,7.07198,603.2196,1.9072
92.15,0.07681585,963.8165,4.21058,68.0645,16.8215,307.934,0.319335,7.07255,603.201,1.907
92.16,0.07684704,963.8096,4.210592,68.0648,16.8216,307.9016,0.319304,7.07312,603.1824,1.9068
92.17,0.07687823,963.8027,4.210604,68.0651,16.8217,307.8692,0.319273,7.07369,603.1638,1.9066
92.18,0.07690942,963.7958,4.210616,68.0654,16.8218,307.8368,0.319242,7.07426,603.1452,1.9064
92.19,0.07694061,963.7889,4.210628,68.0657,16.8219,307.8044,0.319211,7.07483,603.1266,1.9062
92.2,0.0769718,963.782,4.21064,68.066,16.822,307.772,0.31918,7.0754,603.108,1.906
92.21,0.07700299,963.7751,4.210652,68.0663,16.8221,307.7396,0.319149,7.07597,603.0894,1.9058
92.22,0.07703418,963.7682,4.210664,68.0666,16.8222,307.7072,0.319118,7.07654,603.0708,1.9056
92.23,0.07706537,963.7613,4.210676,68.0669,16.8223,307.6748,0.319087,7.07711,603.0522,1.9054
92.24,0.07709656,963.7544,4.210688,68.0672,16.8224,307.6424,0.319056,7.07768,603.0336,1.9052
92.25,0.07712775,963.7475,4.2107,68.0675,16.8225,307.61,0.319025,7.07825,603.015,1.905
92.26,0.07715894,963.7406,4.210712,68.0678,16.8226,307.5776,0.318994,7.07882,602.9964,1.9048
92.27,0.07719013,963.7337,4.210724,68.0681,16.8227,307.5452,0.318963,7.07939,602.9778,1.9046
92.28,0.07722132,963.7268,4.210736,68.0684,16.8228,307.5128,0.318932,7.07996,602.9592,1.9044
92.29,0.07725251,963.7199,4.210748,68.0687,16.8229,307.4804,0.318901,7.08053,602.9406,1.9042
92.3,0.0772837,963.713,4.21076,68.069,16.823,307.448,0.31887,7.0811,602.922,1.904
92.31,0.07731489,963.7061,4.210772,68.0693,16.8231,307.4156,0.318839,7.08167,602.9034,1.9038
92.32,0.07734608,963.6992,4.210784,68.0696,16.8232,307.3832,0.318808,7.08224,602.8848,1.9036
92.33,0.07737727,963.6923,4.210796,68.0699,16.8233,307.3508,0.318777,7.08281,602.8662,1.9034
92.34,0.07740846,963.6854,4.210808,68.0702,16.8234,307.3184,0.318746,7.08338,602.8476,1.9032
92.35,0.07743965,963.6785,4.21082,68.0705,16.8235,307.286,0.318715,7.08395,602.829,1.903
92.36,0.07747084,963.6716,4.210832,68.0708,16.8236,307.2536,0.318684,7.08452,602.8104,1.9028
92.37,0.07750203,963.6647,4.210844,68.0711,16.8237,307.2212,0.318653,7.08509,602.7918,1.9026
92.38,0.07753322,963.6578,4.210856,68.0714,16.8238,307.1888,0.318622,7.08566,602.7732,1.9024
92.39,0.07756441,963.6509,4.210868,68.0717,16.8239,307.1564,0.318591,7.08623,602.7546,1.9022
92.4,0.0775956,963.644,4.21088,68.072,16.824,307.124,0.31856,7.0868,602.736,1.902
92.41,0.07762679,963.6371,4.210892,68.0723,16.8241,307.0916,0.318529,7.08737,602.7174,1.9018
92.42,0.07765798,963.6302,4.210904,68.0726,16.8242,307.0592,0.318498,7.08794,602.6988,1.9016
92.43,0.07768917,963.6233,4.210916,68.0729,16.8243,307.0268,0.318467,7.08851,602.6802,1.9014
92.44,0.07772036,963.6164,4.210928,68.0732,16.8244,306.9944,0.318436,7.08908,602.6616,1.9012
92.45,0.07775155,963.6095,4.21094,68.0735,16.8245,306.962,0.318405,7.08965,602.643,1.901
92.46,0.07778274,963.6026,4.210952,68.0738,16.8246,306.9296,0.318374,7.09022,602.6244,1.9008
92.47,0.07781393,963.5957,4.210964,68.0741,16.8247,306.8972,0.318343,7.09079,602.6058,1.9006
92.48,0.07784512,963.5888,4.210976,68.0744,16.8248,306.8648,0.318312,7.09136,602.5872,1.9004
92.49,0.07787631,963.5819,4.210988,68.0747,16.8249,306.8324,0.318281,7.09193,602.5686,1.9002
92.5,0.0779075,963.575,4.211,68.075,16.825,306.8,0.31825,7.0925,602.55,1.9
92.51,0.07793869,963.5681,4.211012,68.0753,16.8251,306.7676,0.318219,7.09307,602.5314,1.8998
92.52,0.07796988,963.5612,4.211024,68.0756,16.8252,306.7352,0.318188,7.09364,602.5128,1.8996
92.53,0.07800107,963.5543,4.211036,68.0759,16.8253,306.7028,0.318157,7.09421,602.4942,1.8994
92.54,0.07803226,963.5474,4.211048,68.0762,16.8254,306.6704,0.318126,7.09478,602.4756,1.8992
92.55,0.07806345,963.5405,4.21106,68.0765,16.8255,306.638,0.318095,7.09535,602.457,1.899
92.56,0.07809464,963.5336,4.211072,68.0768,16.8256,306.6056,0.318064,7.09592,602.4384,1.8988
92.57,0.07812583,963.5267,4.211084,68.0771,16.8257,306.5732,0.318033,7.09649,602.4198,1.8986
92.58,0.07815702,963.5198,4.211096,68.0774,16.8258,306.5408,0.318002,7.09706,602.4012,1.8984
92.59,0.07818821,963.5129,4.211108,68.0777,16.8259,306.5084,0.317971,7.09763,602.3826,1.8982
92.6,0.0782194,963.506,4.21112,68.078,16.826,306.476,0.31794,7.0982,602.364,1.898
92.61,0.07825059,963.4991,4.211132,68.0783,16.8261,306.4436,0.317909,7.09877,602.3454,1.8978
92.62,0.07828178,963.4922,4.211144,68.0786,16.8262,306.4112,0.317878,7.09934,602.3268,1.8976
92.63,0.07831297,963.4853,4.211156,68.0789,16.8263,306.3788,0.317847,7.09991,602.3082,1.8974
92.64,0.07834416,963.4784,4.211168,68.0792,16.8264,306.3464,0.317816,7.10048,602.2896,1.8972
92.65,0.07837535,963.4715,4.21118,68.0795,16.8265,306.314,0.317785,7.10105,602.271,1.897
92.66,0.07840654,963.4646,4.211192,68.0798,16.8266,306.2816,0.317754,7.10162,602.2524,1.8968
92.67,0.07843773,963.4577,4.211204,68.0801,16.8267,306.2492,0.317723,7.10219,602.2338,1.8966
92.68,0.07846892,963.4508,4.211216,68.0804,16.8268,306.2168,0.317692,7.10276,602.2152,1.8964
92.69,0.07850011,963.4439,4.211228,68.0807,16.8269,306.1844,0.317661,7.10333,602.1966,1.8962
92.7,0.0785313,963.437,4.21124,68.081,16.827,306.152,0.31763,7.1039,602.178,1.896
92.71,0.07856249,963.4301,4.211252,68.0813,16.8271,306.1196,0.317599,7.10447,602.1594,1.8958
92.72,0.07859368,963.4232,4.211264,68.0816,16.8272,306.0872,0.317568,7.10504,602.1408,1.8956
92.73,0.07862487,963.4163,4.211276,68.0819,16.8273,306.0548,0.317537,7.10561,602.1222,1.8954
92.74,0.07865606,963.4094,4.211288,68.0822,16.8274,306.0224,0.317506,7.10618,602.1036,1.8952
92.75,0.07868725,963.4025,4.2113,68.0825,16.8275,305.99,0.317475,7.10675,602.085,1.895
92.76,0.07871844,963.3956,4.211312,68.0828,16.8276,305.9576,0.317444,7.10732,602.0664,1.8948
92.77,0.07874963,963.3887,4.211324,68.0831,16.8277,305.9252,0.317413,7.10789,602.0478,1.8946
92.78,0.07878082,963.3818,4.211336,68.0834,16.8278,305.8928,0.317382,7.10846,602.0292,1.8944
92.79,0.07881201,963.3749,4.211348,68.0837,16.8279,305.8604,0.317351,7.10903,602.0106,1.8942
92.8,0.0788432,963.368,4.21136,68.084,16.828,305.828,0.31732,7.1096,601.992,1.894
92.81,0.07887439,963.3611,4.211372,68.0843,16.8281,305.7956,0.317289,7.11017,601.9734,1.8938
92.82,0.07890558,963.3542,4.211384,68.0846,16.8282,305.7632,0.317258,7.11074,601.9548,1.8936
92.83,0.07893677,963.3473,4.211396,68.0849,16.8283,305.7308,0.317227,7.11131,601.9362,1.8934
92.84,0.07896796,963.3404,4.211408,68.0852,16.8284,305.6984,0.317196,7.11188,601.9176,1.8932
92.85,0.07899915,963.3335,4.21142,68.0855,16.8285,305.666,0.317165,7.11245,601.899,1.893
92.86,0.07903034,963.3266,4.211432,68.0858,16.8286,305.6336,0.317134,7.11302,601.8804,1.8928
92.87,0.07906153,963.3197,4.211444,68.0861,16.8287,305.6012,0.317103,7.11359,601.8618,1.8926
92.88,0.07909272,963.3128,4.211456,68.0864,16.8288,305.5688,0.317072,7.11416,601.8432,1.8924
92.89,0.07912391,963.3059,4.211468,68.0867,16.8289,305.5364,0.317041,7.11473,601.8246,1.8922
92.9,0.0791551,963.299,4.21148,68.087,16.829,305.504,0.31701,7.1153,601.806,1.892
92.91,0.07918629,963.2921,4.211492,68.0873,16.8291,305.4716,0.316979,7.11587,601.7874,1.8918
92.92,0.07921748,963.2852,4.211504,68.0876,16.8292,305.4392,0.316948,7.11644,601.7688,1.8916
92.93,0.07924867,963.2783,4.211516,68.0879,16.8293,305.4068,0.316917,7.11701,601.7502,1.8914
92.94,0.07927986,963.2714,4.211528,68.0882,16.8294,305.3744,0.316886,7.11758,601.7316,1.8912
92.95,0.07931105,963.2645,4.21154,68.0885,16.8295,305.342,0.316855,7.11815,601.713,1.891
92.96,0.07934224,963.2576,4.211552,68.0888,16.8296,305.3096,0.316824,7.11872,601.6944,1.8908
92.97,0.07937343,963.2507,4.211564,68.0891,16.8297,305.2772,0.316793,7.11929,601.6758,1.8906
92.98,0.07940462,963.2438,4.211576,68.0894,16.8298,305.2448,0.316762,7.11986,601.6572,1.8904
92.99,0.07943581,963.2369,4.211588,68.0897,16.8299,305.2124,0.316731,7.12043,601.6386,1.8902
93,0.079467,963.23,4.2116,68.09,16.83,305.18,0.3167,7.121,601.62,1.89
93.01,0.07949819,963.2231,4.211612,68.0903,16.8301,305.1476,0.316669,7.12157,601.6014,1.8898
93.02,0.07952938,963.2162,4.211624,68.0906,16.8302,305.1152,0.316638,7.12214,601.5828,1.8896
93.03,0.07956057,963.2093,4.211636,68.0909,16.8303,305.0828,0.316607,7.12271,601.5642,1.8894
93.04,0.07959176,963.2024,4.211648,68.0912,16.8304,305.0504,0.316576,7.12328,601.5456,1.8892
93.05,0.07962295,963.1955,4.21166,68.0915,16.8305,305.018,0.316545,7.12385,601.527,1.889
93.06,0.07965414,963.1886,4.211672,68.0918,16.8306,304.9856,0.316514,7.12442,601.5084,1.8888
93.07,0.07968533,963.1817,4.211684,68.0921,16.8307,304.9532,0.316483,7.12499,601.4898,1.8886
93.08,0.07971652,963.1748,4.211696,68.0924,16.8308,304.9208,0.316452,7.12556,601.4712,1.8884
93.09,0.07974771,963.1679,4.211708,68.0927,16.8309,304.8884,0.316421,7.12613,601.4526,1.8882
93.1,0.0797789,963.161,4.21172,68.093,16.831,304.856,0.31639,7.1267,601.434,1.888
93.11,0.07981009,963.1541,4.211732,68.0933,16.8311,304.8236,0.316359,7.12727,601.4154,1.8878
93.12,0.07984128,963.1472,4.211744,68.0936,16.8312,304.7912,0.316328,7.12784,601.3968,1.8876
93.13,0.07987247,963.1403,4.211756,68.0939,16.8313,304.7588,0.316297,7.12841,601.3782,1.8874
93.14,0.07990366,963.1334,4.211768,68.0942,16.8314,304.7264,0.316266,7.12898,601.3596,1.8872
93.15,0.07993485,963.1265,4.21178,68.0945,16.8315,304.694,0.316235,7.12955,601.341,1.887
93.16,0.07996604,963.1196,4.211792,68.0948,16.8316,304.6616,0.316204,7.13012,601.3224,1.8868
93.17,0.07999723,963.1127,4.211804,68.0951,16.8317,304.6292,0.316173,7.13069,601.3038,1.8866
93.18,0.08002842,963.1058,4.211816,68.0954,16.8318,304.5968,0.316142,7.13126,601.2852,1.8864
93.19,0.08005961,963.0989,4.211828,68.0957,16.8319,304.5644,0.316111,7.13183,601.2666,1.8862
93.2,0.0800908,963.092,4.21184,68.096,16.832,304.532,0.31608,7.1324,601.248,1.886
93.21,0.08012199,963.0851,4.211852,68.0963,16.8321,304.4996,0.316049,7.13297,601.2294,1.8858
93.22,0.08015318,963.0782,4.211864,68.0966,16.8322,304.4672,0.316018,7.13354,601.2108,1.8856
93.23,0.08018437,963.0713,4.211876,68.0969,16.8323,304.4348,0.315987,7.13411,601.1922,1.8854
93.24,0.08021556,963.0644,4.211888,68.0972,16.8324,304.4024,0.315956,7.13468,601.1736,1.8852
93.25,0.08024675,963.0575,4.2119,68.0975,16.8325,304.37,0.315925,7.13525,601.155,1.885
93.26,0.08027794,963.0506,4.211912,68.0978,16.8326,304.3376,0.315894,7.13582,601.1364,1.8848
93.27,0.08030913,963.0437,4.211924,68.0981,16.8327,304.3052,0.315863,7.13639,601.1178,1.8846
93.28,0.08034032,963.0368,4.211936,68.0984,16.8328,304.2728,0.315832,7.13696,601.0992,1.8844
93.29,0.08037151,963.0299,4.211948,68.0987,16.8329,304.2404,0.315801,7.13753,601.0806,1.8842
93.3,0.0804027,963.023,4.21196,68.099,16.833,304.208,0.31577,7.1381,601.062,1.884
93.31,0.08043389,963.0161,4.211972,68.0993,16.8331,304.1756,0.315739,7.13867,601.0434,1.8838
93.32,0.08046508,963.0092,4.211984,68.0996,16.8332,304.1432,0.315708,7.13924,601.0248,1.8836
93.33,0.08049627,963.0023,4.211996,68.0999,16.8333,304.1108,0.315677,7.13981,601.0062,1.8834
93.34,0.08052746,962.9954,4.212008,68.1002,16.8334,304.0784,0.315646,7.14038,600.9876,1.8832
93.35,0.08055865,962.9885,4.21202,68.1005,16.8335,304.046,0.315615,7.14095,600.969,1.883
93.36,0.08058984,962.9816,4.212032,68.1008,16.8336,304.0136,0.315584,7.14152,600.9504,1.8828
93.37,0.08062103,962.9747,4.212044,68.1011,16.8337,303.9812,0.315553,7.14209,600.9318,1.8826
93.38,0.08065222,962.9678,4.212056,68.1014,16.8338,303.9488,0.315522,7.14266,600.9132,1.8824
93.39,0.08068341,962.9609,4.212068,68.1017,16.8339,303.9164,0.315491,7.14323,600.8946,1.8822
93.4,0.0807146,962.954,4.21208,68.102,16.834,303.884,0.31546,7.1438,600.876,1.882
93.41,0.08074579,962.9471,4.212092,68.1023,16.8341,303.8516,0.315429,7.14437,600.8574,1.8818
93.42,0.08077698,962.9402,4.212104,68.1026,16.8342,303.8192,0.315398,7.14494,600.8388,1.8816
93.43,0.08080817,962.9333,4.212116,68.1029,16.8343,303.7868,0.315367,7.14551,600.8202,1.8814
93.44,0.08083936,962.9264,4.212128,68.1032,16.8344,303.7544,0.315336,7.14608,600.8016,1.8812
93.45,0.08087055,962.9195,4.21214,68.1035,16.8345,303.722,0.315305,7.14665,600.783,1.881
93.46,0.08090174,962.9126,4.212152,68.1038,16.8346,303.6896,0.315274,7.14722,600.7644,1.8808
93.47,0.08093293,962.9057,4.212164,68.1041,16.8347,303.6572,0.315243,7.14779,600.7458,1.8806
93.48,0.08096412,962.8988,4.212176,68.1044,16.8348,303.6248,0.315212,7.14836,600.7272,1.8804
93.49,0.08099531,962.8919,4.212188,68.1047,16.8349,303.5924,0.315181,7.14893,600.7086,1.8802
93.5,0.0810265,962.885,4.2122,68.105,16.835,303.56,0.31515,7.1495,600.69,1.88
93.51,0.08105769,962.8781,4.212212,68.1053,16.8351,303.5276,0.315119,7.15007,600.6714,1.8798
93.52,0.08108888,962.8712,4.212224,68.1056,16.8352,303.4952,0.315088,7.15064,600.6528,1.8796
93.53,0.08112007,962.8643,4.212236,68.1059,16.8353,303.4628,0.315057,7.15121,600.6342,1.8794
93.54,0.08115126,962.8574,4.212248,68.1062,16.8354,303.4304,0.315026,7.15178,600.6156,1.8792
93.55,0.08118245,962.8505,4.21226,68.1065,16.8355,303.398,0.314995,7.15235,600.597,1.879
93.56,0.08121364,962.8436,4.212272,68.1068,16.8356,303.3656,0.314964,7.15292,600.5784,1.8788
93.57,0.08124483,962.8367,4.212284,68.1071,16.8357,303.3332,0.314933,7.15349,600.5598,1.8786
93.58,0.08127602,962.8298,4.212296,68.1074,16.8358,303.3008,0.314902,7.15406,600.5412,1.8784
93.59,0.08130721,962.8229,4.212308,68.1077,16.8359,303.2684,0.314871,7.15463,600.5226,1.8782
93.6,0.0813384,962.816,4.21232,68.108,16.836,303.236,0.31484,7.1552,600.504,1.878
93.61,0.08136959,962.8091,4.212332,68.1083,16.8361,303.2036,0.314809,7.15577,600.4854,1.8778
93.62,0.08140078,962.8022,4.212344,68.1086,16.8362,303.1712,0.314778,7.15634,600.4668,1.8776
93.63,0.08143197,962.7953,4.212356,68.1089,16.8363,303.1388,0.314747,7.15691,600.4482,1.8774
93.64,0.08146316,962.7884,4.212368,68.1092,16.8364,303.1064,0.314716,7.15748,600.4296,1.8772
93.65,0.08149435,962.7815,4.21238,68.1095,16.8365,303.074,0.314685,7.15805,600.411,1.877
93.66,0.08152554,962.7746,4.212392,68.1098,16.8366,303.0416,0.314654,7.15862,600.3924,1.8768
93.67,0.08155673,962.7677,4.212404,68.1101,16.8367,303.0092,0.314623,7.15919,600.3738,1.8766
93.68,0.08158792,962.7608,4.212416,68.1104,16.8368,302.9768,0.314592,7.15976,600.3552,1.8764
93.69,0.08161911,962.7539,4.212428,68.1107,16.8369,302.9444,0.314561,7.16033,600.3366,1.8762
93.7,0.0816503,962.747,4.21244,68.111,16.837,302.912,0.31453,7.1609,600.318,1.876
93.71,0.08168149,962.7401,4.212452,68.1113,16.8371,302.8796,0.314499,7.16147,600.2994,1.8758
93.72,0.08171268,962.7332,4.212464,68.1116,16.8372,302.8472,0.314468,7.16204,600.2808,1.8756
93.73,0.08174387,962.7263,4.212476,68.1119,16.8373,302.8148,0.314437,7.16261,600.2622,1.8754
93.74,0.08177506,962.7194,4.212488,68.1122,16.8374,302.7824,0.314406,7.16318,600.2436,1.8752
93.75,0.08180625,962.7125,4.2125,68.1125,16.8375,302.75,0.314375,7.16375,600.225,1.875
93.76,0.08183744,962.7056,4.212512,68.1128,16.8376,302.7176,0.314344,7.16432,600.2064,1.8748
93.77,0.08186863,962.6987,4.212524,68.1131,16.8377,302.6852,0.314313,7.16489,600.1878,1.8746
93.78,0.08189982,962.6918,4.212536,68.1134,16.8378,302.6528,0.314282,7.16546,600.1692,1.8744
93.79,0.08193101,962.6849,4.212548,68.1137,16.8379,302.6204,0.314251,7.16603,600.1506,1.8742
93.8,0.0819622,962.678,4.21256,68.114,16.838,302.588,0.31422,7.1666,600.132,1.874
93.81,0.08199339,962.6711,4.212572,68.1143,16.8381,302.5556,0.314189,7.16717,600.1134,1.8738
93.82,0.08202458,962.6642,4.212584,68.1146,16.8382,302.5232,0.314158,7.16774,600.0948,1.8736
93.83,0.08205577,962.6573,4.212596,68.1149,16.8383,302.4908,0.314127,7.16831,600.0762,1.8734
93.84,0.08208696,962.6504,4.212608,68.1152,16.8384,302.4584,0.314096,7.16888,600.0576,1.8732
93.85,0.08211815,962.6435,4.21262,68.1155,16.8385,302.426,0.314065,7.16945,600.039,1.873
93.86,0.08214934,962.6366,4.212632,68.1158,16.8386,302.3936,0.314034,7.17002,600.0204,1.8728
93.87,0.08218053,962.6297,4.212644,68.1161,16.8387,302.3612,0.314003,7.17059,600.0018,1.8726
93.88,0.08221172,962.6228,4.212656,68.1164,16.8388,302.3288,0.313972,7.17116,599.9832,1.8724
93.89,0.08224291,962.6159,4.212668,68.1167,16.8389,302.2964,0.313941,7.17173,599.9646,1.8722
93.9,0.0822741,962.609,4.21268,68.117,16.839,302.264,0.31391,7.1723,599.946,1.872
93.91,0.08230529,962.6021,4.212692,68.1173,16.8391,302.2316,0.313879,7.17287,599.9274,1.8718
93.92,0.08233648,962.5952,4.212704,68.1176,16.8392,302.1992,0.313848,7.17344,599.9088,1.8716
93.93,0.08236767,962.5883,4.212716,68.1179,16.8393,302.1668,0.313817,7.17401,599.8902,1.8714
93.94,0.08239886,962.5814,4.212728,68.1182,16.8394,302.1344,0.313786,7.17458,599.8716,1.8712
93.95,0.08243005,962.5745,4.21274,68.1185,16.8395,302.102,0.313755,7.17515,599.853,1.871
93.96,0.08246124,962.5676,4.212752,68.1188,16.8396,302.0696,0.313724,7.17572,599.8344,1.8708
93.97,0.08249243,962.5607,4.212764,68.1191,16.8397,302.0372,0.313693,7.17629,599.8158,1.8706
93.98,0.08252362,962.5538,4.212776,68.1194,16.8398,302.0048,0.313662,7.17686,599.7972,1.8704
93.99,0.08255481,962.5469,4.212788,68.1197,16.8399,301.9724,0.313631,7.17743,599.7786,1.8702
94,0.082586,962.54,4.2128,68.12,16.84,301.94,0.3136,7.178,599.76,1.87
94.01,0.08261719,962.5331,4.212812,68.1203,16.8401,301.9076,0.313569,7.17857,599.7414,1.8698
94.02,0.08264838,962.5262,4.212824,68.1206,16.8402,301.8752,0.313538,7.17914,599.7228,1.8696
94.03,0.08267957,962.5193,4.212836,68.1209,16.8403,301.8428,0.313507,7.17971,599.7042,1.8694
94.04,0.08271076,962.5124,4.212848,68.1212,16.8404,301.8104,0.313476,7.18028,599.6856,1.8692
94.05,0.08274195,962.5055,4.21286,68.1215,16.8405,301.778,0.313445,7.18085,599.667,1.869
94.06,0.08277314,962.4986,4.212872,68.1218,16.8406,301.7456,0.313414,7.18142,599.6484,1.8688
94.07,0.08280433,962.4917,4.212884,68.1221,16.8407,301.7132,0.313383,7.18199,599.6298,1.8686
94.08,0.08283552,962.4848,4.212896,68.1224,16.8408,301.6808,0.313352,7.18256,599.6112,1.8684
94.09,0.08286671,962.4779,4.212908,68.1227,16.8409,301.6484,0.313321,7.18313,599.5926,1.8682
94.1,0.0828979,962.471,4.21292,68.123,16.841,301.616,0.31329,7.1837,599.574,1.868
94.11,0.08292909,962.4641,4.212932,68.1233,16.8411,301.5836,0.313259,7.18427,599.5554,1.8678
94.12,0.08296028,962.4572,4.212944,68.1236,16.8412,301.5512,0.313228,7.18484,599.5368,1.8676
94.13,0.08299147,962.4503,4.212956,68.1239,16.8413,301.5188,0.313197,7.18541,599.5182,1.8674
94.14,0.08302266,962.4434,4.212968,68.1242,16.8414,301.4864,0.313166,7.18598,599.4996,1.8672
94.15,0.08305385,962.4365,4.21298,68.1245,16.8415,301.454,0.313135,7.18655,599.481,1.867
94.16,0.08308504,962.4296,4.212992,68.1248,16.8416,301.4216,0.313104,7.18712,599.4624,1.8668
94.17,0.08311623,962.4227,4.213004,68.1251,16.8417,301.3892,0.313073,7.18769,599.4438,1.8666
94.18,0.08314742,962.4158,4.213016,68.1254,16.8418,301.3568,0.313042,7.18826,599.4252,1.8664
94.19,0.08317861,962.4089,4.213028,68.1257,16.8419,301.3244,0.313011,7.18883,599.4066,1.8662
94.2,0.0832098,962.402,4.21304,68.126,16.842,301.292,0.31298,7.1894,599.388,1.866
94.21,0.08324099,962.3951,4.213052,68.1263,16.8421,301.2596,0.312949,7.18997,599.3694,1.8658
94.22,0.08327218,962.3882,4.213064,68.1266,16.8422,301.2272,0.312918,7.19054,599.3508,1.8656
94.23,0.08330337,962.3813,4.213076,68.1269,16.8423,301.1948,0.312887,7.19111,599.3322,1.8654
94.24,0.08333456,962.3744,4.213088,68.1272,16.8424,301.1624,0.312856,7.19168,599.3136,1.8652
94.25,0.08336575,962.3675,4.2131,68.1275,16.8425,301.13,0.312825,7.19225,599.295,1.865
94.26,0.08339694,962.3606,4.213112,68.1278,16.8426,301.0976,0.312794,7.19282,599.2764,1.8648
94.27,0.08342813,962.3537,4.213124,68.1281,16.8427,301.0652,0.312763,7.19339,599.2578,1.8646
94.28,0.08345932,962.3468,4.213136,68.1284,16.8428,301.0328,0.312732,7.19396,599.2392,1.8644
94.29,0.08349051,962.3399,4.213148,68.1287,16.8429,301.0004,0.312701,7.19453,599.2206,1.8642
94.3,0.0835217,962.333,4.21316,68.129,16.843,300.968,0.31267,7.1951,599.202,1.864
94.31,0.08355289,962.3261,4.213172,68.1293,16.8431,300.9356,0.312639,7.19567,599.1834,1.8638
94.32,0.08358408,962.3192,4.213184,68.1296,16.8432,300.9032,0.312608,7.19624,599.1648,1.8636
94.33,0.08361527,962.3123,4.213196,68.1299,16.8433,300.8708,0.312577,7.19681,599.1462,1.8634
94.34,0.08364646,962.3054,4.213208,68.1302,16.8434,300.8384,0.312546,7.19738,599.1276,1.8632
94.35,0.08367765,962.2985,4.21322,68.1305,16.8435,300.806,0.312515,7.19795,599.109,1.863
94.36,0.08370884,962.2916,4.213232,68.1308,16.8436,300.7736,0.312484,7.19852,599.0904,1.8628
94.37,0.08374003,962.2847,4.213244,68.1311,16.8437,300.7412,0.312453,7.19909,599.0718,1.8626
94.38,0.08377122,962.2778,4.213256,68.1314,16.8438,300.7088,0.312422,7.19966,599.0532,1.8624
94.39,0.08380241,962.2709,4.213268,68.1317,16.8439,300.6764,0.312391,7.20023,599.0346,1.8622
94.4,0.0838336,962.264,4.21328,68.132,16.844,300.644,0.31236,7.2008,599.016,1.862
94.41,0.08386479,962.2571,4.213292,68.1323,16.8441,300.6116,0.312329,7.20137,598.9974,1.8618
94.42,0.08389598,962.2502,4.213304,68.1326,16.8442,300.5792,0.312298,7.20194,598.9788,1.8616
94.43,0.08392717,962.2433,4.213316,68.1329,16.8443,300.5468,0.312267,7.20251,598.9602,1.8614
94.44,0.08395836,962.2364,4.213328,68.1332,16.8444,300.5144,0.312236,7.20308,598.9416,1.8612
94.45,0.08398955,962.2295,4.21334,68.1335,16.8445,300.482,0.312205,7.20365,598.923,1.861
94.46,0.08402074,962.2226,4.213352,68.1338,16.8446,300.4496,0.312174,7.20422,598.9044,1.8608
94.47,0.08405193,962.2157,4.213364,68.1341,16.8447,300.4172,0.312143,7.20479,598.8858,1.8606
94.48,0.08408312,962.2088,4.213376,68.1344,16.8448,300.3848,0.312112,7.20536,598.8672,1.8604
94.49,0.08411431,962.2019,4.213388,68.1347,16.8449,300.3524,0.312081,7.20593,598.8486,1.8602
94.5,0.0841455,962.195,4.2134,68.135,16.845,300.32,0.31205,7.2065,598.83,1.86
94.51,0.08417669,962.1881,4.213412,68.1353,16.8451,300.2876,0.312019,7.20707,598.8114,1.8598
94.52,0.08420788,962.1812,4.213424,68.1356,16.8452,300.2552,0.311988,7.20764,598.7928,1.8596
94.53,0.08423907,962.1743,4.213436,68.1359,16.8453,300.2228,0.311957,7.20821,598.7742,1.8594
94.54,0.08427026,962.1674,4.213448,68.1362,16.8454,300.1904,0.311926,7.20878,598.7556,1.8592
94.55,0.08430145,962.1605,4.21346,68.1365,16.8455,300.158,0.311895,7.20935,598.737,1.859
94.56,0.08433264,962.1536,4.213472,68.1368,16.8456,300.1256,0.311864,7.20992,598.7184,1.8588
94.57,0.08436383,962.1467,4.213484,68.1371,16.8457,300.0932,0.311833,7.21049,598.6998,1.8586
94.58,0.08439502,962.1398,4.213496,68.1374,16.8458,300.0608,0.311802,7.21106,598.6812,1.8584
94.59,0.08442621,962.1329,4.213508,68.1377,16.8459,300.0284,0.311771,7.21163,598.6626,1.8582
94.6,0.0844574,962.126,4.21352,68.138,16.846,299.996,0.31174,7.2122,598.644,1.858
94.61,0.08448859,962.1191,4.213532,68.1383,16.8461,299.9636,0.311709,7.21277,598.6254,1.8578
94.62,0.08451978,962.1122,4.213544,68.1386,16.8462,299.9312,0.311678,7.21334,598.6068,1.8576
94.63,0.08455097,962.1053,4.213556,68.1389,16.8463,299.8988,0.311647,7.21391,598.5882,1.8574
94.64,0.08458216,962.0984,4.213568,68.1392,16.8464,299.8664,0.311616,7.21448,598.5696,1.8572
94.65,0.08461335,962.0915,4.21358,68.1395,16.8465,299.834,0.311585,7.21505,598.551,1.857
94.66,0.08464454,962.0846,4.213592,68.1398,16.8466,299.8016,0.311554,7.21562,598.5324,1.8568
94.67,0.08467573,962.0777,4.213604,68.1401,16.8467,299.7692,0.311523,7.21619,598.5138,1.8566
94.68,0.08470692,962.0708,4.213616,68.1404,16.8468,299.7368,0.311492,7.21676,598.4952,1.8564
94.69,0.08473811,962.0639,4.213628,68.1407,16.8469,299.7044,0.311461,7.21733,598.4766,1.8562
94.7,0.0847693,962.057,4.21364,68.141,16.847,299.672,0.31143,7.2179,598.458,1.856
94.71,0.08480049,962.0501,4.213652,68.1413,16.8471,299.6396,0.311399,7.21847,598.4394,1.8558
94.72,0.08483168,962.0432,4.213664,68.1416,16.8472,299.6072,0.311368,7.21904,598.4208,1.8556
94.73,0.08486287,962.0363,4.213676,68.1419,16.8473,299.5748,0.311337,7.21961,598.4022,1.8554
94.74,0.08489406,962.0294,4.213688,68.1422,16.8474,299.5424,0.311306,7.22018,598.3836,1.8552
94.75,0.08492525,962.0225,4.2137,68.1425,16.8475,299.51,0.311275,7.22075,598.365,1.855
94.76,0.08495644,962.0156,4.213712,68.1428,16.8476,299.4776,0.311244,7.22132,598.3464,1.8548
94.77,0.08498763,962.0087,4.213724,68.1431,16.8477,299.4452,0.311213,7.22189,598.3278,1.8546
94.78,0.08501882,962.0018,4.213736,68.1434,16.8478,299.4128,0.311182,7.22246,598.3092,1.8544
94.79,0.08505001,961.9949,4.213748,68.1437,16.8479,299.3804,0.311151,7.22303,598.2906,1.8542
94.8,0.0850812,961.988,4.21376,68.144,16.848,299.348,0.31112,7.2236,598.272,1.854
94.81,0.08511239,961.9811,4.213772,68.1443,16.8481,299.3156,0.311089,7.22417,598.2534,1.8538
94.82,0.08514358,961.9742,4.213784,68.1446,16.8482,299.2832,0.311058,7.22474,598.2348,1.8536
94.83,0.08517477,961.9673,4.213796,68.1449,16.8483,299.2508,0.311027,7.22531,598.2162,1.8534
94.84,0.08520596,961.9604,4.213808,68.1452,16.8484,299.2184,0.310996,7.22588,598.1976,1.8532
94.85,0.08523715,961.9535,4.21382,68.1455,16.8485,299.186,0.310965,7.22645,598.179,1.853
94.86,0.08526834,961.9466,4.213832,68.1458,16.8486,299.1536,0.310934,7.22702,598.1604,1.8528
94.87,0.08529953,961.9397,4.213844,68.1461,16.8487,299.1212,0.310903,7.22759,598.1418,1.8526
94.88,0.08533072,961.9328,4.213856,68.1464,16.8488,299.0888,0.310872,7.22816,598.1232,1.8524
94.89,0.08536191,961.9259,4.213868,68.1467,16.8489,299.0564,0.310841,7.22873,598.1046,1.8522
94.9,0.0853931,961.919,4.21388,68.147,16.849,299.024,0.31081,7.2293,598.086,1.852
94.91,0.08542429,961.9121,4.213892,68.1473,16.8491,298.9916,0.310779,7.22987,598.0674,1.8518
94.92,0.08545548,961.9052,4.213904,68.1476,16.8492,298.9592,0.310748,7.23044,598.0488,1.8516
94.93,0.08548667,961.8983,4.213916,68.1479,16.8493,298.9268,0.310717,7.23101,598.0302,1.8514
94.94,0.08551786,961.8914,4.213928,68.1482,16.8494,298.8944,0.310686,7.23158,598.0116,1.8512
94.95,0.08554905,961.8845,4.21394,68.1485,16.8495,298.862,0.310655,7.23215,597.993,1.851
94.96,0.08558024,961.8776,4.213952,68.1488,16.8496,298.8296,0.310624,7.23272,597.9744,1.8508
94.97,0.08561143,961.8707,4.213964,68.1491,16.8497,298.7972,0.310593,7.23329,597.9558,1.8506
94.98,0.08564262,961.8638,4.213976,68.1494,16.8498,298.7648,0.310562,7.23386,597.9372,1.8504
94.99,0.08567381,961.8569,4.213988,68.1497,16.8499,298.7324,0.310531,7.23443,597.9186,1.8502
95,0.085705,961.85,4.214,68.15,16.85,298.7,0.3105,7.235,597.9,1.85
95.01,0.08573619,961.8431,4.214012,68.1503,16.8501,298.6676,0.310469,7.23557,597.8814,1.8498
95.02,0.08576738,961.8362,4.214024,68.1506,16.8502,298.6352,0.310438,7.23614,597.8628,1.8496
95.03,0.08579857,961.8293,4.214036,68.1509,16.8503,298.6028,0.310407,7.23671,597.8442,1.8494
95.04,0.08582976,961.8224,4.214048,68.1512,16.8504,298.5704,0.310376,7.23728,597.8256,1.8492
95.05,0.08586095,961.8155,4.21406,68.1515,16.8505,298.538,0.310345,7.23785,597.807,1.849
95.06,0.08589214,961.8086,4.214072,68.1518,16.8506,298.5056,0.310314,7.23842,597.7884,1.8488
95.07,0.08592333,961.8017,4.214084,68.1521,16.8507,298.4732,0.310283,7.23899,597.7698,1.8486
95.08,0.08595452,961.7948,4.214096,68.1524,16.8508,298.4408,0.310252,7.23956,597.7512,1.8484
95.09,0.08598571,961.7879,4.214108,68.1527,16.8509,298.4084,0.310221,7.24013,597.7326,1.8482
95.1,0.0860169,961.781,4.21412,68.153,16.851,298.376,0.31019,7.2407,597.714,1.848
95.11,0.08604809,961.7741,4.214132,68.1533,16.8511,298.3436,0.310159,7.24127,597.6954,1.8478
95.12,0.08607928,961.7672,4.214144,68.1536,16.8512,298.3112,0.310128,7.24184,597.6768,1.8476
95.13,0.08611047,961.7603,4.214156,68.1539,16.8513,298.2788,0.310097,7.24241,597.6582,1.8474
95.14,0.08614166,961.7534,4.214168,68.1542,16.8514,298.2464,0.310066,7.24298,597.6396,1.8472
95.15,0.08617285,961.7465,4.21418,68.1545,16.8515,298.214,0.310035,7.24355,597.621,1.847
95.16,0.08620404,961.7396,4.214192,68.1548,16.8516,298.1816,0.310004,7.24412,597.6024,1.8468
95.17,0.08623523,961.7327,4.214204,68.1551,16.8517,298.1492,0.309973,7.24469,597.5838,1.8466
95.18,0.08626642,961.7258,4.214216,68.1554,16.8518,298.1168,0.309942,7.24526,597.5652,1.8464
95.19,0.08629761,961.7189,4.214228,68.1557,16.8519,298.0844,0.309911,7.24583,597.5466,1.8462
95.2,0.0863288,961.712,4.21424,68.156,16.852,298.052,0.30988,7.2464,597.528,1.846
95.21,0.08635999,961.7051,4.214252,68.1563,16.8521,298.0196,0.309849,7.24697,597.5094,1.8458
95.22,0.08639118,961.6982,4.214264,68.1566,16.8522,297.9872,0.309818,7.24754,597.4908,1.8456
95.23,0.08642237,961.6913,4.214276,68.1569,16.8523,297.9548,0.309787,7.24811,597.4722,1.8454
95.24,0.08645356,961.6844,4.214288,68.1572,16.8524,297.9224,0.309756,7.24868,597.4536,1.8452
95.25,0.08648475,961.6775,4.2143,68.1575,16.8525,297.89,0.309725,7.24925,597.435,1.845
95.26,0.08651594,961.6706,4.214312,68.1578,16.8526,297.8576,0.309694,7.24982,597.4164,1.8448
95.27,0.08654713,961.6637,4.214324,68.1581,16.8527,297.8252,0.309663,7.25039,597.3978,1.8446
95.28,0.08657832,961.6568,4.214336,68.1584,16.8528,297.7928,0.309632,7.25096,597.3792,1.8444
95.29,0.08660951,961.6499,4.214348,68.1587,16.8529,297.7604,0.309601,7.25153,597.3606,1.8442
95.3,0.0866407,961.643,4.21436,68.159,16.853,297.728,0.30957,7.2521,597.342,1.844
95.31,0.08667189,961.6361,4.214372,68.1593,16.8531,297.6956,0.309539,7.25267,597.3234,1.8438
95.32,0.08670308,961.6292,4.214384,68.1596,16.8532,297.6632,0.309508,7.25324,597.3048,1.8436
95.33,0.08673427,961.6223,4.214396,68.1599,16.8533,297.6308,0.309477,7.25381,597.2862,1.8434
95.34,0.08676546,961.6154,4.214408,68.1602,16.8534,297.5984,0.309446,7.25438,597.2676,1.8432
95.35,0.08679665,961.6085,4.21442,68.1605,16.8535,297.566,0.309415,7.25495,597.249,1.843
95.36,0.08682784,961.6016,4.214432,68.1608,16.8536,297.5336,0.309384,7.25552,597.2304,1.8428
95.37,0.08685903,961.5947,4.214444,68.1611,16.8537,297.5012,0.309353,7.25609,597.2118,1.8426
95.38,0.08689022,961.5878,4.214456,68.1614,16.8538,297.4688,0.309322,7.25666,597.1932,1.8424
95.39,0.08692141,961.5809,4.214468,68.1617,16.8539,297.4364,0.309291,7.25723,597.1746,1.8422
95.4,0.0869526,961.574,4.21448,68.162,16.854,297.404,0.30926,7.2578,597.156,1.842
95.41,0.08698379,961.5671,4.214492,68.1623,16.8541,297.3716,0.309229,7.25837,597.1374,1.8418
95.42,0.08701498,961.5602,4.214504,68.1626,16.8542,297.3392,0.309198,7.25894,597.1188,1.8416
95.43,0.08704617,961.5533,4.214516,68.1629,16.8543,297.3068,0.309167,7.25951,597.1002,1.8414
95.44,0.08707736,961.5464,4.214528,68.1632,16.8544,297.2744,0.309136,7.26008,597.0816,1.8412
95.45,0.08710855,961.5395,4.21454,68.1635,16.8545,297.242,0.309105,7.26065,597.063,1.841
95.46,0.08713974,961.5326,4.214552,68.1638,16.8546,297.2096,0.309074,7.26122,597.0444,1.8408
95.47,0.08717093,961.5257,4.214564,68.1641,16.8547,297.1772,0.309043,7.26179,597.0258,1.8406
95.48,0.08720212,961.5188,4.214576,68.1644,16.8548,297.1448,0.309012,7.26236,597.0072,1.8404
95.49,0.08723331,961.5119,4.214588,68.1647,16.8549,297.1124,0.308981,7.26293,596.9886,1.8402
95.5,0.0872645,961.505,4.2146,68.165,16.855,297.08,0.30895,7.2635,596.97,1.84
95.51,0.08729569,961.4981,4.214612,68.1653,16.8551,297.0476,0.308919,7.26407,596.9514,1.8398
95.52,0.08732688,961.4912,4.214624,68.1656,16.8552,297.0152,0.308888,7.26464,596.9328,1.8396
95.53,0.08735807,961.4843,4.214636,68.1659,16.8553,296.9828,0.308857,7.26521,596.9142,1.8394
95.54,0.08738926,961.4774,4.214648,68.1662,16.8554,296.9504,0.308826,7.26578,596.8956,1.8392
95.55,0.08742045,961.4705,4.21466,68.1665,16.8555,296.918,0.308795,7.26635,596.877,1.839
95.56,0.08745164,961.4636,4.214672,68.1668,16.8556,296.8856,0.308764,7.26692,596.8584,1.8388
95.57,0.08748283,961.4567,4.214684,68.1671,16.8557,296.8532,0.308733,7.26749,596.8398,1.8386
95.58,0.08751402,961.4498,4.214696,68.1674,16.8558,296.8208,0.308702,7.26806,596.8212,1.8384
95.59,0.08754521,961.4429,4.214708,68.1677,16.8559,296.7884,0.308671,7.26863,596.8026,1.8382
95.6,0.0875764,961.436,4.21472,68.168,16.856,296.756,0.30864,7.2692,596.784,1.838
95.61,0.08760759,961.4291,4.214732,68.1683,16.8561,296.7236,0.308609,7.26977,596.7654,1.8378
95.62,0.08763878,961.4222,4.214744,68.1686,16.8562,296.6912,0.308578,7.27034,596.7468,1.8376
95.63,0.08766997,961.4153,4.214756,68.1689,16.8563,296.6588,0.308547,7.27091,596.7282,1.8374
95.64,0.08770116,961.4084,4.214768,68.1692,16.8564,296.6264,0.308516,7.27148,596.7096,1.8372
95.65,0.08773235,961.4015,4.21478,68.1695,16.8565,296.594,0.308485,7.27205,596.691,1.837
95.66,0.08776354,961.3946,4.214792,68.1698,16.8566,296.5616,0.308454,7.27262,596.6724,1.8368
95.67,0.08779473,961.3877,4.214804,68.1701,16.8567,296.5292,0.308423,7.27319,596.6538,1.8366
95.68,0.08782592,961.3808,4.214816,68.1704,16.8568,296.4968,0.308392,7.27376,596.6352,1.8364
95.69,0.08785711,961.3739,4.214828,68.1707,16.8569,296.4644,0.308361,7.27433,596.6166,1.8362
95.7,0.0878883,961.367,4.21484,68.171,16.857,296.432,0.30833,7.2749,596.598,1.836
95.71,0.08791949,961.3601,4.214852,68.1713,16.8571,296.3996,0.308299,7.27547,596.5794,1.8358
95.72,0.08795068,961.3532,4.214864,68.1716,16.8572,296.3672,0.308268,7.27604,596.5608,1.8356
95.73,0.08798187,961.3463,4.214876,68.1719,16.8573,296.3348,0.308237,7.27661,596.5422,1.8354
95.74,0.08801306,961.3394,4.214888,68.1722,16.8574,296.3024,0.308206,7.27718,596.5236,1.8352
95.75,0.08804425,961.3325,4.2149,68.1725,16.8575,296.27,0.308175,7.27775,596.505,1.835
95.76,0.08807544,961.3256,4.214912,68.1728,16.8576,296.2376,0.308144,7.27832,596.4864,1.8348
95.77,0.08810663,961.3187,4.214924,68.1731,16.8577,296.2052,0.308113,7.27889,596.4678,1.8346
95.78,0.08813782,961.3118,4.214936,68.1734,16.8578,296.1728,0.308082,7.27946,596.4492,1.8344
95.79,0.08816901,961.3049,4.214948,68.1737,16.8579,296.1404,0.308051,7.28003,596.4306,1.8342
95.8,0.0882002,961.298,4.21496,68.174,16.858,296.108,0.30802,7.2806,596.412,1.834
95.81,0.08823139,961.2911,4.214972,68.1743,16.8581,296.0756,0.307989,7.28117,596.3934,1.8338
95.82,0.08826258,961.2842,4.214984,68.1746,16.8582,296.0432,0.307958,7.28174,596.3748,1.8336
95.83,0.08829377,961.2773,4.214996,68.1749,16.8583,296.0108,0.307927,7.28231,596.3562,1.8334
95.84,0.08832496,961.2704,4.215008,68.1752,16.8584,295.9784,0.307896,7.28288,596.3376,1.8332
95.85,0.08835615,961.2635,4.21502,68.1755,16.8585,295.946,0.307865,7.28345,596.319,1.833
95.86,0.08838734,961.2566,4.215032,68.1758,16.8586,295.9136,0.307834,7.28402,596.3004,1.8328
95.87,0.08841853,961.2497,4.215044,68.1761,16.8587,295.8812,0.307803,7.28459,596.2818,1.8326
95.88,0.08844972,961.2428,4.215056,68.1764,16.8588,295.8488,0.307772,7.28516,596.2632,1.8324
95.89,0.08848091,961.2359,4.215068,68.1767,16.8589,295.8164,0.307741,7.28573,596.2446,1.8322
95.9,0.0885121,961.229,4.21508,68.177,16.859,295.784,0.30771,7.2863,596.226,1.832
95.91,0.08854329,961.2221,4.215092,68.1773,16.8591,295.7516,0.307679,7.28687,596.2074,1.8318
95.92,0.08857448,961.2152,4.215104,68.1776,16.8592,295.7192,0.307648,7.28744,596.1888,1.8316
95.93,0.08860567,961.2083,4.215116,68.1779,16.8593,295.6868,0.307617,7.28801,596.1702,1.8314
95.94,0.08863686,961.2014,4.215128,68.1782,16.8594,295.6544,0.307586,7.28858,596.1516,1.8312
95.95,0.08866805,961.1945,4.21514,68.1785,16.8595,295.622,0.307555,7.28915,596.133,1.831
95.96,0.08869924,961.1876,4.215152,68.1788,16.8596,295.5896,0.307524,7.28972,596.1144,1.8308
95.97,0.08873043,961.1807,4.215164,68.1791,16.8597,295.5572,0.307493,7.29029,596.0958,1.8306
95.98,0.08876162,961.1738,4.215176,68.1794,16.8598,295.5248,0.307462,7.29086,596.0772,1.8304
95.99,0.08879281,961.1669,4.215188,68.1797,16.8599,295.4924,0.307431,7.29143,596.0586,1.8302
96,0.088824,961.16,4.2152,68.18,16.86,295.46,0.3074,7.292,596.04,1.83
96.01,0.08885519,961.1531,4.215212,68.1803,16.8601,295.4276,0.307369,7.29257,596.0214,1.8298
96.02,0.08888638,961.1462,4.215224,68.1806,16.8602,295.3952,0.307338,7.29314,596.0028,1.8296
96.03,0.08891757,961.1393,4.215236,68.1809,16.8603,295.3628,0.307307,7.29371,595.9842,1.8294
96.04,0.08894876,961.1324,4.215248,68.1812,16.8604,295.3304,0.307276,7.29428,595.9656,1.8292
96.05,0.08897995,961.1255,4.21526,68.1815,16.8605,295.298,0.307245,7.29485,595.947,1.829
96.06,0.08901114,961.1186,4.215272,68.1818,16.8606,295.2656,0.307214,7.29542,595.9284,1.8288
96.07,0.08904233,961.1117,4.215284,68.1821,16.8607,295.2332,0.307183,7.29599,595.9098,1.8286
96.08,0.08907352,961.1048,4.215296,68.1824,16.8608,295.2008,0.307152,7.29656,595.8912,1.8284
96.09,0.08910471,961.0979,4.215308,68.1827,16.8609,295.1684,0.307121,7.29713,595.8726,1.8282
96.1,0.0891359,961.091,4.21532,68.183,16.861,295.136,0.30709,7.2977,595.854,1.828
96.11,0.08916709,961.0841,4.215332,68.1833,16.8611,295.1036,0.307059,7.29827,595.8354,1.8278
96.12,0.08919828,961.0772,4.215344,68.1836,16.8612,295.0712,0.307028,7.29884,595.8168,1.8276
96.13,0.08922947,961.0703,4.215356,68.1839,16.8613,295.0388,0.306997,7.29941,595.7982,1.8274
96.14,0.08926066,961.0634,4.215368,68.1842,16.8614,295.0064,0.306966,7.29998,595.7796,1.8272
96.15,0.08929185,961.0565,4.21538,68.1845,16.8615,294.974,0.306935,7.30055,595.761,1.827
96.16,0.08932304,961.0496,4.215392,68.1848,16.8616,294.9416,0.306904,7.30112,595.7424,1.8268
96.17,0.08935423,961.0427,4.215404,68.1851,16.8617,294.9092,0.306873,7.30169,595.7238,1.8266
96.18,0.08938542,961.0358,4.215416,68.1854,16.8618,294.8768,0.306842,7.30226,595.7052,1.8264
96.19,0.08941661,961.0289,4.215428,68.1857,16.8619,294.8444,0.306811,7.30283,595.6866,1.8262
96.2,0.0894478,961.022,4.21544,68.186,16.862,294.812,0.30678,7.3034,595.668,1.826
96.21,0.08947899,961.0151,4.215452,68.1863,16.8621,294.7796,0.306749,7.30397,595.6494,1.8258
96.22,0.08951018,961.0082,4.215464,68.1866,16.8622,294.7472,0.306718,7.30454,595.6308,1.8256
96.23,0.08954137,961.0013,4.215476,68.1869,16.8623,294.7148,0.306687,7.30511,595.6122,1.8254
96.24,0.08957256,960.9944,4.215488,68.1872,16.8624,294.6824,0.306656,7.30568,595.5936,1.8252
96.25,0.08960375,960.9875,4.2155,68.1875,16.8625,294.65,0.306625,7.30625,595.575,1.825
96.26,0.08963494,960.9806,4.215512,68.1878,16.8626,294.6176,0.306594,7.30682,595.5564,1.8248
96.27,0.08966613,960.9737,4.215524,68.1881,16.8627,294.5852,0.306563,7.30739,595.5378,1.8246
96.28,0.08969732,960.9668,4.215536,68.1884,16.8628,294.5528,0.306532,7.30796,595.5192,1.8244
96.29,0.08972851,960.9599,4.215548,68.1887,16.8629,294.5204,0.306501,7.30853,595.5006,1.8242
96.3,0.0897597,960.953,4.21556,68.189,16.863,294.488,0.30647,7.3091,595.482,1.824
96.31,0.08979089,960.9461,4.215572,68.1893,16.8631,294.4556,0.306439,7.30967,595.4634,1.8238
96.32,0.08982208,960.9392,4.215584,68.1896,16.8632,294.4232,0.306408,7.31024,595.4448,1.8236
96.33,0.08985327,960.9323,4.215596,68.1899,16.8633,294.3908,0.306377,7.31081,595.4262,1.8234
96.34,0.08988446,960.9254,4.215608,68.1902,16.8634,294.3584,0.306346,7.31138,595.4076,1.8232
96.35,0.08991565,960.9185,4.21562,68.1905,16.8635,294.326,0.306315,7.31195,595.389,1.823
96.36,0.08994684,960.9116,4.215632,68.1908,16.8636,294.2936,0.306284,7.31252,595.3704,1.8228
96.37,0.08997803,960.9047,4.215644,68.1911,16.8637,294.2612,0.306253,7.31309,595.3518,1.8226
96.38,0.09000922,960.8978,4.215656,68.1914,16.8638,294.2288,0.306222,7.31366,595.3332,1.8224
96.39,0.09004041,960.8909,4.215668,68.1917,16.8639,294.1964,0.306191,7.31423,595.3146,1.8222
96.4,0.0900716,960.884,4.21568,68.192,16.864,294.164,0.30616,7.3148,595.296,1.822
96.41,0.09010279,960.8771,4.215692,68.1923,16.8641,294.1316,0.306129,7.31537,595.2774,1.8218
96.42,0.09013398,960.8702,4.215704,68.1926,16.8642,294.0992,0.306098,7.31594,595.2588,1.8216
96.43,0.09016517,960.8633,4.215716,68.1929,16.8643,294.0668,0.306067,7.31651,595.2402,1.8214
96.44,0.09019636,960.8564,4.215728,68.1932,16.8644,294.0344,0.306036,7.31708,595.2216,1.8212
96.45,0.09022755,960.8495,4.21574,68.1935,16.8645,294.002,0.306005,7.31765,595.203,1.821
96.46,0.09025874,960.8426,4.215752,68.1938,16.8646,293.9696,0.305974,7.31822,595.1844,1.8208
96.47,0.09028993,960.8357,4.215764,68.1941,16.8647,293.9372,0.305943,7.31879,595.1658,1.8206
96.48,0.09032112,960.8288,4.215776,68.1944,16.8648,293.9048,0.305912,7.31936,595.1472,1.8204
96.49,0.09035231,960.8219,4.215788,68.1947,16.8649,293.8724,0.305881,7.31993,595.1286,1.8202
96.5,0.0903835,960.815,4.2158,68.195,16.865,293.84,0.30585,7.3205,595.11,1.82
96.51,0.09041469,960.8081,4.215812,68.1953,16.8651,293.8076,0.305819,7.32107,595.0914,1.8198
96.52,0.09044588,960.8012,4.215824,68.1956,16.8652,293.7752,0.305788,7.32164,595.0728,1.8196
96.53,0.09047707,960.7943,4.215836,68.1959,16.8653,293.7428,0.305757,7.32221,595.0542,1.8194
96.54,0.09050826,960.7874,4.215848,68.1962,16.8654,293.7104,0.305726,7.32278,595.0356,1.8192
96.55,0.09053945,960.7805,4.21586,68.1965,16.8655,293.678,0.305695,7.32335,595.017,1.819
96.56,0.09057064,960.7736,4.215872,68.1968,16.8656,293.6456,0.305664,7.32392,594.9984,1.8188
96.57,0.09060183,960.7667,4.215884,68.1971,16.8657,293.6132,0.305633,7.32449,594.9798,1.8186
96.58,0.09063302,960.7598,4.215896,68.1974,16.8658,293.5808,0.305602,7.32506,594.9612,1.8184
96.59,0.09066421,960.7529,4.215908,68.1977,16.8659,293.5484,0.305571,7.32563,594.9426,1.8182
96.6,0.0906954,960.746,4.21592,68.198,16.866,293.516,0.30554,7.3262,594.924,1.818
96.61,0.09072659,960.7391,4.215932,68.1983,16.8661,293.4836,0.305509,7.32677,594.9054,1.8178
96.62,0.09075778,960.7322,4.215944,68.1986,16.8662,293.4512,0.305478,7.32734,594.8868,1.8176
96.63,0.09078897,960.7253,4.215956,68.1989,16.8663,293.4188,0.305447,7.32791,594.8682,1.8174
96.64,0.09082016,960.7184,4.215968,68.1992,16.8664,293.3864,0.305416,7.32848,594.8496,1.8172
96.65,0.09085135,960.7115,4.21598,68.1995,16.8665,293.354,0.305385,7.32905,594.831,1.817
96.66,0.09088254,960.7046,4.215992,68.1998,16.8666,293.3216,0.305354,7.32962,594.8124,1.8168
96.67,0.09091373,960.6977,4.216004,68.2001,16.8667,293.2892,0.305323,7.33019,594.7938,1.8166
96.68,0.09094492,960.6908,4.216016,68.2004,16.8668,293.2568,0.305292,7.33076,594.7752,1.8164
96.69,0.09097611,960.6839,4.216028,68.2007,16.8669,293.2244,0.305261,7.33133,594.7566,1.8162
96.7,0.0910073,960.677,4.21604,68.201,16.867,293.192,0.30523,7.3319,594.738,1.816
96.71,0.09103849,960.6701,4.216052,68.2013,16.8671,293.1596,0.305199,7.33247,594.7194,1.8158
96.72,0.09106968,960.6632,4.216064,68.2016,16.8672,293.1272,0.305168,7.33304,594.7008,1.8156
96.73,0.09110087,960.6563,4.216076,68.2019,16.8673,293.0948,0.305137,7.33361,594.6822,1.8154
96.74,0.09113206,960.6494,4.216088,68.2022,16.8674,293.0624,0.305106,7.33418,594.6636,1.8152
96.75,0.09116325,960.6425,4.2161,68.2025,16.8675,293.03,0.305075,7.33475,594.645,1.815
96.76,0.09119444,960.6356,4.216112,68.2028,16.8676,292.9976,0.305044,7.33532,594.6264,1.8148
96.77,0.09122563,960.6287,4.216124,68.2031,16.8677,292.9652,0.305013,7.33589,594.6078,1.8146
96.78,0.09125682,960.6218,4.216136,68.2034,16.8678,292.9328,0.304982,7.33646,594.5892,1.8144
96.79,0.09128801,960.6149,4.216148,68.2037,16.8679,292.9004,0.304951,7.33703,594.5706,1.8142
96.8,0.0913192,960.608,4.21616,68.204,16.868,292.868,0.30492,7.3376,594.552,1.814
96.81,0.09135039,960.6011,4.216172,68.2043,16.8681,292.8356,0.304889,7.33817,594.5334,1.8138
96.82,0.09138158,960.5942,4.216184,68.2046,16.8682,292.8032,0.304858,7.33874,594.5148,1.8136
96.83,0.09141277,960.5873,4.216196,68.2049,16.8683,292.7708,0.304827,7.33931,594.4962,1.8134
96.84,0.09144396,960.5804,4.216208,68.2052,16.8684,292.7384,0.304796,7.33988,594.4776,1.8132
96.85,0.09147515,960.5735,4.21622,68.2055,16.8685,292.706,0.304765,7.34045,594.459,1.813
96.86,0.09150634,960.5666,4.216232,68.2058,16.8686,292.6736,0.304734,7.34102,594.4404,1.8128
96.87,0.09153753,960.5597,4.216244,68.2061,16.8687,292.6412,0.304703,7.34159,594.4218,1.8126
96.88,0.09156872,960.5528,4.216256,68.2064,16.8688,292.6088,0.304672,7.34216,594.4032,1.8124
96.89,0.09159991,960.5459,4.216268,68.2067,16.8689,292.5764,0.304641,7.34273,594.3846,1.8122
96.9,0.0916311,960.539,4.21628,68.207,16.869,292.544,0.30461,7.3433,594.366,1.812
96.91,0.09166229,960.5321,4.216292,68.2073,16.8691,292.5116,0.304579,7.34387,594.3474,1.8118
96.92,0.09169348,960.5252,4.216304,68.2076,16.8692,292.4792,0.304548,7.34444,594.3288,1.8116
96.93,0.09172467,960.5183,4.216316,68.2079,16.8693,292.4468,0.304517,7.34501,594.3102,1.8114
96.94,0.09175586,960.5114,4.216328,68.2082,16.8694,292.4144,0.304486,7.34558,594.2916,1.8112
96.95,0.09178705,960.5045,4.21634,68.2085,16.8695,292.382,0.304455,7.34615,594.273,1.811
96.96,0.09181824,960.4976,4.216352,68.2088,16.8696,292.3496,0.304424,7.34672,594.2544,1.8108
96.97,0.09184943,960.4907,4.216364,68.2091,16.8697,292.3172,0.304393,7.34729,594.2358,1.8106
96.98,0.09188062,960.4838,4.216376,68.2094,16.8698,292.2848,0.304362,7.34786,594.2172,1.8104
96.99,0.09191181,960.4769,4.216388,68.2097,16.8699,292.2524,0.304331,7.34843,594.1986,1.8102
97,0.091943,960.47,4.2164,68.21,16.87,292.22,0.3043,7.349,594.18,1.81
97.01,0.09197419,960.4631,4.216412,68.2103,16.8701,292.1876,0.304269,7.34957,594.1614,1.8098
97.02,0.09200538,960.4562,4.216424,68.2106,16.8702,292.1552,0.304238,7.35014,594.1428,1.8096
97.03,0.09203657,960.4493,4.216436,68.2109,16.8703,292.1228,0.304207,7.35071,594.1242,1.8094
97.04,0.09206776,960.4424,4.216448,68.2112,16.8704,292.0904,0.304176,7.35128,594.1056,1.8092
97.05,0.09209895,960.4355,4.21646,68.2115,16.8705,292.058,0.304145,7.35185,594.087,1.809
97.06,0.09213014,960.4286,4.216472,68.2118,16.8706,292.0256,0.304114,7.35242,594.0684,1.8088
97.07,0.09216133,960.4217,4.216484,68.2121,16.8707,291.9932,0.304083,7.35299,594.0498,1.8086
97.08,0.09219252,960.4148,4.216496,68.2124,16.8708,291.9608,0.304052,7.35356,594.0312,1.8084
97.09,0.09222371,960.4079,4.216508,68.2127,16.8709,291.9284,0.304021,7.35413,594.0126,1.8082
97.1,0.0922549,960.401,4.21652,68.213,16.871,291.896,0.30399,7.3547,593.994,1.808
97.11,0.09228609,960.3941,4.216532,68.2133,16.8711,291.8636,0.303959,7.35527,593.9754,1.8078
97.12,0.09231728,960.3872,4.216544,68.2136,16.8712,291.8312,0.303928,7.35584,593.9568,1.8076
97.13,0.09234847,960.3803,4.216556,68.2139,16.8713,291.7988,0.303897,7.35641,593.9382,1.8074
97.14,0.09237966,960.3734,4.216568,68.2142,16.8714,291.7664,0.303866,7.35698,593.9196,1.8072
97.15,0.09241085,960.3665,4.21658,68.2145,16.8715,291.734,0.303835,7.35755,593.901,1.807
97.16,0.09244204,960.3596,4.216592,68.2148,16.8716,291.7016,0.303804,7.35812,593.8824,1.8068
97.17,0.09247323,960.3527,4.216604,68.2151,16.8717,291.6692,0.303773,7.35869,593.8638,1.8066
97.18,0.09250442,960.3458,4.216616,68.2154,16.8718,291.6368,0.303742,7.35926,593.8452,1.8064
97.19,0.09253561,960.3389,4.216628,68.2157,16.8719,291.6044,0.303711,7.35983,593.8266,1.8062
97.2,0.0925668,960.332,4.21664,68.216,16.872,291.572,0.30368,7.3604,593.808,1.806
97.21,0.09259799,960.3251,4.216652,68.2163,16.8721,291.5396,0.303649,7.36097,593.7894,1.8058
97.22,0.09262918,960.3182,4.216664,68.2166,16.8722,291.5072,0.303618,7.36154,593.7708,1.8056
97.23,0.09266037,960.3113,4.216676,68.2169,16.8723,291.4748,0.303587,7.36211,593.7522,1.8054
97.24,0.09269156,960.3044,4.216688,68.2172,16.8724,291.4424,0.303556,7.36268,593.7336,1.8052
97.25,0.09272275,960.2975,4.2167,68.2175,16.8725,291.41,0.303525,7.36325,593.715,1.805
97.26,0.09275394,960.2906,4.216712,68.2178,16.8726,291.3776,0.303494,7.36382,593.6964,1.8048
97.27,0.09278513,960.2837,4.216724,68.2181,16.8727,291.3452,0.303463,7.36439,593.6778,1.8046
97.28,0.09281632,960.2768,4.216736,68.2184,16.8728,291.3128,0.303432,7.36496,593.6592,1.8044
97.29,0.09284751,960.2699,4.216748,68.2187,16.8729,291.2804,0.303401,7.36553,593.6406,1.8042
97.3,0.0928787,960.263,4.21676,68.219,16.873,291.248,0.30337,7.3661,593.622,1.804
97.31,0.09290989,960.2561,4.216772,68.2193,16.8731,291.2156,0.303339,7.36667,593.6034,1.8038
97.32,0.09294108,960.2492,4.216784,68.2196,16.8732,291.1832,0.303308,7.36724,593.5848,1.8036
97.33,0.09297227,960.2423,4.216796,68.2199,16.8733,291.1508,0.303277,7.36781,593.5662,1.8034
97.34,0.09300346,960.2354,4.216808,68.2202,16.8734,291.1184,0.303246,7.36838,593.5476,1.8032
97.35,0.09303465,960.2285,4.21682,68.2205,16.8735,291.086,0.303215,7.36895,593.529,1.803
97.36,0.09306584,960.2216,4.216832,68.2208,16.8736,291.0536,0.303184,7.36952,593.5104,1.8028
97.37,0.09309703,960.2147,4.216844,68.2211,16.8737,291.0212,0.303153,7.37009,593.4918,1.8026
97.38,0.09312822,960.2078,4.216856,68.2214,16.8738,290.9888,0.303122,7.37066,593.4732,1.8024
97.39,0.09315941,960.2009,4.216868,68.2217,16.8739,290.9564,0.303091,7.37123,593.4546,1.8022
97.4,0.0931906,960.194,4.21688,68.222,16.874,290.924,0.30306,7.3718,593.436,1.802
97.41,0.09322179,960.1871,4.216892,68.2223,16.8741,290.8916,0.303029,7.37237,593.4174,1.8018
97.42,0.09325298,960.1802,4.216904,68.2226,16.8742,290.8592,0.302998,7.37294,593.3988,1.8016
97.43,0.09328417,960.1733,4.216916,68.2229,16.8743,290.8268,0.302967,7.37351,593.3802,1.8014
97.44,0.09331536,960.1664,4.216928,68.2232,16.8744,290.7944,0.302936,7.37408,593.3616,1.8012
97.45,0.09334655,960.1595,4.21694,68.2235,16.8745,290.762,0.302905,7.37465,593.343,1.801
97.46,0.09337774,960.1526,4.216952,68.2238,16.8746,290.7296,0.302874,7.37522,593.3244,1.8008
97.47,0.09340893,960.1457,4.216964,68.2241,16.8747,290.6972,0.302843,7.37579,593.3058,1.8006
97.48,0.09344012,960.1388,4.216976,68.2244,16.8748,290.6648,0.302812,7.37636,593.2872,1.8004
97.49,0.09347131,960.1319,4.216988,68.2247,16.8749,290.6324,0.302781,7.37693,593.2686,1.8002
97.5,0.0935025,960.125,4.217,68.225,16.875,290.6,0.30275,7.3775,593.25,1.8
97.51,0.09353369,960.1181,4.217012,68.2253,16.8751,290.5676,0.302719,7.37807,593.2314,1.7998
97.52,0.09356488,960.1112,4.217024,68.2256,16.8752,290.5352,0.302688,7.37864,593.2128,1.7996
97.53,0.09359607,960.1043,4.217036,68.2259,16.8753,290.5028,0.302657,7.37921,593.1942,1.7994
97.54,0.09362726,960.0974,4.217048,68.2262,16.8754,290.4704,0.302626,7.37978,593.1756,1.7992
97.55,0.09365845,960.0905,4.21706,68.2265,16.8755,290.438,0.302595,7.38035,593.157,1.799
97.56,0.09368964,960.0836,4.217072,68.2268,16.8756,290.4056,0.302564,7.38092,593.1384,1.7988
97.57,0.09372083,960.0767,4.217084,68.2271,16.8757,290.3732,0.302533,7.38149,593.1198,1.7986
97.58,0.09375202,960.0698,4.217096,68.2274,16.8758,290.3408,0.302502,7.38206,593.1012,1.7984
97.59,0.09378321,960.0629,4.217108,68.2277,16.8759,290.3084,0.302471,7.38263,593.0826,1.7982
97.6,0.0938144,960.056,4.21712,68.228,16.876,290.276,0.30244,7.3832,593.064,1.798
97.61,0.09384559,960.0491,4.217132,68.2283,16.8761,290.2436,0.302409,7.38377,593.0454,1.7978
97.62,0.09387678,960.0422,4.217144,68.2286,16.8762,290.2112,0.302378,7.38434,593.0268,1.7976
97.63,0.09390797,960.0353,4.217156,68.2289,16.8763,290.1788,0.302347,7.38491,593.0082,1.7974
97.64,0.09393916,960.0284,4.217168,68.2292,16.8764,290.1464,0.302316,7.38548,592.9896,1.7972
97.65,0.09397035,960.0215,4.21718,68.2295,16.8765,290.114,0.302285,7.38605,592.971,1.797
97.66,0.09400154,960.0146,4.217192,68.2298,16.8766,290.0816,0.302254,7.38662,592.9524,1.7968
97.67,0.09403273,960.0077,4.217204,68.2301,16.8767,290.0492,0.302223,7.38719,592.9338,1.7966
97.68,0.09406392,960.0008,4.217216,68.2304,16.8768,290.0168,0.302192,7.38776,592.9152,1.7964
97.69,0.09409511,959.9939,4.217228,68.2307,16.8769,289.9844,0.302161,7.38833,592.8966,1.7962
97.7,0.0941263,959.987,4.21724,68.231,16.877,289.952,0.30213,7.3889,592.878,1.796
97.71,0.09415749,959.9801,4.217252,68.2313,16.8771,289.9196,0.302099,7.38947,592.8594,1.7958
97.72,0.09418868,959.9732,4.217264,68.2316,16.8772,289.8872,0.302068,7.39004,592.8408,1.7956
97.73,0.09421987,959.9663,4.217276,68.2319,16.8773,289.8548,0.302037,7.39061,592.8222,1.7954
97.74,0.09425106,959.9594,4.217288,68.2322,16.8774,289.8224,0.302006,7.39118,592.8036,1.7952
97.75,0.09428225,959.9525,4.2173,68.2325,16.8775,289.79,0.301975,7.39175,592.785,1.795
97.76,0.09431344,959.9456,4.217312,68.2328,16.8776,289.7576,0.301944,7.39232,592.7664,1.7948
97.77,0.09434463,959.9387,4.217324,68.2331,16.8777,289.7252,0.301913,7.39289,592.7478,1.7946
97.78,0.09437582,959.9318,4.217336,68.2334,16.8778,289.6928,0.301882,7.39346,592.7292,1.7944
97.79,0.09440701,959.9249,4.217348,68.2337,16.8779,289.6604,0.301851,7.39403,592.7106,1.7942
97.8,0.0944382,959.918,4.21736,68.234,16.878,289.628,0.30182,7.3946,592.692,1.794
97.81,0.09446939,959.9111,4.217372,68.2343,16.8781,289.5956,0.301789,7.39517,592.6734,1.7938
97.82,0.09450058,959.9042,4.217384,68.2346,16.8782,289.5632,0.301758,7.39574,592.6548,1.7936
97.83,0.09453177,959.8973,4.217396,68.2349,16.8783,289.5308,0.301727,7.39631,592.6362,1.7934
97.84,0.09456296,959.8904,4.217408,68.2352,16.8784,289.4984,0.301696,7.39688,592.6176,1.7932
97.85,0.09459415,959.8835,4.21742,68.2355,16.8785,289.466,0.301665,7.39745,592.599,1.793
97.86,0.09462534,959.8766,4.217432,68.2358,16.8786,289.4336,0.301634,7.39802,592.5804,1.7928
97.87,0.09465653,959.8697,4.217444,68.2361,16.8787,289.4012,0.301603,7.39859,592.5618,1.7926
97.88,0.09468772,959.8628,4.217456,68.2364,16.8788,289.3688,0.301572,7.39916,592.5432,1.7924
97.89,0.09471891,959.8559,4.217468,68.2367,16.8789,289.3364,0.301541,7.39973,592.5246,1.7922
97.9,0.0947501,959.849,4.21748,68.237,16.879,289.304,0.30151,7.4003,592.506,1.792
97.91,0.09478129,959.8421,4.217492,68.2373,16.8791,289.2716,0.301479,7.40087,592.4874,1.7918
97.92,0.09481248,959.8352,4.217504,68.2376,16.8792,289.2392,0.301448,7.40144,592.4688,1.7916
97.93,0.09484367,959.8283,4.217516,68.2379,16.8793,289.2068,0.301417,7.40201,592.4502,1.7914
97.94,0.09487486,959.8214,4.217528,68.2382,16.8794,289.1744,0.301386,7.40258,592.4316,1.7912
97.95,0.09490605,959.8145,4.21754,68.2385,16.8795,289.142,0.301355,7.40315,592.413,1.791
97.96,0.09493724,959.8076,4.217552,68.2388,16.8796,289.1096,0.301324,7.40372,592.3944,1.7908
97.97,0.09496843,959.8007,4.217564,68.2391,16.8797,289.0772,0.301293,7.40429,592.3758,1.7906
97.98,0.09499962,959.7938,4.217576,68.2394,16.8798,289.0448,0.301262,7.40486,592.3572,1.7904
97.99,0.09503081,959.7869,4.217588,68.2397,16.8799,289.0124,0.301231,7.40543,592.3386,1.7902
98,0.095062,959.78,4.2176,68.24,16.88,288.98,0.3012,7.406,592.32,1.79
98.01,0.09509319,959.7731,4.217612,68.2403,16.8801,288.9476,0.301169,7.40657,592.3014,1.7898
98.02,0.09512438,959.7662,4.217624,68.2406,16.8802,288.9152,0.301138,7.40714,592.2828,1.7896
98.03,0.09515557,959.7593,4.217636,68.2409,16.8803,288.8828,0.301107,7.40771,592.2642,1.7894
98.04,0.09518676,959.7524,4.217648,68.2412,16.8804,288.8504,0.301076,7.40828,592.2456,1.7892
98.05,0.09521795,959.7455,4.21766,68.2415,16.8805,288.818,0.301045,7.40885,592.227,1.789
98.06,0.09524914,959.7386,4.217672,68.2418,16.8806,288.7856,0.301014,7.40942,592.2084,1.7888
98.07,0.09528033,959.7317,4.217684,68.2421,16.8807,288.7532,0.300983,7.40999,592.1898,1.7886
98.08,0.09531152,959.7248,4.217696,68.2424,16.8808,288.7208,0.300952,7.41056,592.1712,1.7884
98.09,0.09534271,959.7179,4.217708,68.2427,16.8809,288.6884,0.300921,7.41113,592.1526,1.7882
98.1,0.0953739,959.711,4.21772,68.243,16.881,288.656,0.30089,7.4117,592.134,1.788
98.11,0.09540509,959.7041,4.217732,68.2433,16.8811,288.6236,0.300859,7.41227,592.1154,1.7878
98.12,0.09543628,959.6972,4.217744,68.2436,16.8812,288.5912,0.300828,7.41284,592.0968,1.7876
98.13,0.09546747,959.6903,4.217756,68.2439,16.8813,288.5588,0.300797,7.41341,592.0782,1.7874
98.14,0.09549866,959.6834,4.217768,68.2442,16.8814,288.5264,0.300766,7.41398,592.0596,1.7872
98.15,0.09552985,959.6765,4.21778,68.2445,16.8815,288.494,0.300735,7.41455,592.041,1.787
98.16,0.09556104,959.6696,4.217792,68.2448,16.8816,288.4616,0.300704,7.41512,592.0224,1.7868
98.17,0.09559223,959.6627,4.217804,68.2451,16.8817,288.4292,0.300673,7.41569,592.0038,1.7866
98.18,0.09562342,959.6558,4.217816,68.2454,16.8818,288.3968,0.300642,7.41626,591.9852,1.7864
98.19,0.09565461,959.6489,4.217828,68.2457,16.8819,288.3644,0.300611,7.41683,591.9666,1.7862
98.2,0.0956858,959.642,4.21784,68.246,16.882,288.332,0.30058,7.4174,591.948,1.786
98.21,0.09571699,959.6351,4.217852,68.2463,16.8821,288.2996,0.300549,7.41797,591.9294,1.7858
98.22,0.09574818,959.6282,4.217864,68.2466,16.8822,288.2672,0.300518,7.41854,591.9108,1.7856
98.23,0.09577937,959.6213,4.217876,68.2469,16.8823,288.2348,0.300487,7.41911,591.8922,1.7854
98.24,0.09581056,959.6144,4.217888,68.2472,16.8824,288.2024,0.300456,7.41968,591.8736,1.7852
98.25,0.09584175,959.6075,4.2179,68.2475,16.8825,288.17,0.300425,7.42025,591.855,1.785
98.26,0.09587294,959.6006,4.217912,68.2478,16.8826,288.1376,0.300394,7.42082,591.8364,1.7848
98.27,0.09590413,959.5937,4.217924,68.2481,16.8827,288.1052,0.300363,7.42139,591.8178,1.7846
98.28,0.09593532,959.5868,4.217936,68.2484,16.8828,288.0728,0.300332,7.42196,591.7992,1.7844
98.29,0.09596651,959.5799,4.217948,68.2487,16.8829,288.0404,0.300301,7.42253,591.7806,1.7842
98.3,0.0959977,959.573,4.21796,68.249,16.883,288.008,0.30027,7.4231,591.762,1.784
98.31,0.09602889,959.5661,4.217972,68.2493,16.8831,287.9756,0.300239,7.42367,591.7434,1.7838
98.32,0.09606008,959.5592,4.217984,68.2496,16.8832,287.9432,0.300208,7.42424,591.7248,1.7836
98.33,0.09609127,959.5523,4.217996,68.2499,16.8833,287.9108,0.300177,7.42481,591.7062,1.7834
98.34,0.09612246,959.5454,4.218008,68.2502,16.8834,287.8784,0.300146,7.42538,591.6876,1.7832
98.35,0.09615365,959.5385,4.21802,68.2505,16.8835,287.846,0.300115,7.42595,591.669,1.783
98.36,0.09618484,959.5316,4.218032,68.2508,16.8836,287.8136,0.300084,7.42652,591.6504,1.7828
98.37,0.09621603,959.5247,4.218044,68.2511,16.8837,287.7812,0.300053,7.42709,591.6318,1.7826
98.38,0.09624722,959.5178,4.218056,68.2514,16.8838,287.7488,0.300022,7.42766,591.6132,1.7824
98.39,0.09627841,959.5109,4.218068,68.2517,16.8839,287.7164,0.299991,7.42823,591.5946,1.7822
98.4,0.0963096,959.504,4.21808,68.252,16.884,287.684,0.29996,7.4288,591.576,1.782
98.41,0.09634079,959.4971,4.218092,68.2523,16.8841,287.6516,0.299929,7.42937,591.5574,1.7818
98.42,0.09637198,959.4902,4.218104,68.2526,16.8842,287.6192,0.299898,7.42994,591.5388,1.7816
98.43,0.09640317,959.4833,4.218116,68.2529,16.8843,287.5868,0.299867,7.43051,591.5202,1.7814
98.44,0.09643436,959.4764,4.218128,68.2532,16.8844,287.5544,0.299836,7.43108,591.5016,1.7812
98.45,0.09646555,959.4695,4.21814,68.2535,16.8845,287.522,0.299805,7.43165,591.483,1.781
98.46,0.09649674,959.4626,4.218152,68.2538,16.8846,287.4896,0.299774,7.43222,591.4644,1.7808
98.47,0.09652793,959.4557,4.218164,68.2541,16.8847,287.4572,0.299743,7.43279,591.4458,1.7806
98.48,0.09655912,959.4488,4.218176,68.2544,16.8848,287.4248,0.299712,7.43336,591.4272,1.7804
98.49,0.09659031,959.4419,4.218188,68.2547,16.8849,287.3924,0.299681,7.43393,591.4086,1.7802
98.5,0.0966215,959.435,4.2182,68.255,16.885,287.36,0.29965,7.4345,591.39,1.78
98.51,0.09665269,959.4281,4.218212,68.2553,16.8851,287.3276,0.299619,7.43507,591.3714,1.7798
98.52,0.09668388,959.4212,4.218224,68.2556,16.8852,287.2952,0.299588,7.43564,591.3528,1.7796
98.53,0.09671507,959.4143,4.218236,68.2559,16.8853,287.2628,0.299557,7.43621,591.3342,1.7794
98.54,0.09674626,959.4074,4.218248,68.2562,16.8854,287.2304,0.299526,7.43678,591.3156,1.7792
98.55,0.09677745,959.4005,4.21826,68.2565,16.8855,287.198,0.299495,7.43735,591.297,1.779
98.56,0.09680864,959.3936,4.218272,68.2568,16.8856,287.1656,0.299464,7.43792,591.2784,1.7788
98.57,0.09683983,959.3867,4.218284,68.2571,16.8857,287.1332,0.299433,7.43849,591.2598,1.7786
98.58,0.09687102,959.3798,4.218296,68.2574,16.8858,287.1008,0.299402,7.43906,591.2412,1.7784
98.59,0.09690221,959.3729,4.218308,68.2577,16.8859,287.0684,0.299371,7.43963,591.2226,1.7782
98.6,0.0969334,959.366,4.21832,68.258,16.886,287.036,0.29934,7.4402,591.204,1.778
98.61,0.09696459,959.3591,4.218332,68.2583,16.8861,287.0036,0.299309,7.44077,591.1854,1.7778
98.62,0.09699578,959.3522,4.218344,68.2586,16.8862,286.9712,0.299278,7.44134,591.1668,1.7776
98.63,0.09702697,959.3453,4.218356,68.2589,16.8863,286.9388,0.299247,7.44191,591.1482,1.7774
98.64,0.09705816,959.3384,4.218368,68.2592,16.8864,286.9064,0.299216,7.44248,591.1296,1.7772
98.65,0.09708935,959.3315,4.21838,68.2595,16.8865,286.874,0.299185,7.44305,591.111,1.777
98.66,0.09712054,959.3246,4.218392,68.2598,16.8866,286.8416,0.299154,7.44362,591.0924,1.7768
98.67,0.09715173,959.3177,4.218404,68.2601,16.8867,286.8092,0.299123,7.44419,591.0738,1.7766
98.68,0.09718292,959.3108,4.218416,68.2604,16.8868,286.7768,0.299092,7.44476,591.0552,1.7764
98.69,0.09721411,959.3039,4.218428,68.2607,16.8869,286.7444,0.299061,7.44533,591.0366,1.7762
98.7,0.0972453,959.297,4.21844,68.261,16.887,286.712,0.29903,7.4459,591.018,1.776
98.71,0.09727649,959.2901,4.218452,68.2613,16.8871,286.6796,0.298999,7.44647,590.9994,1.7758
98.72,0.09730768,959.2832,4.218464,68.2616,16.8872,286.6472,0.298968,7.44704,590.9808,1.7756
98.73,0.09733887,959.2763,4.218476,68.2619,16.8873,286.6148,0.298937,7.44761,590.9622,1.7754
98.74,0.09737006,959.2694,4.218488,68.2622,16.8874,286.5824,0.298906,7.44818,590.9436,1.7752
98.75,0.09740125,959.2625,4.2185,68.2625,16.8875,286.55,0.298875,7.44875,590.925,1.775
98.76,0.09743244,959.2556,4.218512,68.2628,16.8876,286.5176,0.298844,7.44932,590.9064,1.7748
98.77,0.09746363,959.2487,4.218524,68.2631,16.8877,286.4852,0.298813,7.44989,590.8878,1.7746
98.78,0.09749482,959.2418,4.218536,68.2634,16.8878,286.4528,0.298782,7.45046,590.8692,1.7744
98.79,0.09752601,959.2349,4.218548,68.2637,16.8879,286.4204,0.298751,7.45103,590.8506,1.7742
98.8,0.0975572,959.228,4.21856,68.264,16.888,286.388,0.29872,7.4516,590.832,1.774
98.81,0.09758839,959.2211,4.218572,68.2643,16.8881,286.3556,0.298689,7.45217,590.8134,1.7738
98.82,0.09761958,959.2142,4.218584,68.2646,16.8882,286.3232,0.298658,7.45274,590.7948,1.7736
98.83,0.09765077,959.2073,4.218596,68.2649,16.8883,286.2908,0.298627,7.45331,590.7762,1.7734
98.84,0.09768196,959.2004,4.218608,68.2652,16.8884,286.2584,0.298596,7.45388,590.7576,1.7732
98.85,0.09771315,959.1935,4.21862,68.2655,16.8885,286.226,0.298565,7.45445,590.739,1.773
98.86,0.09774434,959.1866,4.218632,68.2658,16.8886,286.1936,0.298534,7.45502,590.7204,1.7728
98.87,0.09777553,959.1797,4.218644,68.2661,16.8887,286.1612,0.298503,7.45559,590.7018,1.7726
98.88,0.09780672,959.1728,4.218656,68.2664,16.8888,286.1288,0.298472,7.45616,590.6832,1.7724
98.89,0.09783791,959.1659,4.218668,68.2667,16.8889,286.0964,0.298441,7.45673,590.6646,1.7722
98.9,0.0978691,959.159,4.21868,68.267,16.889,286.064,0.29841,7.4573,590.646,1.772
98.91,0.09790029,959.1521,4.218692,68.2673,16.8891,286.0316,0.298379,7.45787,590.6274,1.7718
98.92,0.09793148,959.1452,4.218704,68.2676,16.8892,285.9992,0.298348,7.45844,590.6088,1.7716
98.93,0.09796267,959.1383,4.218716,68.2679,16.8893,285.9668,0.298317,7.45901,590.5902,1.7714
98.94,0.09799386,959.1314,4.218728,68.2682,16.8894,285.9344,0.298286,7.45958,590.5716,1.7712
98.95,0.09802505,959.1245,4.21874,68.2685,16.8895,285.902,0.298255,7.46015,590.553,1.771
98.96,0.09805624,959.1176,4.218752,68.2688,16.8896,285.8696,0.298224,7.46072,590.5344,1.7708
98.97,0.09808743,959.1107,4.218764,68.2691,16.8897,285.8372,0.298193,7.46129,590.5158,1.7706
98.98,0.09811862,959.1038,4.218776,68.2694,16.8898,285.8048,0.298162,7.46186,590.4972,1.7704
98.99,0.09814981,959.0969,4.218788,68.2697,16.8899,285.7724,0.298131,7.46243,590.4786,1.7702
99,0.098181,959.09,4.2188,68.27,16.89,285.74,0.2981,7.463,590.46,1.77
99.01,0.09821219,959.0831,4.218812,68.2703,16.8901,285.7076,0.298069,7.46357,590.4414,1.7698
99.02,0.09824338,959.0762,4.218824,68.2706,16.8902,285.6752,0.298038,7.46414,590.4228,1.7696
99.03,0.09827457,959.0693,4.218836,68.2709,16.8903,285.6428,0.298007,7.46471,590.4042,1.7694
99.04,0.09830576,959.0624,4.218848,68.2712,16.8904,285.6104,0.297976,7.46528,590.3856,1.7692
99.05,0.09833695,959.0555,4.21886,68.2715,16.8905,285.578,0.297945,7.46585,590.367,1.769
99.06,0.09836814,959.0486,4.218872,68.2718,16.8906,285.5456,0.297914,7.46642,590.3484,1.7688
99.07,0.09839933,959.0417,4.218884,68.2721,16.8907,285.5132,0.297883,7.46699,590.3298,1.7686
99.08,0.09843052,959.0348,4.218896,68.2724,16.8908,285.4808,0.297852,7.46756,590.3112,1.7684
99.09,0.09846171,959.0279,4.218908,68.2727,16.8909,285.4484,0.297821,7.46813,590.2926,1.7682
99.1,0.0984929,959.021,4.21892,68.273,16.891,285.416,0.29779,7.4687,590.274,1.768
99.11,0.09852409,959.0141,4.218932,68.2733,16.8911,285.3836,0.297759,7.46927,590.2554,1.7678
99.12,0.09855528,959.0072,4.218944,68.2736,16.8912,285.3512,0.297728,7.46984,590.2368,1.7676
99.13,0.09858647,959.0003,4.218956,68.2739,16.8913,285.3188,0.297697,7.47041,590.2182,1.7674
99.14,0.09861766,958.9934,4.218968,68.2742,16.8914,285.2864,0.297666,7.47098,590.1996,1.7672
99.15,0.09864885,958.9865,4.21898,68.2745,16.8915,285.254,0.297635,7.47155,590.181,1.767
99.16,0.09868004,958.9796,4.218992,68.2748,16.8916,285.2216,0.297604,7.47212,590.1624,1.7668
99.17,0.09871123,958.9727,4.219004,68.2751,16.8917,285.1892,0.297573,7.47269,590.1438,1.7666
99.18,0.09874242,958.9658,4.219016,68.2754,16.8918,285.1568,0.297542,7.47326,590.1252,1.7664
99.19,0.09877361,958.9589,4.219028,68.2757,16.8919,285.1244,0.297511,7.47383,590.1066,1.7662
99.2,0.0988048,958.952,4.21904,68.276,16.892,285.092,0.29748,7.4744,590.088,1.766
99.21,0.09883599,958.9451,4.219052,68.2763,16.8921,285.0596,0.297449,7.47497,590.0694,1.7658
99.22,0.09886718,958.9382,4.219064,68.2766,16.8922,285.0272,0.297418,7.47554,590.0508,1.7656
99.23,0.09889837,958.9313,4.219076,68.2769,16.8923,284.9948,0.297387,7.47611,590.0322,1.7654
99.24,0.09892956,958.9244,4.219088,68.2772,16.8924,284.9624,0.297356,7.47668,590.0136,1.7652
99.25,0.09896075,958.9175,4.2191,68.2775,16.8925,284.93,0.297325,7.47725,589.995,1.765
99.26,0.09899194,958.9106,4.219112,68.2778,16.8926,284.8976,0.297294,7.47782,589.9764,1.7648
99.27,0.09902313,958.9037,4.219124,68.2781,16.8927,284.8652,0.297263,7.47839,589.9578,1.7646
99.28,0.09905432,958.8968,4.219136,68.2784,16.8928,284.8328,0.297232,7.47896,589.9392,1.7644
99.29,0.09908551,958.8899,4.219148,68.2787,16.8929,284.8004,0.297201,7.47953,589.9206,1.7642
99.3,0.0991167,958.883,4.21916,68.279,16.893,284.768,0.29717,7.4801,589.902,1.764
99.31,0.09914789,958.8761,4.219172,68.2793,16.8931,284.7356,0.297139,7.48067,589.8834,1.7638
99.32,0.09917908,958.8692,4.219184,68.2796,16.8932,284.7032,0.297108,7.48124,589.8648,1.7636
99.33,0.09921027,958.8623,4.219196,68.2799,16.8933,284.6708,0.297077,7.48181,589.8462,1.7634
99.34,0.09924146,958.8554,4.219208,68.2802,16.8934,284.6384,0.297046,7.48238,589.8276,1.7632
99.35,0.09927265,958.8485,4.21922,68.2805,16.8935,284.606,0.297015,7.48295,589.809,1.763
99.36,0.09930384,958.8416,4.219232,68.2808,16.8936,284.5736,0.296984,7.48352,589.7904,1.7628
99.37,0.09933503,958.8347,4.219244,68.2811,16.8937,284.5412,0.296953,7.48409,589.7718,1.7626
99.38,0.09936622,958.8278,4.219256,68.2814,16.8938,284.5088,0.296922,7.48466,589.7532,1.7624
99.39,0.09939741,958.8209,4.219268,68.2817,16.8939,284.4764,0.296891,7.48523,589.7346,1.7622
99.4,0.0994286,958.814,4.21928,68.282,16.894,284.444,0.29686,7.4858,589.716,1.762
99.41,0.09945979,958.8071,4.219292,68.2823,16.8941,284.4116,0.296829,7.48637,589.6974,1.7618
99.42,0.09949098,958.8002,4.219304,68.2826,16.8942,284.3792,0.296798,7.48694,589.6788,1.7616
99.43,0.09952217,958.7933,4.219316,68.2829,16.8943,284.3468,0.296767,7.48751,589.6602,1.7614
99.44,0.09955336,958.7864,4.219328,68.2832,16.8944,284.3144,0.296736,7.48808,589.6416,1.7612
99.45,0.09958455,958.7795,4.21934,68.2835,16.8945,284.282,0.296705,7.48865,589.623,1.761
99.46,0.09961574,958.7726,4.219352,68.2838,16.8946,284.2496,0.296674,7.48922,589.6044,1.7608
99.47,0.09964693,958.7657,4.219364,68.2841,16.8947,284.2172,0.296643,7.48979,589.5858,1.7606
99.48,0.09967812,958.7588,4.219376,68.2844,16.8948,284.1848,0.296612,7.49036,589.5672,1.7604
99.49,0.09970931,958.7519,4.219388,68.2847,16.8949,284.1524,0.296581,7.49093,589.5486,1.7602
99.5,0.0997405,958.745,4.2194,68.285,16.895,284.12,0.29655,7.4915,589.53,1.76
99.51,0.09977169,958.7381,4.219412,68.2853,16.8951,284.0876,0.296519,7.49207,589.5114,1.7598
99.52,0.09980288,958.7312,4.219424,68.2856,16.8952,284.0552,0.296488,7.49264,589.4928,1.7596
99.53,0.09983407,958.7243,4.219436,68.2859,16.8953,284.0228,0.296457,7.49321,589.4742,1.7594
99.54,0.09986526,958.7174,4.219448,68.2862,16.8954,283.9904,0.296426,7.49378,589.4556,1.7592
99.55,0.09989645,958.7105,4.21946,68.2865,16.8955,283.958,0.296395,7.49435,589.437,1.759
99.56,0.09992764,958.7036,4.219472,68.2868,16.8956,283.9256,0.296364,7.49492,589.4184,1.7588
99.57,0.09995883,958.6967,4.219484,68.2871,16.8957,283.8932,0.296333,7.49549,589.3998,1.7586
99.58,0.09999002,958.6898,4.219496,68.2874,16.8958,283.8608,0.296302,7.49606,589.3812,1.7584
99.59,0.10002121,958.6829,4.219508,68.2877,16.8959,283.8284,0.296271,7.49663,589.3626,1.7582
99.6,0.1000524,958.676,4.21952,68.288,16.896,283.796,0.29624,7.4972,589.344,1.758
99.61,0.10008359,958.6691,4.219532,68.2883,16.8961,283.7636,0.296209,7.49777,589.3254,1.7578
99.62,0.10011478,958.6622,4.219544,68.2886,16.8962,283.7312,0.296178,7.49834,589.3068,1.7576
99.63,0.10014597,958.6553,4.219556,68.2889,16.8963,283.6988,0.296147,7.49891,589.2882,1.7574
99.64,0.10017716,958.6484,4.219568,68.2892,16.8964,283.6664,0.296116,7.49948,589.2696,1.7572
99.65,0.10020835,958.6415,4.21958,68.2895,16.8965,283.634,0.296085,7.50005,589.251,1.757
99.66,0.10023954,958.6346,4.219592,68.2898,16.8966,283.6016,0.296054,7.50062,589.2324,1.7568
99.67,0.10027073,958.6277,4.219604,68.2901,16.8967,283.5692,0.296023,7.50119,589.2138,1.7566
99.68,0.10030192,958.6208,4.219616,68.2904,16.8968,283.5368,0.295992,7.50176,589.1952,1.7564
99.69,0.10033311,958.6139,4.219628,68.2907,16.8969,283.5044,0.295961,7.50233,589.1766,1.7562
99.7,0.1003643,958.607,4.21964,68.291,16.897,283.472,0.29593,7.5029,589.158,1.756
99.71,0.10039549,958.6001,4.219652,68.2913,16.8971,283.4396,0.295899,7.50347,589.1394,1.7558
99.72,0.10042668,958.5932,4.219664,68.2916,16.8972,283.4072,0.295868,7.50404,589.1208,1.7556
99.73,0.10045787,958.5863,4.219676,68.2919,16.8973,283.3748,0.295837,7.50461,589.1022,1.7554
99.74,0.10048906,958.5794,4.219688,68.2922,16.8974,283.3424,0.295806,7.50518,589.0836,1.7552
99.75,0.10052025,958.5725,4.2197,68.2925,16.8975,283.31,0.295775,7.50575,589.065,1.755
99.76,0.10055144,958.5656,4.219712,68.2928,16.8976,283.2776,0.295744,7.50632,589.0464,1.7548
99.77,0.10058263,958.5587,4.219724,68.2931,16.8977,283.2452,0.295713,7.50689,589.0278,1.7546
99.78,0.10061382,958.5518,4.219736,68.2934,16.8978,283.2128,0.295682,7.50746,589.0092,1.7544
99.79,0.10064501,958.5449,4.219748,68.2937,16.8979,283.1804,0.295651,7.50803,588.9906,1.7542
99.8,0.1006762,958.538,4.21976,68.294,16.898,283.148,0.29562,7.5086,588.972,1.754
99.81,0.10070739,958.5311,4.219772,68.2943,16.8981,283.1156,0.295589,7.50917,588.9534,1.7538
99.82,0.10073858,958.5242,4.219784,68.2946,16.8982,283.0832,0.295558,7.50974,588.9348,1.7536
99.83,0.10076977,958.5173,4.219796,68.2949,16.8983,283.0508,0.295527,7.51031,588.9162,1.7534
99.84,0.10080096,958.5104,4.219808,68.2952,16.8984,283.0184,0.295496,7.51088,588.8976,1.7532
99.85,0.10083215,958.5035,4.21982,68.2955,16.8985,282.986,0.295465,7.51145,588.879,1.753
99.86,0.10086334,958.4966,4.219832,68.2958,16.8986,282.9536,0.295434,7.51202,588.8604,1.7528
99.87,0.10089453,958.4897,4.219844,68.2961,16.8987,282.9212,0.295403,7.51259,588.8418,1.7526
99.88,0.10092572,958.4828,4.219856,68.2964,16.8988,282.8888,0.295372,7.51316,588.8232,1.7524
99.89,0.10095691,958.4759,4.219868,68.2967,16.8989,282.8564,0.295341,7.51373,588.8046,1.7522
99.9,0.1009881,958.469,4.21988,68.297,16.899,282.824,0.29531,7.5143,588.786,1.752
99.91,0.10101929,958.4621,4.219892,68.2973,16.8991,282.7916,0.295279,7.51487,588.7674,1.7518
99.92,0.10105048,958.4552,4.219904,68.2976,16.8992,282.7592,0.295248,7.51544,588.7488,1.7516
99.93,0.10108167,958.4483,4.219916,68.2979,16.8993,282.7268,0.295217,7.51601,588.7302,1.7514
99.94,0.10111286,958.4414,4.219928,68.2982,16.8994,282.6944,0.295186,7.51658,588.7116,1.7512
99.95,0.10114405,958.4345,4.21994,68.2985,16.8995,282.662,0.295155,7.51715,588.693,1.751
99.96,0.10117524,958.4276,4.219952,68.2988,16.8996,282.6296,0.295124,7.51772,588.6744,1.7508
99.97,0.10120643,958.4207,4.219964,68.2991,16.8997,282.5972,0.295093,7.51829,588.6558,1.7506
99.98,0.10123762,958.4138,4.219976,68.2994,16.8998,282.5648,0.295062,7.51886,588.6372,1.7504
99.99,0.10126881,958.4069,4.219988,68.2997,16.8999,282.5324,0.295031,7.51943,588.6186,1.7502
100,0.1013,958.4,4.22,68.3,16.9,282.5,0.295,7.52,588.6,1.75